filename,label
image_0.jpg,1
image_1.jpg,1
image_3.jpg,1
image_4.jpg,1
image_5.jpg,1
image_6.jpg,1
image_7.jpg,0
image_8.jpg,0
image_9.jpg,0
image_10.jpg,1
image_13.jpg,0
image_14.jpg,1
image_15.jpg,1
image_17.jpg,0
image_18.jpg,1
image_19.jpg,1
image_20.jpg,0
image_21.jpg,1
image_22.jpg,1
image_23.jpg,1
image_24.jpg,1
image_25.jpg,1
image_26.jpg,0
image_27.jpg,0
image_28.jpg,1
image_29.jpg,1
image_30.jpg,0
image_31.jpg,1
image_32.jpg,1
image_33.jpg,1
image_34.jpg,1
image_35.jpg,1
image_37.jpg,0
image_38.jpg,1
image_39.jpg,1
image_40.jpg,1
image_42.jpg,0
image_43.jpg,0
image_44.jpg,1
image_45.jpg,1
image_46.jpg,0
image_47.jpg,0
image_48.jpg,0
image_49.jpg,1
image_50.jpg,0
image_51.jpg,1
image_52.jpg,1
image_53.jpg,1
image_55.jpg,0
image_56.jpg,1
image_57.jpg,1
image_58.jpg,1
image_59.jpg,1
image_60.jpg,1
image_61.jpg,1
image_62.jpg,1
image_63.jpg,0
image_64.jpg,0
image_65.jpg,0
image_66.jpg,0
image_67.jpg,1
image_68.jpg,1
image_69.jpg,1
image_70.jpg,1
image_71.jpg,1
image_72.jpg,0
image_73.jpg,1
image_74.jpg,0
image_75.jpg,1
image_76.jpg,1
image_77.jpg,1
image_78.jpg,0
image_79.jpg,0
image_80.jpg,0
image_81.jpg,1
image_82.jpg,1
image_83.jpg,1
image_84.jpg,1
image_85.jpg,1
image_86.jpg,1
image_87.jpg,1
image_88.jpg,1
image_89.jpg,0
image_90.jpg,1
image_92.jpg,1
image_94.jpg,0
image_95.jpg,1
image_96.jpg,0
image_97.jpg,1
image_98.jpg,1
image_99.jpg,1
image_100.jpg,0
image_101.jpg,1
image_102.jpg,1
image_103.jpg,1
image_105.jpg,0
image_106.jpg,0
image_107.jpg,1
image_109.jpg,1
image_110.jpg,0
image_111.jpg,1
image_0.jpg,1
image_1.jpg,1
image_2.jpg,0
image_3.jpg,1
image_4.jpg,1
image_5.jpg,1
image_6.jpg,1
image_7.jpg,0
image_8.jpg,0
image_9.jpg,0
image_10.jpg,1
image_11.jpg,0
image_12.jpg,0
image_13.jpg,0
image_14.jpg,1
image_15.jpg,1
image_16.jpg,1
image_17.jpg,0
image_18.jpg,1
image_19.jpg,1
image_20.jpg,0
image_21.jpg,0
image_22.jpg,1
image_23.jpg,1
image_24.jpg,1
image_25.jpg,1
image_26.jpg,0
image_27.jpg,0
image_28.jpg,1
image_29.jpg,1
image_30.jpg,0
image_31.jpg,1
image_32.jpg,1
image_33.jpg,1
image_34.jpg,1
image_35.jpg,1
image_36.jpg,0
image_37.jpg,0
image_38.jpg,1
image_39.jpg,1
image_40.jpg,1
image_41.jpg,1
image_42.jpg,0
image_43.jpg,0
image_44.jpg,1
image_45.jpg,1
image_46.jpg,0
image_47.jpg,0
image_48.jpg,0
image_49.jpg,1
image_50.jpg,0
image_51.jpg,1
image_52.jpg,1
image_53.jpg,1
image_54.jpg,1
image_55.jpg,0
image_56.jpg,1
image_57.jpg,1
image_58.jpg,1
image_59.jpg,1
image_60.jpg,1
image_61.jpg,1
image_62.jpg,1
image_63.jpg,0
image_64.jpg,0
image_65.jpg,0
image_66.jpg,0
image_67.jpg,1
image_68.jpg,1
image_69.jpg,1
image_70.jpg,1
image_71.jpg,1
image_72.jpg,0
image_73.jpg,1
image_74.jpg,0
image_75.jpg,1
image_76.jpg,1
image_77.jpg,1
image_78.jpg,0
image_79.jpg,0
image_80.jpg,0
image_81.jpg,1
image_82.jpg,1
image_83.jpg,1
image_84.jpg,1
image_85.jpg,1
image_86.jpg,1
image_87.jpg,1
image_88.jpg,1
image_89.jpg,0
image_90.jpg,1
image_91.jpg,1
image_92.jpg,1
image_93.jpg,0
image_94.jpg,0
image_95.jpg,1
image_96.jpg,0
image_97.jpg,1
image_98.jpg,1
image_99.jpg,1
image_100.jpg,0
image_101.jpg,1
image_102.jpg,1
image_103.jpg,1
image_104.jpg,1
image_105.jpg,0
image_106.jpg,0
image_107.jpg,1
image_108.jpg,1
image_109.jpg,1
image_110.jpg,0
image_111.jpg,1
image_112.jpg,1
image_113.jpg,0
image_114.jpg,0
image_115.jpg,0
image_116.jpg,1
image_117.jpg,1
image_118.jpg,1
image_119.jpg,0
image_120.jpg,1
image_121.jpg,1
image_122.jpg,1
image_123.jpg,1
image_124.jpg,1
image_125.jpg,0
image_126.jpg,1
image_127.jpg,1
image_128.jpg,0
image_129.jpg,1
image_130.jpg,0
image_131.jpg,1
image_132.jpg,0
image_133.jpg,0
image_134.jpg,1
image_135.jpg,1
image_136.jpg,0
image_137.jpg,0
image_138.jpg,1
image_139.jpg,0
image_140.jpg,0
image_141.jpg,1
image_142.jpg,1
image_143.jpg,1
image_144.jpg,0
image_145.jpg,1
image_146.jpg,1
image_147.jpg,1
image_148.jpg,1
image_149.jpg,0
image_150.jpg,1
image_151.jpg,1
image_152.jpg,0
image_153.jpg,1
image_154.jpg,1
image_155.jpg,1
image_156.jpg,1
image_157.jpg,1
image_158.jpg,1
image_159.jpg,0
image_160.jpg,0
image_161.jpg,1
image_162.jpg,0
image_163.jpg,1
image_164.jpg,1
image_165.jpg,1
image_166.jpg,0
image_167.jpg,0
image_168.jpg,1
image_169.jpg,1
image_170.jpg,1
image_171.jpg,1
image_172.jpg,1
image_173.jpg,1
image_174.jpg,1
image_175.jpg,1
image_176.jpg,0
image_177.jpg,1
image_178.jpg,0
image_179.jpg,1
image_180.jpg,0
image_181.jpg,1
image_182.jpg,1
image_183.jpg,0
image_184.jpg,1
image_185.jpg,1
image_186.jpg,1
image_187.jpg,0
image_188.jpg,1
image_189.jpg,1
image_190.jpg,0
image_191.jpg,1
image_192.jpg,1
image_193.jpg,1
image_194.jpg,1
image_195.jpg,1
image_196.jpg,1
image_197.jpg,1
image_198.jpg,1
image_199.jpg,0
image_200.jpg,0
image_201.jpg,1
image_202.jpg,1
image_203.jpg,0
image_204.jpg,1
image_205.jpg,1
image_206.jpg,0
image_207.jpg,1
image_208.jpg,1
image_209.jpg,1
image_210.jpg,1
image_211.jpg,1
image_212.jpg,1
image_213.jpg,1
image_214.jpg,1
image_215.jpg,1
image_216.jpg,0
image_217.jpg,1
image_218.jpg,1
image_219.jpg,0
image_220.jpg,0
image_221.jpg,0
image_222.jpg,1
image_223.jpg,1
image_224.jpg,0
image_225.jpg,1
image_226.jpg,1
image_227.jpg,1
image_228.jpg,1
image_229.jpg,1
image_230.jpg,1
image_231.jpg,0
image_232.jpg,1
image_233.jpg,1
image_234.jpg,1
image_235.jpg,1
image_236.jpg,1
image_237.jpg,1
image_238.jpg,1
image_239.jpg,1
image_240.jpg,1
image_241.jpg,0
image_242.jpg,1
image_243.jpg,1
image_244.jpg,1
image_245.jpg,1
image_246.jpg,1
image_247.jpg,0
image_248.jpg,1
image_249.jpg,1
image_250.jpg,1
image_251.jpg,0
image_252.jpg,1
image_253.jpg,0
image_254.jpg,1
image_255.jpg,1
image_256.jpg,1
image_257.jpg,1
image_258.jpg,0
image_259.jpg,1
image_260.jpg,1
image_261.jpg,1
image_262.jpg,0
image_263.jpg,1
image_264.jpg,1
image_265.jpg,1
image_266.jpg,0
image_267.jpg,1
image_268.jpg,1
image_269.jpg,1
image_270.jpg,1
image_271.jpg,1
image_272.jpg,1
image_273.jpg,0
image_274.jpg,1
image_275.jpg,1
image_276.jpg,1
image_277.jpg,1
image_278.jpg,1
image_279.jpg,0
image_280.jpg,1
image_281.jpg,1
image_282.jpg,0
image_283.jpg,1
image_284.jpg,1
image_285.jpg,1
image_286.jpg,1
image_287.jpg,1
image_288.jpg,0
image_289.jpg,0
image_290.jpg,0
image_291.jpg,0
image_292.jpg,1
image_293.jpg,1
image_294.jpg,1
image_295.jpg,0
image_296.jpg,1
image_297.jpg,0
image_298.jpg,1
image_299.jpg,1
image_300.jpg,1
image_301.jpg,1
image_302.jpg,0
image_303.jpg,0
image_304.jpg,0
image_305.jpg,1
image_306.jpg,1
image_307.jpg,1
image_308.jpg,0
image_309.jpg,1
image_310.jpg,1
image_311.jpg,1
image_312.jpg,1
image_313.jpg,0
image_314.jpg,1
image_315.jpg,0
image_316.jpg,0
image_317.jpg,1
image_318.jpg,1
image_319.jpg,0
image_320.jpg,1
image_321.jpg,1
image_322.jpg,1
image_323.jpg,1
image_324.jpg,0
image_325.jpg,1
image_326.jpg,0
image_327.jpg,0
image_328.jpg,1
image_329.jpg,0
image_330.jpg,1
image_331.jpg,1
image_332.jpg,1
image_333.jpg,1
image_334.jpg,1
image_335.jpg,0
image_336.jpg,1
image_337.jpg,0
image_338.jpg,0
image_339.jpg,0
image_340.jpg,1
image_341.jpg,0
image_342.jpg,1
image_343.jpg,0
image_344.jpg,1
image_345.jpg,1
image_346.jpg,0
image_347.jpg,1
image_348.jpg,1
image_349.jpg,1
image_350.jpg,1
image_351.jpg,1
image_352.jpg,0
image_353.jpg,1
image_354.jpg,1
image_355.jpg,0
image_356.jpg,1
image_357.jpg,1
image_358.jpg,1
image_359.jpg,0
image_360.jpg,0
image_361.jpg,1
image_362.jpg,1
image_363.jpg,0
image_364.jpg,1
image_365.jpg,1
image_366.jpg,0
image_367.jpg,0
image_368.jpg,1
image_369.jpg,1
image_370.jpg,1
image_371.jpg,1
image_372.jpg,1
image_373.jpg,1
image_374.jpg,1
image_375.jpg,1
image_376.jpg,1
image_377.jpg,0
image_378.jpg,1
image_379.jpg,0
image_380.jpg,1
image_381.jpg,1
image_382.jpg,1
image_383.jpg,1
image_384.jpg,0
image_385.jpg,0
image_386.jpg,1
image_387.jpg,1
image_388.jpg,1
image_389.jpg,1
image_390.jpg,1
image_391.jpg,1
image_392.jpg,1
image_393.jpg,1
image_394.jpg,1
image_395.jpg,1
image_396.jpg,1
image_397.jpg,0
image_398.jpg,1
image_399.jpg,1
image_400.jpg,0
image_401.jpg,0
image_402.jpg,0
image_403.jpg,1
image_404.jpg,1
image_405.jpg,1
image_406.jpg,1
image_407.jpg,1
image_408.jpg,1
image_409.jpg,1
image_410.jpg,0
image_411.jpg,1
image_412.jpg,1
image_413.jpg,0
image_414.jpg,0
image_415.jpg,1
image_416.jpg,0
image_417.jpg,1
image_418.jpg,0
image_419.jpg,1
image_420.jpg,1
image_421.jpg,1
image_422.jpg,1
image_423.jpg,1
image_424.jpg,1
image_425.jpg,1
image_426.jpg,1
image_427.jpg,0
image_428.jpg,1
image_429.jpg,0
image_430.jpg,1
image_431.jpg,1
image_432.jpg,1
image_433.jpg,1
image_434.jpg,1
image_435.jpg,1
image_436.jpg,1
image_437.jpg,0
image_438.jpg,1
image_439.jpg,0
image_440.jpg,1
image_441.jpg,1
image_442.jpg,1
image_443.jpg,0
image_444.jpg,1
image_445.jpg,0
image_446.jpg,0
image_447.jpg,1
image_448.jpg,0
image_449.jpg,0
image_450.jpg,1
image_451.jpg,1
image_452.jpg,0
image_453.jpg,0
image_454.jpg,0
image_455.jpg,0
image_456.jpg,1
image_457.jpg,1
image_458.jpg,1
image_459.jpg,1
image_460.jpg,1
image_461.jpg,1
image_462.jpg,0
image_463.jpg,1
image_464.jpg,1
image_465.jpg,1
image_466.jpg,0
image_467.jpg,1
image_468.jpg,0
image_469.jpg,1
image_470.jpg,1
image_471.jpg,1
image_472.jpg,1
image_473.jpg,0
image_474.jpg,1
image_475.jpg,0
image_476.jpg,1
image_477.jpg,1
image_478.jpg,1
image_479.jpg,1
image_480.jpg,0
image_481.jpg,0
image_482.jpg,1
image_483.jpg,0
image_484.jpg,1
image_485.jpg,1
image_486.jpg,1
image_487.jpg,1
image_488.jpg,1
image_489.jpg,0
image_490.jpg,0
image_491.jpg,1
image_492.jpg,0
image_493.jpg,1
image_494.jpg,1
image_495.jpg,1
image_496.jpg,1
image_497.jpg,1
image_498.jpg,1
image_499.jpg,1
image_500.jpg,1
image_501.jpg,0
image_502.jpg,0
image_503.jpg,1
image_504.jpg,0
image_505.jpg,0
image_506.jpg,1
image_507.jpg,1
image_508.jpg,1
image_509.jpg,0
image_510.jpg,0
image_511.jpg,1
image_512.jpg,0
image_513.jpg,1
image_514.jpg,1
image_515.jpg,1
image_516.jpg,1
image_517.jpg,1
image_518.jpg,0
image_519.jpg,0
image_520.jpg,1
image_521.jpg,1
image_522.jpg,0
image_523.jpg,1
image_524.jpg,1
image_525.jpg,1
image_526.jpg,1
image_527.jpg,1
image_528.jpg,1
image_529.jpg,0
image_530.jpg,1
image_531.jpg,1
image_532.jpg,1
image_533.jpg,0
image_534.jpg,1
image_535.jpg,1
image_536.jpg,1
image_537.jpg,1
image_538.jpg,0
image_539.jpg,1
image_540.jpg,1
image_541.jpg,0
image_542.jpg,1
image_543.jpg,1
image_544.jpg,1
image_545.jpg,0
image_546.jpg,1
image_547.jpg,1
image_548.jpg,0
image_549.jpg,1
image_550.jpg,1
image_551.jpg,1
image_552.jpg,1
image_553.jpg,1
image_554.jpg,1
image_555.jpg,1
image_556.jpg,1
image_557.jpg,1
image_558.jpg,1
image_559.jpg,0
image_560.jpg,0
image_561.jpg,0
image_562.jpg,0
image_563.jpg,1
image_564.jpg,0
image_565.jpg,1
image_566.jpg,0
image_567.jpg,0
image_568.jpg,0
image_569.jpg,0
image_570.jpg,0
image_571.jpg,1
image_572.jpg,0
image_573.jpg,1
image_574.jpg,1
image_575.jpg,1
image_576.jpg,1
image_577.jpg,1
image_578.jpg,1
image_579.jpg,1
image_580.jpg,1
image_581.jpg,1
image_582.jpg,0
image_583.jpg,0
image_584.jpg,1
image_585.jpg,1
image_586.jpg,0
image_587.jpg,1
image_588.jpg,1
image_589.jpg,0
image_590.jpg,0
image_591.jpg,1
image_592.jpg,1
image_593.jpg,1
image_594.jpg,1
image_595.jpg,1
image_596.jpg,1
image_597.jpg,0
image_598.jpg,1
image_599.jpg,1
image_600.jpg,1
image_601.jpg,1
image_602.jpg,1
image_603.jpg,0
image_604.jpg,1
image_605.jpg,0
image_606.jpg,0
image_607.jpg,0
image_608.jpg,1
image_609.jpg,1
image_610.jpg,1
image_611.jpg,0
image_612.jpg,0
image_613.jpg,0
image_614.jpg,0
image_615.jpg,1
image_616.jpg,1
image_617.jpg,1
image_618.jpg,1
image_619.jpg,1
image_620.jpg,1
image_621.jpg,1
image_622.jpg,0
image_623.jpg,1
image_624.jpg,1
image_625.jpg,1
image_626.jpg,1
image_627.jpg,1
image_628.jpg,0
image_629.jpg,1
image_630.jpg,0
image_631.jpg,1
image_632.jpg,0
image_633.jpg,1
image_634.jpg,0
image_635.jpg,1
image_636.jpg,1
image_637.jpg,1
image_638.jpg,0
image_639.jpg,0
image_640.jpg,1
image_641.jpg,1
image_642.jpg,1
image_643.jpg,1
image_644.jpg,0
image_645.jpg,0
image_646.jpg,1
image_647.jpg,0
image_648.jpg,1
image_649.jpg,0
image_650.jpg,0
image_651.jpg,1
image_652.jpg,1
image_653.jpg,0
image_654.jpg,1
image_655.jpg,0
image_656.jpg,1
image_657.jpg,1
image_658.jpg,0
image_659.jpg,1
image_660.jpg,1
image_661.jpg,1
image_662.jpg,1
image_663.jpg,0
image_664.jpg,1
image_665.jpg,0
image_666.jpg,1
image_667.jpg,1
image_668.jpg,0
image_669.jpg,1
image_670.jpg,1
image_671.jpg,1
image_672.jpg,1
image_673.jpg,1
image_674.jpg,0
image_675.jpg,1
image_676.jpg,0
image_677.jpg,1
image_678.jpg,1
image_679.jpg,0
image_680.jpg,1
image_681.jpg,0
image_682.jpg,1
image_683.jpg,1
image_684.jpg,1
image_685.jpg,1
image_686.jpg,0
image_687.jpg,1
image_688.jpg,0
image_689.jpg,0
image_690.jpg,0
image_691.jpg,1
image_692.jpg,1
image_693.jpg,0
image_694.jpg,1
image_695.jpg,0
image_696.jpg,1
image_697.jpg,1
image_698.jpg,1
image_699.jpg,1
image_700.jpg,0
image_701.jpg,0
image_702.jpg,1
image_703.jpg,0
image_704.jpg,1
image_705.jpg,0
image_706.jpg,1
image_707.jpg,1
image_708.jpg,0
image_709.jpg,1
image_710.jpg,0
image_711.jpg,1
image_712.jpg,0
image_713.jpg,1
image_714.jpg,1
image_715.jpg,1
image_716.jpg,1
image_717.jpg,0
image_718.jpg,0
image_719.jpg,0
image_720.jpg,0
image_721.jpg,1
image_722.jpg,0
image_723.jpg,1
image_724.jpg,0
image_725.jpg,1
image_726.jpg,1
image_727.jpg,1
image_728.jpg,0
image_729.jpg,1
image_730.jpg,1
image_731.jpg,1
image_732.jpg,1
image_733.jpg,0
image_734.jpg,1
image_735.jpg,1
image_736.jpg,1
image_737.jpg,1
image_738.jpg,1
image_739.jpg,0
image_740.jpg,0
image_741.jpg,1
image_742.jpg,0
image_743.jpg,1
image_744.jpg,1
image_745.jpg,1
image_746.jpg,0
image_747.jpg,1
image_748.jpg,1
image_749.jpg,0
image_750.jpg,1
image_751.jpg,0
image_752.jpg,0
image_753.jpg,1
image_754.jpg,1
image_755.jpg,1
image_756.jpg,1
image_757.jpg,0
image_758.jpg,1
image_759.jpg,0
image_760.jpg,1
image_761.jpg,1
image_762.jpg,1
image_763.jpg,1
image_764.jpg,0
image_765.jpg,1
image_766.jpg,1
image_767.jpg,0
image_768.jpg,0
image_769.jpg,0
image_770.jpg,1
image_771.jpg,1
image_772.jpg,1
image_773.jpg,1
image_774.jpg,1
image_775.jpg,1
image_776.jpg,1
image_777.jpg,0
image_778.jpg,1
image_779.jpg,1
image_780.jpg,1
image_781.jpg,0
image_782.jpg,1
image_783.jpg,1
image_784.jpg,1
image_785.jpg,1
image_786.jpg,0
image_787.jpg,0
image_788.jpg,0
image_789.jpg,1
image_790.jpg,1
image_791.jpg,1
image_792.jpg,0
image_793.jpg,0
image_794.jpg,1
image_795.jpg,1
image_796.jpg,0
image_797.jpg,1
image_798.jpg,1
image_799.jpg,0
image_800.jpg,0
image_801.jpg,1
image_802.jpg,1
image_803.jpg,1
image_804.jpg,1
image_805.jpg,0
image_806.jpg,0
image_807.jpg,0
image_808.jpg,1
image_809.jpg,1
image_810.jpg,1
image_811.jpg,1
image_812.jpg,1
image_813.jpg,1
image_814.jpg,0
image_815.jpg,0
image_816.jpg,1
image_817.jpg,1
image_818.jpg,0
image_819.jpg,0
image_820.jpg,0
image_821.jpg,1
image_822.jpg,1
image_823.jpg,1
image_824.jpg,1
image_825.jpg,0
image_826.jpg,0
image_827.jpg,1
image_828.jpg,1
image_829.jpg,1
image_830.jpg,0
image_831.jpg,1
image_832.jpg,1
image_833.jpg,1
image_834.jpg,0
image_835.jpg,0
image_836.jpg,0
image_837.jpg,1
image_838.jpg,1
image_839.jpg,1
image_840.jpg,1
image_841.jpg,0
image_842.jpg,1
image_843.jpg,0
image_844.jpg,1
image_845.jpg,0
image_846.jpg,1
image_847.jpg,1
image_848.jpg,1
image_849.jpg,0
image_850.jpg,1
image_851.jpg,0
image_852.jpg,0
image_853.jpg,1
image_854.jpg,1
image_855.jpg,0
image_856.jpg,1
image_857.jpg,1
image_858.jpg,1
image_859.jpg,0
image_860.jpg,1
image_861.jpg,1
image_862.jpg,1
image_863.jpg,1
image_864.jpg,1
image_865.jpg,1
image_866.jpg,1
image_867.jpg,1
image_868.jpg,1
image_869.jpg,0
image_870.jpg,1
image_871.jpg,1
image_872.jpg,1
image_873.jpg,0
image_874.jpg,1
image_875.jpg,1
image_876.jpg,1
image_877.jpg,0
image_878.jpg,1
image_879.jpg,1
image_880.jpg,1
image_881.jpg,1
image_882.jpg,1
image_883.jpg,0
image_884.jpg,1
image_885.jpg,1
image_886.jpg,1
image_887.jpg,1
image_888.jpg,1
image_889.jpg,0
image_890.jpg,0
image_891.jpg,1
image_892.jpg,1
image_893.jpg,0
image_894.jpg,1
image_895.jpg,0
image_896.jpg,1
image_897.jpg,1
image_898.jpg,0
image_899.jpg,1
image_900.jpg,1
image_901.jpg,1
image_902.jpg,1
image_903.jpg,0
image_904.jpg,1
image_905.jpg,1
image_906.jpg,0
image_907.jpg,0
image_908.jpg,1
image_909.jpg,0
image_910.jpg,1
image_911.jpg,0
image_912.jpg,1
image_913.jpg,0
image_914.jpg,1
image_915.jpg,1
image_916.jpg,1
image_917.jpg,1
image_918.jpg,1
image_919.jpg,0
image_920.jpg,1
image_921.jpg,1
image_922.jpg,1
image_923.jpg,0
image_924.jpg,0
image_925.jpg,1
image_926.jpg,0
image_927.jpg,1
image_928.jpg,0
image_929.jpg,1
image_930.jpg,1
image_931.jpg,1
image_932.jpg,0
image_933.jpg,1
image_934.jpg,1
image_935.jpg,0
image_936.jpg,1
image_937.jpg,1
image_938.jpg,0
image_939.jpg,1
image_940.jpg,1
image_941.jpg,1
image_942.jpg,0
image_943.jpg,1
image_944.jpg,1
image_945.jpg,0
image_946.jpg,0
image_947.jpg,1
image_948.jpg,1
image_949.jpg,1
image_950.jpg,1
image_951.jpg,0
image_952.jpg,0
image_953.jpg,1
image_954.jpg,1
image_955.jpg,1
image_956.jpg,1
image_957.jpg,1
image_958.jpg,0
image_959.jpg,1
image_960.jpg,1
image_961.jpg,0
image_962.jpg,1
image_963.jpg,0
image_964.jpg,1
image_965.jpg,0
image_966.jpg,1
image_967.jpg,1
image_968.jpg,0
image_969.jpg,1
image_970.jpg,0
image_971.jpg,1
image_972.jpg,1
image_973.jpg,0
image_974.jpg,1
image_975.jpg,0
image_976.jpg,1
image_977.jpg,1
image_978.jpg,1
image_979.jpg,1
image_980.jpg,1
image_981.jpg,1
image_982.jpg,0
image_983.jpg,1
image_984.jpg,1
image_985.jpg,0
image_986.jpg,0
image_987.jpg,0
image_988.jpg,1
image_989.jpg,0
image_990.jpg,0
image_991.jpg,1
image_992.jpg,1
image_993.jpg,1
image_994.jpg,1
image_995.jpg,0
image_996.jpg,0
image_997.jpg,1
image_998.jpg,1
image_999.jpg,1
image_1000.jpg,1
image_1001.jpg,0
image_1002.jpg,0
image_1003.jpg,1
image_1004.jpg,1
image_1005.jpg,1
image_1006.jpg,1
image_1007.jpg,0
image_1008.jpg,1
image_1009.jpg,1
image_1010.jpg,0
image_1011.jpg,1
image_1012.jpg,0
image_1013.jpg,1
image_1014.jpg,1
image_1015.jpg,1
image_1016.jpg,0
image_1017.jpg,1
image_1018.jpg,1
image_1019.jpg,1
image_1020.jpg,1
image_1021.jpg,0
image_1022.jpg,1
image_1023.jpg,0
image_1024.jpg,0
image_1025.jpg,1
image_1026.jpg,1
image_1027.jpg,1
image_1028.jpg,1
image_1029.jpg,0
image_1030.jpg,1
image_1031.jpg,0
image_1032.jpg,1
image_1033.jpg,1
image_1034.jpg,0
image_1035.jpg,0
image_1036.jpg,1
image_1037.jpg,1
image_1038.jpg,1
image_1039.jpg,1
image_1040.jpg,0
image_1041.jpg,1
image_1042.jpg,1
image_1043.jpg,0
image_1044.jpg,0
image_1045.jpg,1
image_1046.jpg,0
image_1047.jpg,0
image_1048.jpg,1
image_1049.jpg,1
image_1050.jpg,0
image_1051.jpg,1
image_1052.jpg,1
image_1053.jpg,1
image_1054.jpg,0
image_1055.jpg,0
image_1056.jpg,1
image_1057.jpg,0
image_1058.jpg,1
image_1059.jpg,1
image_1060.jpg,1
image_1061.jpg,1
image_1062.jpg,1
image_1063.jpg,1
image_1064.jpg,1
image_1065.jpg,1
image_1066.jpg,0
image_1067.jpg,0
image_1068.jpg,0
image_1069.jpg,1
image_1070.jpg,1
image_1071.jpg,0
image_1072.jpg,1
image_1073.jpg,1
image_1074.jpg,0
image_1075.jpg,1
image_1076.jpg,1
image_1077.jpg,0
image_1078.jpg,1
image_1079.jpg,1
image_1080.jpg,0
image_1081.jpg,1
image_1082.jpg,0
image_1083.jpg,0
image_1084.jpg,1
image_1085.jpg,1
image_1086.jpg,0
image_1087.jpg,1
image_1088.jpg,0
image_1089.jpg,1
image_1090.jpg,1
image_1091.jpg,1
image_1092.jpg,1
image_1093.jpg,1
image_1094.jpg,1
image_1095.jpg,1
image_1096.jpg,0
image_1097.jpg,1
image_1098.jpg,1
image_1099.jpg,1
image_1100.jpg,1
image_1101.jpg,0
image_1102.jpg,1
image_1103.jpg,0
image_1104.jpg,0
image_1105.jpg,1
image_1106.jpg,1
image_1107.jpg,1
image_1108.jpg,1
image_1109.jpg,1
image_1110.jpg,1
image_1111.jpg,0
image_1112.jpg,0
image_1113.jpg,1
image_1114.jpg,1
image_1115.jpg,1
image_1116.jpg,1
image_1117.jpg,1
image_1118.jpg,1
image_1119.jpg,1
image_1120.jpg,1
image_1121.jpg,1
image_1122.jpg,1
image_1123.jpg,0
image_1124.jpg,1
image_1125.jpg,0
image_1126.jpg,1
image_1127.jpg,0
image_1128.jpg,1
image_1129.jpg,1
image_1130.jpg,1
image_1131.jpg,1
image_1132.jpg,1
image_1133.jpg,1
image_1134.jpg,1
image_1135.jpg,1
image_1136.jpg,1
image_1137.jpg,1
image_1138.jpg,1
image_1139.jpg,0
image_1140.jpg,0
image_1141.jpg,0
image_1142.jpg,1
image_1143.jpg,1
image_1144.jpg,0
image_1145.jpg,1
image_1146.jpg,0
image_1147.jpg,1
image_1148.jpg,1
image_1149.jpg,1
image_1150.jpg,1
image_1151.jpg,0
image_1152.jpg,1
image_1153.jpg,1
image_1154.jpg,0
image_1155.jpg,0
image_1156.jpg,1
image_1157.jpg,1
image_1158.jpg,0
image_1159.jpg,1
image_1160.jpg,1
image_1161.jpg,1
image_1162.jpg,0
image_1163.jpg,1
image_1164.jpg,1
image_1165.jpg,1
image_1166.jpg,1
image_1167.jpg,1
image_1168.jpg,1
image_1169.jpg,0
image_1170.jpg,1
image_1171.jpg,1
image_1172.jpg,0
image_1173.jpg,1
image_1174.jpg,0
image_1175.jpg,1
image_1176.jpg,1
image_1177.jpg,0
image_1178.jpg,1
image_1179.jpg,0
image_1180.jpg,0
image_1181.jpg,0
image_1182.jpg,1
image_1183.jpg,1
image_1184.jpg,1
image_1185.jpg,1
image_1186.jpg,0
image_1187.jpg,0
image_1188.jpg,1
image_1189.jpg,1
image_1190.jpg,1
image_1191.jpg,1
image_1192.jpg,1
image_1193.jpg,0
image_1194.jpg,1
image_1195.jpg,1
image_1196.jpg,0
image_1197.jpg,1
image_1198.jpg,1
image_1199.jpg,0
image_1200.jpg,1
image_1201.jpg,1
image_1202.jpg,1
image_1203.jpg,0
image_1204.jpg,0
image_1205.jpg,1
image_1206.jpg,1
image_1207.jpg,0
image_1208.jpg,1
image_1209.jpg,1
image_1210.jpg,1
image_1211.jpg,0
image_1212.jpg,0
image_1213.jpg,1
image_1214.jpg,0
image_1215.jpg,0
image_1216.jpg,1
image_1217.jpg,0
image_1218.jpg,0
image_1219.jpg,0
image_1220.jpg,0
image_1221.jpg,1
image_1222.jpg,0
image_1223.jpg,1
image_1224.jpg,1
image_1225.jpg,1
image_1226.jpg,1
image_1227.jpg,1
image_1228.jpg,1
image_1229.jpg,0
image_1230.jpg,1
image_1231.jpg,0
image_1232.jpg,0
image_1233.jpg,1
image_1234.jpg,0
image_1235.jpg,0
image_1236.jpg,0
image_1237.jpg,0
image_1238.jpg,1
image_1239.jpg,0
image_1240.jpg,0
image_1241.jpg,1
image_1242.jpg,1
image_1243.jpg,0
image_1244.jpg,1
image_1245.jpg,0
image_1246.jpg,1
image_1247.jpg,0
image_1248.jpg,1
image_1249.jpg,1
image_1250.jpg,0
image_1251.jpg,0
image_1252.jpg,0
image_1253.jpg,0
image_1254.jpg,1
image_1255.jpg,1
image_1256.jpg,0
image_1257.jpg,1
image_1258.jpg,1
image_1259.jpg,1
image_1260.jpg,1
image_1261.jpg,0
image_1262.jpg,1
image_1263.jpg,1
image_1264.jpg,0
image_1265.jpg,1
image_1266.jpg,1
image_1267.jpg,1
image_1268.jpg,1
image_1269.jpg,1
image_1270.jpg,0
image_1271.jpg,1
image_1272.jpg,1
image_1273.jpg,1
image_1274.jpg,1
image_1275.jpg,0
image_1276.jpg,1
image_1277.jpg,0
image_1278.jpg,1
image_1279.jpg,1
image_1280.jpg,1
image_1281.jpg,0
image_1282.jpg,1
image_1283.jpg,0
image_1284.jpg,1
image_1285.jpg,0
image_1286.jpg,1
image_1287.jpg,0
image_1288.jpg,1
image_1289.jpg,1
image_1290.jpg,1
image_1291.jpg,0
image_1292.jpg,1
image_1293.jpg,1
image_1294.jpg,1
image_1295.jpg,0
image_1296.jpg,0
image_1297.jpg,1
image_1298.jpg,1
image_1299.jpg,0
image_1300.jpg,1
image_1301.jpg,0
image_1302.jpg,0
image_1303.jpg,1
image_1304.jpg,1
image_1305.jpg,1
image_1306.jpg,1
image_1307.jpg,0
image_1308.jpg,0
image_1309.jpg,1
image_1310.jpg,0
image_1311.jpg,1
image_1312.jpg,1
image_1313.jpg,1
image_1314.jpg,1
image_1315.jpg,1
image_1316.jpg,1
image_1317.jpg,0
image_1318.jpg,1
image_1319.jpg,1
image_1320.jpg,1
image_1321.jpg,1
image_1322.jpg,1
image_1323.jpg,0
image_1324.jpg,1
image_1325.jpg,1
image_1326.jpg,0
image_1327.jpg,1
image_1328.jpg,0
image_1329.jpg,0
image_1330.jpg,1
image_1331.jpg,1
image_1332.jpg,0
image_1333.jpg,1
image_1334.jpg,0
image_1335.jpg,0
image_1336.jpg,1
image_1337.jpg,1
image_1338.jpg,1
image_1339.jpg,1
image_1340.jpg,1
image_1341.jpg,1
image_1342.jpg,1
image_1343.jpg,1
image_1344.jpg,1
image_1345.jpg,1
image_1346.jpg,1
image_1347.jpg,1
image_1348.jpg,1
image_1349.jpg,1
image_1350.jpg,0
image_1351.jpg,1
image_1352.jpg,0
image_1353.jpg,1
image_1354.jpg,1
image_1355.jpg,1
image_1356.jpg,1
image_1357.jpg,0
image_1358.jpg,1
image_1359.jpg,1
image_1360.jpg,1
image_1361.jpg,0
image_1362.jpg,1
image_1363.jpg,1
image_1364.jpg,0
image_1365.jpg,1
image_1366.jpg,1
image_1367.jpg,1
image_1368.jpg,1
image_1369.jpg,1
image_1370.jpg,1
image_1371.jpg,0
image_1372.jpg,1
image_1373.jpg,1
image_1374.jpg,1
image_1375.jpg,1
image_1376.jpg,1
image_1377.jpg,1
image_1378.jpg,1
image_1379.jpg,1
image_1380.jpg,1
image_1381.jpg,1
image_1382.jpg,1
image_1383.jpg,1
image_1384.jpg,1
image_1385.jpg,0
image_1386.jpg,0
image_1387.jpg,1
image_1388.jpg,1
image_1389.jpg,1
image_1390.jpg,1
image_1391.jpg,0
image_1392.jpg,1
image_1393.jpg,1
image_1394.jpg,1
image_1395.jpg,1
image_1396.jpg,0
image_1397.jpg,0
image_1398.jpg,1
image_1399.jpg,1
image_1400.jpg,0
image_1401.jpg,1
image_1402.jpg,0
image_1403.jpg,1
image_1404.jpg,0
image_1405.jpg,0
image_1406.jpg,1
image_1407.jpg,0
image_1408.jpg,1
image_1409.jpg,0
image_1410.jpg,0
image_1411.jpg,1
image_1412.jpg,1
image_1413.jpg,1
image_1414.jpg,0
image_1415.jpg,0
image_1416.jpg,1
image_1417.jpg,1
image_1418.jpg,1
image_1419.jpg,1
image_1420.jpg,0
image_1421.jpg,1
image_1422.jpg,1
image_1423.jpg,1
image_1424.jpg,1
image_1425.jpg,1
image_1426.jpg,0
image_1427.jpg,1
image_1428.jpg,0
image_1429.jpg,1
image_1430.jpg,1
image_1431.jpg,1
image_1432.jpg,1
image_1433.jpg,0
image_1434.jpg,1
image_1435.jpg,1
image_1436.jpg,0
image_1437.jpg,0
image_1438.jpg,1
image_1439.jpg,1
image_1440.jpg,1
image_1441.jpg,1
image_1442.jpg,0
image_1443.jpg,1
image_1444.jpg,1
image_1445.jpg,1
image_1446.jpg,1
image_1447.jpg,0
image_1448.jpg,1
image_1449.jpg,1
image_1450.jpg,1
image_1451.jpg,1
image_1452.jpg,0
image_1453.jpg,1
image_1454.jpg,0
image_1455.jpg,0
image_1456.jpg,0
image_1457.jpg,0
image_1458.jpg,1
image_1459.jpg,1
image_1460.jpg,0
image_1461.jpg,1
image_1462.jpg,1
image_1463.jpg,1
image_1464.jpg,0
image_1465.jpg,1
image_1466.jpg,1
image_1467.jpg,0
image_1468.jpg,1
image_1469.jpg,1
image_1470.jpg,1
image_1471.jpg,1
image_1472.jpg,1
image_1473.jpg,0
image_1474.jpg,1
image_1475.jpg,1
image_1476.jpg,1
image_1477.jpg,0
image_1478.jpg,1
image_1479.jpg,1
image_1480.jpg,1
image_1481.jpg,1
image_1482.jpg,1
image_1483.jpg,1
image_1484.jpg,1
image_1485.jpg,1
image_1486.jpg,0
image_1487.jpg,0
image_1488.jpg,1
image_1489.jpg,1
image_1490.jpg,0
image_1491.jpg,1
image_1492.jpg,1
image_1493.jpg,0
image_1494.jpg,1
image_1495.jpg,1
image_1496.jpg,1
image_1497.jpg,0
image_1498.jpg,1
image_1499.jpg,1
image_1500.jpg,1
image_1501.jpg,1
image_1502.jpg,1
image_1503.jpg,1
image_1504.jpg,1
image_1505.jpg,0
image_1506.jpg,1
image_1507.jpg,1
image_1508.jpg,1
image_1509.jpg,1
image_1510.jpg,0
image_1511.jpg,1
image_1512.jpg,0
image_1513.jpg,1
image_1514.jpg,1
image_1515.jpg,1
image_1516.jpg,1
image_1517.jpg,1
image_1518.jpg,1
image_1519.jpg,1
image_1520.jpg,1
image_1521.jpg,0
image_1522.jpg,1
image_1523.jpg,0
image_1524.jpg,0
image_1525.jpg,0
image_1526.jpg,1
image_1527.jpg,1
image_1528.jpg,1
image_1529.jpg,1
image_1530.jpg,1
image_1531.jpg,0
image_1532.jpg,1
image_1533.jpg,1
image_1534.jpg,0
image_1535.jpg,0
image_1536.jpg,1
image_1537.jpg,1
image_1538.jpg,1
image_1539.jpg,1
image_1540.jpg,0
image_1541.jpg,1
image_1542.jpg,1
image_1543.jpg,0
image_1544.jpg,1
image_1545.jpg,1
image_1546.jpg,1
image_1547.jpg,1
image_1548.jpg,0
image_1549.jpg,1
image_1550.jpg,1
image_1551.jpg,0
image_1552.jpg,0
image_1553.jpg,1
image_1554.jpg,1
image_1555.jpg,1
image_1556.jpg,1
image_1557.jpg,1
image_1558.jpg,1
image_1559.jpg,1
image_1560.jpg,1
image_1561.jpg,1
image_1562.jpg,1
image_1563.jpg,1
image_1564.jpg,0
image_1565.jpg,1
image_1566.jpg,1
image_1567.jpg,1
image_1568.jpg,0
image_1569.jpg,1
image_1570.jpg,1
image_1571.jpg,0
image_1572.jpg,0
image_1573.jpg,1
image_1574.jpg,0
image_1575.jpg,0
image_1576.jpg,1
image_1577.jpg,1
image_1578.jpg,1
image_1579.jpg,0
image_1580.jpg,1
image_1581.jpg,1
image_1582.jpg,1
image_1583.jpg,0
image_1584.jpg,1
image_1585.jpg,1
image_1586.jpg,1
image_1587.jpg,1
image_1588.jpg,1
image_1589.jpg,1
image_1590.jpg,1
image_1591.jpg,1
image_1592.jpg,0
image_1593.jpg,1
image_1594.jpg,1
image_1595.jpg,1
image_1596.jpg,1
image_1597.jpg,0
image_1598.jpg,0
image_1599.jpg,1
image_1600.jpg,1
image_1601.jpg,0
image_1602.jpg,0
image_1603.jpg,0
image_1604.jpg,0
image_1605.jpg,0
image_1606.jpg,1
image_1607.jpg,0
image_1608.jpg,1
image_1609.jpg,1
image_1610.jpg,1
image_1611.jpg,0
image_1612.jpg,0
image_1613.jpg,0
image_1614.jpg,0
image_1615.jpg,1
image_1616.jpg,1
image_1617.jpg,1
image_1618.jpg,1
image_1619.jpg,1
image_1620.jpg,1
image_1621.jpg,1
image_1622.jpg,0
image_1623.jpg,1
image_1624.jpg,1
image_1625.jpg,1
image_1626.jpg,1
image_1627.jpg,1
image_1628.jpg,1
image_1629.jpg,1
image_1630.jpg,0
image_1631.jpg,0
image_1632.jpg,1
image_1633.jpg,1
image_1634.jpg,1
image_1635.jpg,1
image_1636.jpg,0
image_1637.jpg,1
image_1638.jpg,1
image_1639.jpg,1
image_1640.jpg,1
image_1641.jpg,0
image_1642.jpg,0
image_1643.jpg,1
image_1644.jpg,1
image_1645.jpg,0
image_1646.jpg,0
image_1647.jpg,0
image_1648.jpg,0
image_1649.jpg,1
image_1650.jpg,0
image_1651.jpg,1
image_1652.jpg,0
image_1653.jpg,1
image_1654.jpg,1
image_1655.jpg,0
image_1656.jpg,1
image_1657.jpg,1
image_1658.jpg,0
image_1659.jpg,0
image_1660.jpg,1
image_1661.jpg,1
image_1662.jpg,1
image_1663.jpg,1
image_1664.jpg,0
image_1665.jpg,1
image_1666.jpg,1
image_1667.jpg,1
image_1668.jpg,0
image_1669.jpg,0
image_1670.jpg,0
image_1671.jpg,1
image_1672.jpg,1
image_1673.jpg,1
image_1674.jpg,0
image_1675.jpg,1
image_1676.jpg,1
image_1677.jpg,1
image_1678.jpg,1
image_1679.jpg,1
image_1680.jpg,1
image_1681.jpg,0
image_1682.jpg,1
image_1683.jpg,0
image_1684.jpg,1
image_1685.jpg,1
image_1686.jpg,1
image_1687.jpg,1
image_1688.jpg,0
image_1689.jpg,0
image_1690.jpg,1
image_1691.jpg,1
image_1692.jpg,0
image_1693.jpg,1
image_1694.jpg,1
image_1695.jpg,1
image_1696.jpg,1
image_1697.jpg,1
image_1698.jpg,1
image_1699.jpg,0
image_1700.jpg,0
image_1701.jpg,1
image_1702.jpg,1
image_1703.jpg,1
image_1704.jpg,1
image_1705.jpg,0
image_1706.jpg,1
image_1707.jpg,1
image_1708.jpg,0
image_1709.jpg,1
image_1710.jpg,0
image_1711.jpg,0
image_1712.jpg,1
image_1713.jpg,1
image_1714.jpg,1
image_1715.jpg,1
image_1716.jpg,1
image_1717.jpg,0
image_1718.jpg,0
image_1719.jpg,0
image_1720.jpg,0
image_1721.jpg,0
image_1722.jpg,1
image_1723.jpg,0
image_1724.jpg,1
image_1725.jpg,1
image_1726.jpg,1
image_1727.jpg,1
image_1728.jpg,1
image_1729.jpg,0
image_1730.jpg,0
image_1731.jpg,1
image_1732.jpg,0
image_1733.jpg,1
image_1734.jpg,1
image_1735.jpg,0
image_1736.jpg,0
image_1737.jpg,0
image_1738.jpg,0
image_1739.jpg,1
image_1740.jpg,1
image_1741.jpg,1
image_1742.jpg,1
image_1743.jpg,1
image_1744.jpg,1
image_1745.jpg,1
image_1746.jpg,0
image_1747.jpg,1
image_1748.jpg,1
image_1749.jpg,0
image_1750.jpg,0
image_1751.jpg,1
image_1752.jpg,0
image_1753.jpg,1
image_1754.jpg,1
image_1755.jpg,1
image_1756.jpg,1
image_1757.jpg,1
image_1758.jpg,0
image_1759.jpg,1
image_1760.jpg,1
image_1761.jpg,1
image_1762.jpg,0
image_1763.jpg,0
image_1764.jpg,1
image_1765.jpg,0
image_1766.jpg,1
image_1767.jpg,1
image_1768.jpg,1
image_1769.jpg,1
image_1770.jpg,1
image_1771.jpg,1
image_1772.jpg,1
image_1773.jpg,1
image_1774.jpg,1
image_1775.jpg,1
image_1776.jpg,1
image_1777.jpg,1
image_1778.jpg,1
image_1779.jpg,1
image_1780.jpg,0
image_1781.jpg,1
image_1782.jpg,1
image_1783.jpg,1
image_1784.jpg,0
image_1785.jpg,1
image_1786.jpg,0
image_1787.jpg,1
image_1788.jpg,1
image_1789.jpg,1
image_1790.jpg,1
image_1791.jpg,1
image_1792.jpg,1
image_1793.jpg,1
image_1794.jpg,1
image_1795.jpg,0
image_1796.jpg,0
image_1797.jpg,1
image_1798.jpg,1
image_1799.jpg,0
image_1800.jpg,1
image_1801.jpg,1
image_1802.jpg,1
image_1803.jpg,1
image_1804.jpg,1
image_1805.jpg,1
image_1806.jpg,1
image_1807.jpg,1
image_1808.jpg,0
image_1809.jpg,1
image_1810.jpg,1
image_1811.jpg,0
image_1812.jpg,1
image_1813.jpg,1
image_1814.jpg,1
image_1815.jpg,1
image_1816.jpg,0
image_1817.jpg,0
image_1818.jpg,0
image_1819.jpg,1
image_1820.jpg,1
image_1821.jpg,1
image_1822.jpg,1
image_1823.jpg,1
image_1824.jpg,1
image_1825.jpg,1
image_1826.jpg,1
image_1827.jpg,1
image_1828.jpg,0
image_1829.jpg,0
image_1830.jpg,1
image_1831.jpg,1
image_1832.jpg,0
image_1833.jpg,0
image_1834.jpg,1
image_1835.jpg,1
image_1836.jpg,1
image_1837.jpg,1
image_1838.jpg,1
image_1839.jpg,1
image_1840.jpg,0
image_1841.jpg,1
image_1842.jpg,1
image_1843.jpg,0
image_1844.jpg,1
image_1845.jpg,1
image_1846.jpg,1
image_1847.jpg,1
image_1848.jpg,0
image_1849.jpg,1
image_1850.jpg,1
image_1851.jpg,0
image_1852.jpg,1
image_1853.jpg,1
image_1854.jpg,1
image_1855.jpg,1
image_1856.jpg,1
image_1857.jpg,1
image_1858.jpg,0
image_1859.jpg,1
image_1860.jpg,0
image_1861.jpg,0
image_1862.jpg,0
image_1863.jpg,1
image_1864.jpg,0
image_1865.jpg,0
image_1866.jpg,1
image_1867.jpg,0
image_1868.jpg,0
image_1869.jpg,1
image_1870.jpg,0
image_1871.jpg,0
image_1872.jpg,1
image_1873.jpg,1
image_1874.jpg,1
image_1875.jpg,0
image_1876.jpg,1
image_1877.jpg,1
image_1878.jpg,0
image_1879.jpg,1
image_1880.jpg,0
image_1881.jpg,1
image_1882.jpg,0
image_1883.jpg,1
image_1884.jpg,0
image_1885.jpg,1
image_1886.jpg,1
image_1887.jpg,1
image_1888.jpg,1
image_1889.jpg,1
image_1890.jpg,1
image_1891.jpg,0
image_1892.jpg,1
image_1893.jpg,1
image_1894.jpg,1
image_1895.jpg,0
image_1896.jpg,0
image_1897.jpg,0
image_1898.jpg,1
image_1899.jpg,1
image_1900.jpg,1
image_1901.jpg,1
image_1902.jpg,1
image_1903.jpg,1
image_1904.jpg,1
image_1905.jpg,1
image_1906.jpg,0
image_1907.jpg,1
image_1908.jpg,0
image_1909.jpg,0
image_1910.jpg,1
image_1911.jpg,1
image_1912.jpg,1
image_1913.jpg,1
image_1914.jpg,0
image_1915.jpg,1
image_1916.jpg,1
image_1917.jpg,1
image_1918.jpg,1
image_1919.jpg,1
image_1920.jpg,0
image_1921.jpg,0
image_1922.jpg,0
image_1923.jpg,0
image_1924.jpg,1
image_1925.jpg,1
image_1926.jpg,1
image_1927.jpg,1
image_1928.jpg,1
image_1929.jpg,1
image_1930.jpg,1
image_1931.jpg,1
image_1932.jpg,0
image_1933.jpg,1
image_1934.jpg,1
image_1935.jpg,1
image_1936.jpg,1
image_1937.jpg,1
image_1938.jpg,1
image_1939.jpg,1
image_1940.jpg,1
image_1941.jpg,0
image_1942.jpg,1
image_1943.jpg,1
image_1944.jpg,1
image_1945.jpg,1
image_1946.jpg,1
image_1947.jpg,1
image_1948.jpg,1
image_1949.jpg,1
image_1950.jpg,1
image_1951.jpg,1
image_1952.jpg,0
image_1953.jpg,1
image_1954.jpg,0
image_1955.jpg,1
image_1956.jpg,1
image_1957.jpg,0
image_1958.jpg,1
image_1959.jpg,0
image_1960.jpg,1
image_1961.jpg,0
image_1962.jpg,0
image_1963.jpg,0
image_1964.jpg,1
image_1965.jpg,0
image_1966.jpg,0
image_1967.jpg,0
image_1968.jpg,0
image_1969.jpg,0
image_1970.jpg,1
image_1971.jpg,1
image_1972.jpg,0
image_1973.jpg,0
image_1974.jpg,1
image_1975.jpg,1
image_1976.jpg,1
image_1977.jpg,0
image_1978.jpg,1
image_1979.jpg,0
image_1980.jpg,1
image_1981.jpg,0
image_1982.jpg,1
image_1983.jpg,1
image_1984.jpg,1
image_1985.jpg,1
image_1986.jpg,1
image_1987.jpg,1
image_1988.jpg,1
image_1989.jpg,0
image_1990.jpg,1
image_1991.jpg,0
image_1992.jpg,1
image_1993.jpg,1
image_1994.jpg,1
image_1995.jpg,1
image_1996.jpg,1
image_1997.jpg,1
image_1998.jpg,0
image_1999.jpg,1
image_2000.jpg,1
image_2001.jpg,1
image_2002.jpg,1
image_2003.jpg,1
image_2004.jpg,1
image_2005.jpg,0
image_2006.jpg,1
image_2007.jpg,0
image_2008.jpg,0
image_2009.jpg,1
image_2010.jpg,0
image_2011.jpg,0
image_2012.jpg,0
image_2013.jpg,0
image_2014.jpg,1
image_2015.jpg,1
image_2016.jpg,1
image_2017.jpg,1
image_2018.jpg,1
image_2019.jpg,1
image_2020.jpg,1
image_2021.jpg,1
image_2022.jpg,1
image_2023.jpg,1
image_2024.jpg,1
image_2025.jpg,0
image_2026.jpg,1
image_2027.jpg,1
image_2028.jpg,1
image_2029.jpg,0
image_2030.jpg,1
image_2031.jpg,0
image_2032.jpg,1
image_2033.jpg,1
image_2034.jpg,1
image_2035.jpg,1
image_2036.jpg,1
image_2037.jpg,1
image_2038.jpg,1
image_2039.jpg,0
image_2040.jpg,1
image_2041.jpg,1
image_2042.jpg,1
image_2043.jpg,1
image_2044.jpg,1
image_2045.jpg,0
image_2046.jpg,1
image_2047.jpg,1
image_2048.jpg,1
image_2049.jpg,0
image_2050.jpg,0
image_2051.jpg,0
image_2052.jpg,0
image_2053.jpg,1
image_2054.jpg,0
image_2055.jpg,1
image_2056.jpg,1
image_2057.jpg,1
image_2058.jpg,0
image_2059.jpg,0
image_2060.jpg,1
image_2061.jpg,1
image_2062.jpg,1
image_2063.jpg,1
image_2064.jpg,1
image_2065.jpg,0
image_2066.jpg,0
image_2067.jpg,0
image_2068.jpg,1
image_2069.jpg,1
image_2070.jpg,1
image_2071.jpg,1
image_2072.jpg,1
image_2073.jpg,0
image_2074.jpg,1
image_2075.jpg,1
image_2076.jpg,1
image_2077.jpg,1
image_2078.jpg,1
image_2079.jpg,1
image_2080.jpg,1
image_2081.jpg,1
image_2082.jpg,1
image_2083.jpg,1
image_2084.jpg,1
image_2085.jpg,1
image_2086.jpg,1
image_2087.jpg,1
image_2088.jpg,1
image_2089.jpg,1
image_2090.jpg,0
image_2091.jpg,1
image_2092.jpg,1
image_2093.jpg,1
image_2094.jpg,0
image_2095.jpg,1
image_2096.jpg,1
image_2097.jpg,1
image_2098.jpg,0
image_2099.jpg,0
image_2100.jpg,0
image_2101.jpg,1
image_2102.jpg,1
image_2103.jpg,1
image_2104.jpg,1
image_2105.jpg,1
image_2106.jpg,1
image_2107.jpg,1
image_2108.jpg,1
image_2109.jpg,1
image_2110.jpg,1
image_2111.jpg,1
image_2112.jpg,1
image_2113.jpg,1
image_2114.jpg,1
image_2115.jpg,0
image_2116.jpg,0
image_2117.jpg,1
image_2118.jpg,1
image_2119.jpg,1
image_2120.jpg,1
image_2121.jpg,1
image_2122.jpg,0
image_2123.jpg,1
image_2124.jpg,1
image_2125.jpg,0
image_2126.jpg,1
image_2127.jpg,1
image_2128.jpg,1
image_2129.jpg,0
image_2130.jpg,1
image_2131.jpg,0
image_2132.jpg,0
image_2133.jpg,1
image_2134.jpg,0
image_2135.jpg,1
image_2136.jpg,0
image_2137.jpg,1
image_2138.jpg,1
image_2139.jpg,1
image_2140.jpg,0
image_2141.jpg,1
image_2142.jpg,1
image_2143.jpg,1
image_2144.jpg,1
image_2145.jpg,1
image_2146.jpg,1
image_2147.jpg,1
image_2148.jpg,1
image_2149.jpg,1
image_2150.jpg,1
image_2151.jpg,0
image_2152.jpg,0
image_2153.jpg,1
image_2154.jpg,0
image_2155.jpg,0
image_2156.jpg,0
image_2157.jpg,1
image_2158.jpg,1
image_2159.jpg,1
image_2160.jpg,1
image_2161.jpg,1
image_2162.jpg,0
image_2163.jpg,1
image_2164.jpg,0
image_2165.jpg,1
image_2166.jpg,1
image_2167.jpg,1
image_2168.jpg,1
image_2169.jpg,1
image_2170.jpg,1
image_2171.jpg,0
image_2172.jpg,1
image_2173.jpg,1
image_2174.jpg,1
image_2175.jpg,0
image_2176.jpg,1
image_2177.jpg,1
image_2178.jpg,0
image_2179.jpg,1
image_2180.jpg,1
image_2181.jpg,1
image_2182.jpg,1
image_2183.jpg,1
image_2184.jpg,1
image_2185.jpg,0
image_2186.jpg,1
image_2187.jpg,1
image_2188.jpg,0
image_2189.jpg,0
image_2190.jpg,1
image_2191.jpg,1
image_2192.jpg,1
image_2193.jpg,1
image_2194.jpg,1
image_2195.jpg,1
image_2196.jpg,1
image_2197.jpg,1
image_2198.jpg,0
image_2199.jpg,1
image_2200.jpg,0
image_2201.jpg,1
image_2202.jpg,0
image_2203.jpg,1
image_2204.jpg,1
image_2205.jpg,0
image_2206.jpg,1
image_2207.jpg,0
image_2208.jpg,1
image_2209.jpg,1
image_2210.jpg,1
image_2211.jpg,1
image_2212.jpg,0
image_2213.jpg,1
image_2214.jpg,1
image_2215.jpg,0
image_2216.jpg,1
image_2217.jpg,0
image_2218.jpg,1
image_2219.jpg,1
image_2220.jpg,1
image_2221.jpg,1
image_2222.jpg,0
image_2223.jpg,1
image_2224.jpg,1
image_2225.jpg,1
image_2226.jpg,0
image_2227.jpg,1
image_2228.jpg,1
image_2229.jpg,0
image_2230.jpg,1
image_2231.jpg,1
image_2232.jpg,1
image_2233.jpg,1
image_2234.jpg,1
image_2235.jpg,1
image_2236.jpg,1
image_2237.jpg,1
image_2238.jpg,0
image_2239.jpg,1
image_2240.jpg,1
image_2241.jpg,1
image_2242.jpg,0
image_2243.jpg,1
image_2244.jpg,0
image_2245.jpg,1
image_2246.jpg,0
image_2247.jpg,1
image_2248.jpg,0
image_2249.jpg,1
image_2250.jpg,1
image_2251.jpg,1
image_2252.jpg,1
image_2253.jpg,0
image_2254.jpg,1
image_2255.jpg,1
image_2256.jpg,1
image_2257.jpg,1
image_2258.jpg,1
image_2259.jpg,0
image_2260.jpg,1
image_2261.jpg,1
image_2262.jpg,1
image_2263.jpg,1
image_2264.jpg,1
image_2265.jpg,1
image_2266.jpg,0
image_2267.jpg,0
image_2268.jpg,1
image_2269.jpg,1
image_2270.jpg,1
image_2271.jpg,0
image_2272.jpg,1
image_2273.jpg,1
image_2274.jpg,0
image_2275.jpg,0
image_2276.jpg,1
image_2277.jpg,0
image_2278.jpg,1
image_2279.jpg,1
image_2280.jpg,0
image_2281.jpg,0
image_2282.jpg,1
image_2283.jpg,1
image_2284.jpg,0
image_2285.jpg,1
image_2286.jpg,1
image_2287.jpg,0
image_2288.jpg,1
image_2289.jpg,0
image_2290.jpg,1
image_2291.jpg,0
image_2292.jpg,1
image_2293.jpg,1
image_2294.jpg,1
image_2295.jpg,1
image_2296.jpg,0
image_2297.jpg,1
image_2298.jpg,1
image_2299.jpg,1
image_2300.jpg,1
image_2301.jpg,0
image_2302.jpg,1
image_2303.jpg,0
image_2304.jpg,1
image_2305.jpg,0
image_2306.jpg,0
image_2307.jpg,1
image_2308.jpg,1
image_2309.jpg,1
image_2310.jpg,1
image_2311.jpg,1
image_2312.jpg,1
image_2313.jpg,0
image_2314.jpg,1
image_2315.jpg,1
image_2316.jpg,0
image_2317.jpg,1
image_2318.jpg,1
image_2319.jpg,0
image_2320.jpg,1
image_2321.jpg,0
image_2322.jpg,1
image_2323.jpg,1
image_2324.jpg,1
image_2325.jpg,0
image_2326.jpg,0
image_2327.jpg,1
image_2328.jpg,1
image_2329.jpg,1
image_2330.jpg,0
image_2331.jpg,1
image_2332.jpg,1
image_2333.jpg,0
image_2334.jpg,1
image_2335.jpg,0
image_2336.jpg,1
image_2337.jpg,0
image_2338.jpg,1
image_2339.jpg,1
image_2340.jpg,0
image_2341.jpg,1
image_2342.jpg,1
image_2343.jpg,1
image_2344.jpg,1
image_2345.jpg,0
image_2346.jpg,0
image_2347.jpg,1
image_2348.jpg,1
image_2349.jpg,1
image_2350.jpg,1
image_2351.jpg,1
image_2352.jpg,0
image_2353.jpg,1
image_2354.jpg,1
image_2355.jpg,0
image_2356.jpg,1
image_2357.jpg,1
image_2358.jpg,1
image_2359.jpg,1
image_2360.jpg,1
image_2361.jpg,0
image_2362.jpg,1
image_2363.jpg,1
image_2364.jpg,0
image_2365.jpg,1
image_2366.jpg,1
image_2367.jpg,1
image_2368.jpg,1
image_2369.jpg,1
image_2370.jpg,1
image_2371.jpg,0
image_2372.jpg,0
image_2373.jpg,1
image_2374.jpg,1
image_2375.jpg,0
image_2376.jpg,1
image_2377.jpg,1
image_2378.jpg,1
image_2379.jpg,0
image_2380.jpg,0
image_2381.jpg,1
image_2382.jpg,1
image_2383.jpg,1
image_2384.jpg,1
image_2385.jpg,1
image_2386.jpg,1
image_2387.jpg,1
image_2388.jpg,1
image_2389.jpg,1
image_2390.jpg,0
image_2391.jpg,1
image_2392.jpg,1
image_2393.jpg,1
image_2394.jpg,1
image_2395.jpg,1
image_2396.jpg,1
image_2397.jpg,0
image_2398.jpg,1
image_2399.jpg,0
image_2400.jpg,1
image_2401.jpg,0
image_2402.jpg,0
image_2403.jpg,1
image_2404.jpg,1
image_2405.jpg,1
image_2406.jpg,1
image_2407.jpg,1
image_2408.jpg,1
image_2409.jpg,1
image_2410.jpg,0
image_2411.jpg,0
image_2412.jpg,0
image_2413.jpg,1
image_2414.jpg,1
image_2415.jpg,0
image_2416.jpg,0
image_2417.jpg,0
image_2418.jpg,0
image_2419.jpg,1
image_2420.jpg,1
image_2421.jpg,1
image_2422.jpg,0
image_2423.jpg,1
image_2424.jpg,1
image_2425.jpg,1
image_2426.jpg,1
image_2427.jpg,1
image_2428.jpg,1
image_2429.jpg,0
image_2430.jpg,1
image_2431.jpg,0
image_2432.jpg,1
image_2433.jpg,0
image_2434.jpg,0
image_2435.jpg,1
image_2436.jpg,1
image_2437.jpg,0
image_2438.jpg,1
image_2439.jpg,1
image_2440.jpg,0
image_2441.jpg,1
image_2442.jpg,1
image_2443.jpg,1
image_2444.jpg,0
image_2445.jpg,1
image_2446.jpg,0
image_2447.jpg,1
image_2448.jpg,0
image_2449.jpg,0
image_2450.jpg,1
image_2451.jpg,0
image_2452.jpg,1
image_2453.jpg,0
image_2454.jpg,1
image_2455.jpg,1
image_2456.jpg,1
image_2457.jpg,1
image_2458.jpg,0
image_2459.jpg,1
image_2460.jpg,0
image_2461.jpg,1
image_2462.jpg,0
image_2463.jpg,1
image_2464.jpg,1
image_2465.jpg,0
image_2466.jpg,0
image_2467.jpg,1
image_2468.jpg,0
image_2469.jpg,1
image_2470.jpg,1
image_2471.jpg,1
image_2472.jpg,1
image_2473.jpg,0
image_2474.jpg,1
image_2475.jpg,1
image_2476.jpg,1
image_2477.jpg,1
image_2478.jpg,1
image_2479.jpg,0
image_2480.jpg,1
image_2481.jpg,1
image_2482.jpg,1
image_2483.jpg,1
image_2484.jpg,1
image_2485.jpg,1
image_2486.jpg,0
image_2487.jpg,0
image_2488.jpg,0
image_2489.jpg,1
image_2490.jpg,1
image_2491.jpg,1
image_2492.jpg,0
image_2493.jpg,1
image_2494.jpg,1
image_2495.jpg,1
image_2496.jpg,1
image_2497.jpg,1
image_2498.jpg,1
image_2499.jpg,1
image_2500.jpg,1
image_2501.jpg,1
image_2502.jpg,0
image_2503.jpg,0
image_2504.jpg,1
image_2505.jpg,1
image_2506.jpg,1
image_2507.jpg,1
image_2508.jpg,1
image_2509.jpg,1
image_2510.jpg,1
image_2511.jpg,1
image_2512.jpg,0
image_2513.jpg,1
image_2514.jpg,1
image_2515.jpg,0
image_2516.jpg,1
image_2517.jpg,0
image_2518.jpg,0
image_2519.jpg,1
image_2520.jpg,1
image_2521.jpg,1
image_2522.jpg,1
image_2523.jpg,1
image_2524.jpg,1
image_2525.jpg,0
image_2526.jpg,0
image_2527.jpg,1
image_2528.jpg,0
image_2529.jpg,1
image_2530.jpg,1
image_2531.jpg,1
image_2532.jpg,0
image_2533.jpg,1
image_2534.jpg,1
image_2535.jpg,1
image_2536.jpg,1
image_2537.jpg,1
image_2538.jpg,1
image_2539.jpg,1
image_2540.jpg,1
image_2541.jpg,1
image_2542.jpg,0
image_2543.jpg,0
image_2544.jpg,0
image_2545.jpg,1
image_2546.jpg,0
image_2547.jpg,1
image_2548.jpg,1
image_2549.jpg,0
image_2550.jpg,1
image_2551.jpg,1
image_2552.jpg,1
image_2553.jpg,1
image_2554.jpg,1
image_2555.jpg,1
image_2556.jpg,0
image_2557.jpg,1
image_2558.jpg,1
image_2559.jpg,1
image_2560.jpg,1
image_2561.jpg,0
image_2562.jpg,0
image_2563.jpg,1
image_2564.jpg,0
image_2565.jpg,1
image_2566.jpg,0
image_2567.jpg,1
image_2568.jpg,0
image_2569.jpg,1
image_2570.jpg,1
image_2571.jpg,0
image_2572.jpg,1
image_2573.jpg,1
image_2574.jpg,1
image_2575.jpg,1
image_2576.jpg,1
image_2577.jpg,1
image_2578.jpg,1
image_2579.jpg,1
image_2580.jpg,0
image_2581.jpg,1
image_2582.jpg,0
image_2583.jpg,1
image_2584.jpg,1
image_2585.jpg,1
image_2586.jpg,0
image_2587.jpg,1
image_2588.jpg,1
image_2589.jpg,1
image_2590.jpg,0
image_2591.jpg,1
image_2592.jpg,1
image_2593.jpg,1
image_2594.jpg,1
image_2595.jpg,0
image_2596.jpg,1
image_2597.jpg,1
image_2598.jpg,1
image_2599.jpg,1
image_2600.jpg,1
image_2601.jpg,1
image_2602.jpg,1
image_2603.jpg,0
image_2604.jpg,0
image_2605.jpg,1
image_2606.jpg,1
image_2607.jpg,1
image_2608.jpg,0
image_2609.jpg,0
image_2610.jpg,0
image_2611.jpg,1
image_2612.jpg,0
image_2613.jpg,1
image_2614.jpg,1
image_2615.jpg,1
image_2616.jpg,1
image_2617.jpg,1
image_2618.jpg,0
image_2619.jpg,1
image_2620.jpg,1
image_2621.jpg,1
image_2622.jpg,1
image_2623.jpg,1
image_2624.jpg,0
image_2625.jpg,1
image_2626.jpg,1
image_2627.jpg,1
image_2628.jpg,1
image_2629.jpg,1
image_2630.jpg,1
image_2631.jpg,1
image_2632.jpg,0
image_2633.jpg,1
image_2634.jpg,1
image_2635.jpg,1
image_2636.jpg,1
image_2637.jpg,1
image_2638.jpg,1
image_2639.jpg,1
image_2640.jpg,0
image_2641.jpg,0
image_2642.jpg,0
image_2643.jpg,0
image_2644.jpg,1
image_2645.jpg,1
image_2646.jpg,0
image_2647.jpg,0
image_2648.jpg,0
image_2649.jpg,1
image_2650.jpg,1
image_2651.jpg,1
image_2652.jpg,1
image_2653.jpg,0
image_2654.jpg,1
image_2655.jpg,1
image_2656.jpg,0
image_2657.jpg,1
image_2658.jpg,1
image_2659.jpg,1
image_2660.jpg,1
image_2661.jpg,1
image_2662.jpg,1
image_2663.jpg,1
image_2664.jpg,1
image_2665.jpg,1
image_2666.jpg,1
image_2667.jpg,1
image_2668.jpg,1
image_2669.jpg,1
image_2670.jpg,1
image_2671.jpg,1
image_2672.jpg,1
image_2673.jpg,1
image_2674.jpg,0
image_2675.jpg,0
image_2676.jpg,1
image_2677.jpg,1
image_2678.jpg,0
image_2679.jpg,0
image_2680.jpg,0
image_2681.jpg,0
image_2682.jpg,0
image_2683.jpg,1
image_2684.jpg,0
image_2685.jpg,1
image_2686.jpg,1
image_2687.jpg,0
image_2688.jpg,0
image_2689.jpg,1
image_2690.jpg,1
image_2691.jpg,1
image_2692.jpg,0
image_2693.jpg,1
image_2694.jpg,0
image_2695.jpg,1
image_2696.jpg,1
image_2697.jpg,1
image_2698.jpg,1
image_2699.jpg,1
image_2700.jpg,0
image_2701.jpg,1
image_2702.jpg,1
image_2703.jpg,1
image_2704.jpg,1
image_2705.jpg,0
image_2706.jpg,0
image_2707.jpg,1
image_2708.jpg,1
image_2709.jpg,0
image_2710.jpg,1
image_2711.jpg,1
image_2712.jpg,0
image_2713.jpg,0
image_2714.jpg,1
image_2715.jpg,0
image_2716.jpg,1
image_2717.jpg,1
image_2718.jpg,0
image_2719.jpg,0
image_2720.jpg,0
image_2721.jpg,1
image_2722.jpg,1
image_2723.jpg,1
image_2724.jpg,1
image_2725.jpg,1
image_2726.jpg,1
image_2727.jpg,1
image_2728.jpg,1
image_2729.jpg,1
image_2730.jpg,1
image_2731.jpg,1
image_2732.jpg,1
image_2733.jpg,1
image_2734.jpg,1
image_2735.jpg,1
image_2736.jpg,1
image_2737.jpg,1
image_2738.jpg,1
image_2739.jpg,0
image_2740.jpg,0
image_2741.jpg,1
image_2742.jpg,0
image_2743.jpg,0
image_2744.jpg,1
image_2745.jpg,1
image_2746.jpg,1
image_2747.jpg,0
image_2748.jpg,0
image_2749.jpg,1
image_2750.jpg,1
image_2751.jpg,1
image_2752.jpg,0
image_2753.jpg,0
image_2754.jpg,1
image_2755.jpg,1
image_2756.jpg,1
image_2757.jpg,0
image_2758.jpg,1
image_2759.jpg,1
image_2760.jpg,0
image_2761.jpg,1
image_2762.jpg,0
image_2763.jpg,0
image_2764.jpg,0
image_2765.jpg,0
image_2766.jpg,0
image_2767.jpg,1
image_2768.jpg,0
image_2769.jpg,0
image_2770.jpg,0
image_2771.jpg,1
image_2772.jpg,0
image_2773.jpg,1
image_2774.jpg,0
image_2775.jpg,0
image_2776.jpg,1
image_2777.jpg,1
image_2778.jpg,1
image_2779.jpg,0
image_2780.jpg,1
image_2781.jpg,1
image_2782.jpg,1
image_2783.jpg,1
image_2784.jpg,1
image_2785.jpg,1
image_2786.jpg,0
image_2787.jpg,1
image_2788.jpg,1
image_2789.jpg,1
image_2790.jpg,1
image_2791.jpg,1
image_2792.jpg,0
image_2793.jpg,1
image_2794.jpg,0
image_2795.jpg,1
image_2796.jpg,1
image_2797.jpg,1
image_2798.jpg,1
image_2799.jpg,0
image_2800.jpg,1
image_2801.jpg,1
image_2802.jpg,1
image_2803.jpg,1
image_2804.jpg,0
image_2805.jpg,0
image_2806.jpg,1
image_2807.jpg,1
image_2808.jpg,1
image_2809.jpg,0
image_2810.jpg,1
image_2811.jpg,1
image_2812.jpg,1
image_2813.jpg,1
image_2814.jpg,1
image_2815.jpg,1
image_2816.jpg,1
image_2817.jpg,1
image_2818.jpg,1
image_2819.jpg,1
image_2820.jpg,1
image_2821.jpg,1
image_2822.jpg,0
image_2823.jpg,1
image_2824.jpg,1
image_2825.jpg,0
image_2826.jpg,1
image_2827.jpg,1
image_2828.jpg,1
image_2829.jpg,1
image_2830.jpg,1
image_2831.jpg,0
image_2832.jpg,1
image_2833.jpg,0
image_2834.jpg,1
image_2835.jpg,0
image_2836.jpg,1
image_2837.jpg,1
image_2838.jpg,0
image_2839.jpg,0
image_2840.jpg,1
image_2841.jpg,0
image_2842.jpg,1
image_2843.jpg,1
image_2844.jpg,1
image_2845.jpg,1
image_2846.jpg,1
image_2847.jpg,0
image_2848.jpg,1
image_2849.jpg,0
image_2850.jpg,1
image_2851.jpg,0
image_2852.jpg,1
image_2853.jpg,1
image_2854.jpg,1
image_2855.jpg,1
image_2856.jpg,0
image_2857.jpg,0
image_2858.jpg,1
image_2859.jpg,0
image_2860.jpg,1
image_2861.jpg,1
image_2862.jpg,0
image_2863.jpg,1
image_2864.jpg,1
image_2865.jpg,1
image_2866.jpg,1
image_2867.jpg,1
image_2868.jpg,1
image_2869.jpg,1
image_2870.jpg,0
image_2871.jpg,1
image_2872.jpg,0
image_2873.jpg,1
image_2874.jpg,1
image_2875.jpg,1
image_2876.jpg,1
image_2877.jpg,1
image_2878.jpg,1
image_2879.jpg,1
image_2880.jpg,1
image_2881.jpg,0
image_2882.jpg,0
image_2883.jpg,1
image_2884.jpg,1
image_2885.jpg,1
image_2886.jpg,1
image_2887.jpg,1
image_2888.jpg,1
image_2889.jpg,1
image_2890.jpg,1
image_2891.jpg,1
image_2892.jpg,1
image_2893.jpg,1
image_2894.jpg,1
image_2895.jpg,1
image_2896.jpg,1
image_2897.jpg,1
image_2898.jpg,0
image_2899.jpg,1
image_2900.jpg,1
image_2901.jpg,1
image_2902.jpg,1
image_2903.jpg,0
image_2904.jpg,0
image_2905.jpg,1
image_2906.jpg,0
image_2907.jpg,0
image_2908.jpg,1
image_2909.jpg,1
image_2910.jpg,1
image_2911.jpg,0
image_2912.jpg,0
image_2913.jpg,1
image_2914.jpg,0
image_2915.jpg,1
image_2916.jpg,0
image_2917.jpg,1
image_2918.jpg,0
image_2919.jpg,1
image_2920.jpg,1
image_2921.jpg,1
image_2922.jpg,0
image_2923.jpg,0
image_2924.jpg,1
image_2925.jpg,0
image_2926.jpg,1
image_2927.jpg,0
image_2928.jpg,1
image_2929.jpg,0
image_2930.jpg,1
image_2931.jpg,1
image_2932.jpg,1
image_2933.jpg,0
image_2934.jpg,1
image_2935.jpg,1
image_2936.jpg,1
image_2937.jpg,1
image_2938.jpg,0
image_2939.jpg,1
image_2940.jpg,1
image_2941.jpg,1
image_2942.jpg,1
image_2943.jpg,0
image_2944.jpg,1
image_2945.jpg,1
image_2946.jpg,1
image_2947.jpg,1
image_2948.jpg,1
image_2949.jpg,1
image_2950.jpg,1
image_2951.jpg,1
image_2952.jpg,1
image_2953.jpg,1
image_2954.jpg,1
image_2955.jpg,1
image_2956.jpg,1
image_2957.jpg,1
image_2958.jpg,1
image_2959.jpg,0
image_2960.jpg,1
image_2961.jpg,1
image_2962.jpg,1
image_2963.jpg,1
image_2964.jpg,1
image_2965.jpg,0
image_2966.jpg,1
image_2967.jpg,0
image_2968.jpg,0
image_2969.jpg,1
image_2970.jpg,1
image_2971.jpg,0
image_2972.jpg,1
image_2973.jpg,1
image_2974.jpg,0
image_2975.jpg,1
image_2976.jpg,1
image_2977.jpg,1
image_2978.jpg,1
image_2979.jpg,1
image_2980.jpg,1
image_2981.jpg,1
image_2982.jpg,0
image_2983.jpg,1
image_2984.jpg,1
image_2985.jpg,1
image_2986.jpg,1
image_2987.jpg,1
image_2988.jpg,1
image_2989.jpg,1
image_2990.jpg,1
image_2991.jpg,1
image_2992.jpg,1
image_2993.jpg,1
image_2994.jpg,1
image_2995.jpg,0
image_2996.jpg,1
image_2997.jpg,0
image_2998.jpg,1
image_2999.jpg,0
image_3000.jpg,1
image_3001.jpg,1
image_3002.jpg,1
image_3003.jpg,1
image_3004.jpg,1
image_3005.jpg,1
image_3006.jpg,0
image_3007.jpg,1
image_3008.jpg,1
image_3009.jpg,0
image_3010.jpg,1
image_3011.jpg,1
image_3012.jpg,1
image_3013.jpg,1
image_3014.jpg,0
image_3015.jpg,1
image_3016.jpg,1
image_3017.jpg,1
image_3018.jpg,1
image_3019.jpg,0
image_3020.jpg,0
image_3021.jpg,0
image_3022.jpg,0
image_3023.jpg,1
image_3024.jpg,1
image_3025.jpg,1
image_3026.jpg,1
image_3027.jpg,1
image_3028.jpg,1
image_3029.jpg,1
image_3030.jpg,1
image_3031.jpg,1
image_3032.jpg,1
image_3033.jpg,1
image_3034.jpg,1
image_3035.jpg,0
image_3036.jpg,1
image_3037.jpg,1
image_3038.jpg,1
image_3039.jpg,1
image_3040.jpg,1
image_3041.jpg,1
image_3042.jpg,0
image_3043.jpg,1
image_3044.jpg,1
image_3045.jpg,1
image_3046.jpg,1
image_3047.jpg,1
image_3048.jpg,1
image_3049.jpg,0
image_3050.jpg,0
image_3051.jpg,1
image_3052.jpg,1
image_3053.jpg,0
image_3054.jpg,0
image_3055.jpg,1
image_3056.jpg,1
image_3057.jpg,1
image_3058.jpg,1
image_3059.jpg,1
image_3060.jpg,1
image_3061.jpg,1
image_3062.jpg,1
image_3063.jpg,1
image_3064.jpg,1
image_3065.jpg,0
image_3066.jpg,1
image_3067.jpg,0
image_3068.jpg,0
image_3069.jpg,1
image_3070.jpg,0
image_3071.jpg,1
image_3072.jpg,0
image_3073.jpg,0
image_3074.jpg,1
image_3075.jpg,1
image_3076.jpg,1
image_3077.jpg,0
image_3078.jpg,1
image_3079.jpg,1
image_3080.jpg,1
image_3081.jpg,0
image_3082.jpg,1
image_3083.jpg,1
image_3084.jpg,1
image_3085.jpg,1
image_3086.jpg,0
image_3087.jpg,0
image_3088.jpg,0
image_3089.jpg,1
image_3090.jpg,0
image_3091.jpg,1
image_3092.jpg,1
image_3093.jpg,1
image_3094.jpg,1
image_3095.jpg,0
image_3096.jpg,0
image_3097.jpg,1
image_3098.jpg,1
image_3099.jpg,1
image_3100.jpg,1
image_3101.jpg,1
image_3102.jpg,1
image_3103.jpg,0
image_3104.jpg,1
image_3105.jpg,1
image_3106.jpg,1
image_3107.jpg,1
image_3108.jpg,0
image_3109.jpg,1
image_3110.jpg,0
image_3111.jpg,1
image_3112.jpg,0
image_3113.jpg,1
image_3114.jpg,0
image_3115.jpg,0
image_3116.jpg,1
image_3117.jpg,1
image_3118.jpg,0
image_3119.jpg,0
image_3120.jpg,1
image_3121.jpg,1
image_3122.jpg,1
image_3123.jpg,0
image_3124.jpg,1
image_3125.jpg,0
image_3126.jpg,1
image_3127.jpg,1
image_3128.jpg,0
image_3129.jpg,1
image_3130.jpg,1
image_3131.jpg,1
image_3132.jpg,1
image_3133.jpg,0
image_3134.jpg,0
image_3135.jpg,1
image_3136.jpg,0
image_3137.jpg,1
image_3138.jpg,1
image_3139.jpg,1
image_3140.jpg,1
image_3141.jpg,1
image_3142.jpg,1
image_3143.jpg,1
image_3144.jpg,1
image_3145.jpg,0
image_3146.jpg,1
image_3147.jpg,1
image_3148.jpg,1
image_3149.jpg,1
image_3150.jpg,0
image_3151.jpg,1
image_3152.jpg,0
image_3153.jpg,1
image_3154.jpg,1
image_3155.jpg,0
image_3156.jpg,0
image_3157.jpg,0
image_3158.jpg,0
image_3159.jpg,1
image_3160.jpg,1
image_3161.jpg,1
image_3162.jpg,1
image_3163.jpg,1
image_3164.jpg,1
image_3165.jpg,0
image_3166.jpg,1
image_3167.jpg,1
image_3168.jpg,0
image_3169.jpg,1
image_3170.jpg,0
image_3171.jpg,0
image_3172.jpg,1
image_3173.jpg,1
image_3174.jpg,1
image_3175.jpg,1
image_3176.jpg,1
image_3177.jpg,1
image_3178.jpg,1
image_3179.jpg,1
image_3180.jpg,1
image_3181.jpg,1
image_3182.jpg,1
image_3183.jpg,1
image_3184.jpg,1
image_3185.jpg,1
image_3186.jpg,1
image_3187.jpg,1
image_3188.jpg,1
image_3189.jpg,0
image_3190.jpg,1
image_3191.jpg,1
image_3192.jpg,1
image_3193.jpg,1
image_3194.jpg,1
image_3195.jpg,0
image_3196.jpg,1
image_3197.jpg,1
image_3198.jpg,0
image_3199.jpg,1
image_3200.jpg,1
image_3201.jpg,1
image_3202.jpg,1
image_3203.jpg,1
image_3204.jpg,0
image_3205.jpg,0
image_3206.jpg,0
image_3207.jpg,1
image_3208.jpg,1
image_3209.jpg,0
image_3210.jpg,1
image_3211.jpg,1
image_3212.jpg,1
image_3213.jpg,0
image_3214.jpg,0
image_3215.jpg,0
image_3216.jpg,1
image_3217.jpg,1
image_3218.jpg,0
image_3219.jpg,0
image_3220.jpg,0
image_3221.jpg,0
image_3222.jpg,1
image_3223.jpg,0
image_3224.jpg,1
image_3225.jpg,0
image_3226.jpg,0
image_3227.jpg,1
image_3228.jpg,1
image_3229.jpg,0
image_3230.jpg,1
image_3231.jpg,1
image_3232.jpg,1
image_3233.jpg,0
image_3234.jpg,0
image_3235.jpg,1
image_3236.jpg,1
image_3237.jpg,0
image_3238.jpg,1
image_3239.jpg,1
image_3240.jpg,0
image_3241.jpg,1
image_3242.jpg,1
image_3243.jpg,0
image_3244.jpg,1
image_3245.jpg,1
image_3246.jpg,1
image_3247.jpg,1
image_3248.jpg,0
image_3249.jpg,0
image_3250.jpg,0
image_3251.jpg,0
image_3252.jpg,1
image_3253.jpg,1
image_3254.jpg,1
image_3255.jpg,0
image_3256.jpg,1
image_3257.jpg,1
image_3258.jpg,1
image_3259.jpg,1
image_3260.jpg,0
image_3261.jpg,0
image_3262.jpg,0
image_3263.jpg,1
image_3264.jpg,0
image_3265.jpg,1
image_3266.jpg,1
image_3267.jpg,1
image_3268.jpg,1
image_3269.jpg,1
image_3270.jpg,1
image_3271.jpg,1
image_3272.jpg,1
image_3273.jpg,1
image_3274.jpg,1
image_3275.jpg,1
image_3276.jpg,0
image_3277.jpg,0
image_3278.jpg,1
image_3279.jpg,0
image_3280.jpg,0
image_3281.jpg,1
image_3282.jpg,1
image_3283.jpg,0
image_3284.jpg,1
image_3285.jpg,1
image_3286.jpg,1
image_3287.jpg,1
image_3288.jpg,1
image_3289.jpg,1
image_3290.jpg,0
image_3291.jpg,0
image_3292.jpg,1
image_3293.jpg,1
image_3294.jpg,1
image_3295.jpg,1
image_3296.jpg,1
image_3297.jpg,0
image_3298.jpg,0
image_3299.jpg,1
image_3300.jpg,1
image_3301.jpg,1
image_3302.jpg,0
image_3303.jpg,1
image_3304.jpg,1
image_3305.jpg,1
image_3306.jpg,1
image_3307.jpg,0
image_3308.jpg,0
image_3309.jpg,1
image_3310.jpg,1
image_3311.jpg,1
image_3312.jpg,0
image_3313.jpg,0
image_3314.jpg,0
image_3315.jpg,0
image_3316.jpg,1
image_3317.jpg,0
image_3318.jpg,1
image_3319.jpg,1
image_3320.jpg,1
image_3321.jpg,0
image_3322.jpg,1
image_3323.jpg,0
image_3324.jpg,1
image_3325.jpg,1
image_3326.jpg,1
image_3327.jpg,1
image_3328.jpg,0
image_3329.jpg,1
image_3330.jpg,1
image_3331.jpg,1
image_3332.jpg,0
image_3333.jpg,1
image_3334.jpg,1
image_3335.jpg,1
image_3336.jpg,1
image_3337.jpg,1
image_3338.jpg,1
image_3339.jpg,1
image_3340.jpg,1
image_3341.jpg,0
image_3342.jpg,1
image_3343.jpg,0
image_3344.jpg,0
image_3345.jpg,1
image_3346.jpg,0
image_3347.jpg,1
image_3348.jpg,1
image_3349.jpg,0
image_3350.jpg,1
image_3351.jpg,1
image_3352.jpg,1
image_3353.jpg,0
image_3354.jpg,0
image_3355.jpg,1
image_3356.jpg,1
image_3357.jpg,0
image_3358.jpg,1
image_3359.jpg,1
image_3360.jpg,0
image_3361.jpg,0
image_3362.jpg,0
image_3363.jpg,1
image_3364.jpg,0
image_3365.jpg,0
image_3366.jpg,1
image_3367.jpg,1
image_3368.jpg,1
image_3369.jpg,0
image_3370.jpg,1
image_3371.jpg,1
image_3372.jpg,1
image_3373.jpg,1
image_3374.jpg,1
image_3375.jpg,1
image_3376.jpg,0
image_3377.jpg,1
image_3378.jpg,1
image_3379.jpg,1
image_3380.jpg,0
image_3381.jpg,1
image_3382.jpg,1
image_3383.jpg,0
image_3384.jpg,1
image_3385.jpg,1
image_3386.jpg,1
image_3387.jpg,1
image_3388.jpg,1
image_3389.jpg,1
image_3390.jpg,1
image_3391.jpg,1
image_3392.jpg,1
image_3393.jpg,0
image_3394.jpg,1
image_3395.jpg,1
image_3396.jpg,0
image_3397.jpg,1
image_3398.jpg,1
image_3399.jpg,0
image_3400.jpg,0
image_3401.jpg,1
image_3402.jpg,1
image_3403.jpg,1
image_3404.jpg,1
image_3405.jpg,1
image_3406.jpg,1
image_3407.jpg,1
image_3408.jpg,1
image_3409.jpg,1
image_3410.jpg,0
image_3411.jpg,0
image_3412.jpg,1
image_3413.jpg,1
image_3414.jpg,1
image_3415.jpg,1
image_3416.jpg,1
image_3417.jpg,1
image_3418.jpg,0
image_3419.jpg,1
image_3420.jpg,1
image_3421.jpg,0
image_3422.jpg,0
image_3423.jpg,1
image_3424.jpg,1
image_3425.jpg,1
image_3426.jpg,1
image_3427.jpg,0
image_3428.jpg,1
image_3429.jpg,1
image_3430.jpg,0
image_3431.jpg,1
image_3432.jpg,0
image_3433.jpg,1
image_3434.jpg,1
image_3435.jpg,1
image_3436.jpg,1
image_3437.jpg,0
image_3438.jpg,0
image_3439.jpg,1
image_3440.jpg,1
image_3441.jpg,0
image_3442.jpg,0
image_3443.jpg,0
image_3444.jpg,1
image_3445.jpg,1
image_3446.jpg,0
image_3447.jpg,1
image_3448.jpg,1
image_3449.jpg,1
image_3450.jpg,1
image_3451.jpg,1
image_3452.jpg,1
image_3453.jpg,1
image_3454.jpg,0
image_3455.jpg,1
image_3456.jpg,0
image_3457.jpg,1
image_3458.jpg,0
image_3459.jpg,0
image_3460.jpg,0
image_3461.jpg,1
image_3462.jpg,1
image_3463.jpg,1
image_3464.jpg,1
image_3465.jpg,0
image_3466.jpg,1
image_3467.jpg,1
image_3468.jpg,1
image_3469.jpg,1
image_3470.jpg,1
image_3471.jpg,1
image_3472.jpg,1
image_3473.jpg,0
image_3474.jpg,0
image_3475.jpg,1
image_3476.jpg,1
image_3477.jpg,1
image_3478.jpg,1
image_3479.jpg,1
image_3480.jpg,0
image_3481.jpg,1
image_3482.jpg,1
image_3483.jpg,0
image_3484.jpg,1
image_3485.jpg,1
image_3486.jpg,1
image_3487.jpg,1
image_3488.jpg,0
image_3489.jpg,0
image_3490.jpg,1
image_3491.jpg,1
image_3492.jpg,1
image_3493.jpg,1
image_3494.jpg,0
image_3495.jpg,1
image_3496.jpg,1
image_3497.jpg,1
image_3498.jpg,1
image_3499.jpg,0
image_3500.jpg,1
image_3501.jpg,1
image_3502.jpg,1
image_3503.jpg,1
image_3504.jpg,1
image_3505.jpg,1
image_3506.jpg,1
image_3507.jpg,1
image_3508.jpg,0
image_3509.jpg,1
image_3510.jpg,0
image_3511.jpg,0
image_3512.jpg,1
image_3513.jpg,1
image_3514.jpg,1
image_3515.jpg,1
image_3516.jpg,1
image_3517.jpg,1
image_3518.jpg,1
image_3519.jpg,1
image_3520.jpg,1
image_3521.jpg,1
image_3522.jpg,1
image_3523.jpg,1
image_3524.jpg,0
image_3525.jpg,1
image_3526.jpg,0
image_3527.jpg,1
image_3528.jpg,1
image_3529.jpg,1
image_3530.jpg,1
image_3531.jpg,0
image_3532.jpg,1
image_3533.jpg,1
image_3534.jpg,0
image_3535.jpg,1
image_3536.jpg,1
image_3537.jpg,0
image_3538.jpg,0
image_3539.jpg,1
image_3540.jpg,1
image_3541.jpg,0
image_3542.jpg,0
image_3543.jpg,1
image_3544.jpg,0
image_3545.jpg,0
image_3546.jpg,1
image_3547.jpg,1
image_3548.jpg,0
image_3549.jpg,1
image_3550.jpg,1
image_3551.jpg,1
image_3552.jpg,1
image_3553.jpg,1
image_3554.jpg,1
image_3555.jpg,1
image_3556.jpg,1
image_3557.jpg,0
image_3558.jpg,1
image_3559.jpg,0
image_3560.jpg,1
image_3561.jpg,0
image_3562.jpg,1
image_3563.jpg,1
image_3564.jpg,0
image_3565.jpg,0
image_3566.jpg,1
image_3567.jpg,0
image_3568.jpg,1
image_3569.jpg,1
image_3570.jpg,1
image_3571.jpg,1
image_3572.jpg,1
image_3573.jpg,1
image_3574.jpg,1
image_3575.jpg,0
image_3576.jpg,0
image_3577.jpg,1
image_3578.jpg,1
image_3579.jpg,1
image_3580.jpg,1
image_3581.jpg,1
image_3582.jpg,1
image_3583.jpg,1
image_3584.jpg,1
image_3585.jpg,0
image_3586.jpg,1
image_3587.jpg,1
image_3588.jpg,0
image_3589.jpg,0
image_3590.jpg,1
image_3591.jpg,1
image_3592.jpg,1
image_3593.jpg,1
image_3594.jpg,1
image_3595.jpg,0
image_3596.jpg,1
image_3597.jpg,1
image_3598.jpg,1
image_3599.jpg,0
image_3600.jpg,1
image_3601.jpg,1
image_3602.jpg,1
image_3603.jpg,0
image_3604.jpg,0
image_3605.jpg,1
image_3606.jpg,1
image_3607.jpg,0
image_3608.jpg,0
image_3609.jpg,1
image_3610.jpg,0
image_3611.jpg,1
image_3612.jpg,0
image_3613.jpg,1
image_3614.jpg,1
image_3615.jpg,1
image_3616.jpg,0
image_3617.jpg,1
image_3618.jpg,0
image_3619.jpg,0
image_3620.jpg,1
image_3621.jpg,0
image_3622.jpg,1
image_3623.jpg,1
image_3624.jpg,1
image_3625.jpg,1
image_3626.jpg,1
image_3627.jpg,0
image_3628.jpg,0
image_3629.jpg,1
image_3630.jpg,0
image_3631.jpg,1
image_3632.jpg,1
image_3633.jpg,0
image_3634.jpg,1
image_3635.jpg,1
image_3636.jpg,1
image_3637.jpg,1
image_3638.jpg,1
image_3639.jpg,1
image_3640.jpg,0
image_3641.jpg,0
image_3642.jpg,1
image_3643.jpg,1
image_3644.jpg,1
image_3645.jpg,0
image_3646.jpg,0
image_3647.jpg,1
image_3648.jpg,1
image_3649.jpg,0
image_3650.jpg,0
image_3651.jpg,1
image_3652.jpg,1
image_3653.jpg,0
image_3654.jpg,0
image_3655.jpg,1
image_3656.jpg,0
image_3657.jpg,1
image_3658.jpg,1
image_3659.jpg,0
image_3660.jpg,0
image_3661.jpg,1
image_3662.jpg,0
image_3663.jpg,1
image_3664.jpg,1
image_3665.jpg,1
image_3666.jpg,1
image_3667.jpg,1
image_3668.jpg,0
image_3669.jpg,1
image_3670.jpg,1
image_3671.jpg,1
image_3672.jpg,1
image_3673.jpg,1
image_3674.jpg,1
image_3675.jpg,0
image_3676.jpg,1
image_3677.jpg,1
image_3678.jpg,1
image_3679.jpg,1
image_3680.jpg,0
image_3681.jpg,0
image_3682.jpg,1
image_3683.jpg,0
image_3684.jpg,1
image_3685.jpg,1
image_3686.jpg,0
image_3687.jpg,1
image_3688.jpg,1
image_3689.jpg,1
image_3690.jpg,1
image_3691.jpg,0
image_3692.jpg,1
image_3693.jpg,0
image_3694.jpg,0
image_3695.jpg,0
image_3696.jpg,0
image_3697.jpg,0
image_3698.jpg,1
image_3699.jpg,1
image_3700.jpg,0
image_3701.jpg,1
image_3702.jpg,0
image_3703.jpg,0
image_3704.jpg,1
image_3705.jpg,1
image_3706.jpg,1
image_3707.jpg,1
image_3708.jpg,1
image_3709.jpg,1
image_3710.jpg,1
image_3711.jpg,0
image_3712.jpg,1
image_3713.jpg,0
image_3714.jpg,1
image_3715.jpg,0
image_3716.jpg,1
image_3717.jpg,1
image_3718.jpg,0
image_3719.jpg,1
image_3720.jpg,1
image_3721.jpg,0
image_3722.jpg,0
image_3723.jpg,1
image_3724.jpg,0
image_3725.jpg,1
image_3726.jpg,0
image_3727.jpg,1
image_3728.jpg,1
image_3729.jpg,1
image_3730.jpg,0
image_3731.jpg,1
image_3732.jpg,1
image_3733.jpg,1
image_3734.jpg,1
image_3735.jpg,1
image_3736.jpg,1
image_3737.jpg,0
image_3738.jpg,1
image_3739.jpg,0
image_3740.jpg,0
image_3741.jpg,1
image_3742.jpg,0
image_3743.jpg,1
image_3744.jpg,1
image_3745.jpg,1
image_3746.jpg,1
image_3747.jpg,1
image_3748.jpg,1
image_3749.jpg,1
image_3750.jpg,0
image_3751.jpg,1
image_3752.jpg,0
image_3753.jpg,1
image_3754.jpg,1
image_3755.jpg,1
image_3756.jpg,0
image_3757.jpg,0
image_3758.jpg,0
image_3759.jpg,1
image_3760.jpg,1
image_3761.jpg,1
image_3762.jpg,1
image_3763.jpg,1
image_3764.jpg,0
image_3765.jpg,1
image_3766.jpg,0
image_3767.jpg,0
image_3768.jpg,1
image_3769.jpg,1
image_3770.jpg,1
image_3771.jpg,1
image_3772.jpg,0
image_3773.jpg,1
image_3774.jpg,1
image_3775.jpg,1
image_3776.jpg,1
image_3777.jpg,1
image_3778.jpg,1
image_3779.jpg,1
image_3780.jpg,1
image_3781.jpg,1
image_3782.jpg,0
image_3783.jpg,0
image_3784.jpg,1
image_3785.jpg,1
image_3786.jpg,0
image_3787.jpg,1
image_3788.jpg,1
image_3789.jpg,0
image_3790.jpg,1
image_3791.jpg,1
image_3792.jpg,1
image_3793.jpg,1
image_3794.jpg,1
image_3795.jpg,1
image_3796.jpg,1
image_3797.jpg,0
image_3798.jpg,1
image_3799.jpg,1
image_3800.jpg,0
image_3801.jpg,0
image_3802.jpg,1
image_3803.jpg,1
image_3804.jpg,0
image_3805.jpg,1
image_3806.jpg,0
image_3807.jpg,1
image_3808.jpg,1
image_3809.jpg,0
image_3810.jpg,1
image_3811.jpg,1
image_3812.jpg,1
image_3813.jpg,1
image_3814.jpg,1
image_3815.jpg,1
image_3816.jpg,0
image_3817.jpg,0
image_3818.jpg,1
image_3819.jpg,0
image_3820.jpg,1
image_3821.jpg,1
image_3822.jpg,1
image_3823.jpg,1
image_3824.jpg,1
image_3825.jpg,0
image_3826.jpg,1
image_3827.jpg,1
image_3828.jpg,0
image_3829.jpg,1
image_3830.jpg,1
image_3831.jpg,1
image_3832.jpg,1
image_3833.jpg,1
image_3834.jpg,1
image_3835.jpg,1
image_3836.jpg,1
image_3837.jpg,0
image_3838.jpg,0
image_3839.jpg,1
image_3840.jpg,1
image_3841.jpg,1
image_3842.jpg,0
image_3843.jpg,1
image_3844.jpg,1
image_3845.jpg,1
image_3846.jpg,0
image_3847.jpg,0
image_3848.jpg,1
image_3849.jpg,0
image_3850.jpg,0
image_3851.jpg,1
image_3852.jpg,0
image_3853.jpg,1
image_3854.jpg,0
image_3855.jpg,1
image_3856.jpg,1
image_3857.jpg,1
image_3858.jpg,1
image_3859.jpg,1
image_3860.jpg,1
image_3861.jpg,1
image_3862.jpg,1
image_3863.jpg,1
image_3864.jpg,1
image_3865.jpg,1
image_3866.jpg,1
image_3867.jpg,1
image_3868.jpg,1
image_3869.jpg,1
image_3870.jpg,1
image_3871.jpg,1
image_3872.jpg,1
image_3873.jpg,1
image_3874.jpg,1
image_3875.jpg,1
image_3876.jpg,1
image_3877.jpg,0
image_3878.jpg,0
image_3879.jpg,1
image_3880.jpg,0
image_3881.jpg,1
image_3882.jpg,1
image_3883.jpg,1
image_3884.jpg,1
image_3885.jpg,0
image_3886.jpg,1
image_3887.jpg,1
image_3888.jpg,1
image_3889.jpg,1
image_3890.jpg,1
image_3891.jpg,1
image_3892.jpg,1
image_3893.jpg,1
image_3894.jpg,1
image_3895.jpg,1
image_3896.jpg,0
image_3897.jpg,0
image_3898.jpg,1
image_3899.jpg,1
image_3900.jpg,0
image_3901.jpg,1
image_3902.jpg,1
image_3903.jpg,0
image_3904.jpg,1
image_3905.jpg,1
image_3906.jpg,1
image_3907.jpg,1
image_3908.jpg,0
image_3909.jpg,0
image_3910.jpg,1
image_3911.jpg,1
image_3912.jpg,1
image_3913.jpg,1
image_3914.jpg,1
image_3915.jpg,1
image_3916.jpg,1
image_3917.jpg,1
image_3918.jpg,1
image_3919.jpg,1
image_3920.jpg,1
image_3921.jpg,0
image_3922.jpg,1
image_3923.jpg,0
image_3924.jpg,1
image_3925.jpg,1
image_3926.jpg,0
image_3927.jpg,1
image_3928.jpg,1
image_3929.jpg,1
image_3930.jpg,1
image_3931.jpg,0
image_3932.jpg,1
image_3933.jpg,1
image_3934.jpg,1
image_3935.jpg,1
image_3936.jpg,1
image_3937.jpg,1
image_3938.jpg,1
image_3939.jpg,0
image_3940.jpg,1
image_3941.jpg,1
image_3942.jpg,1
image_3943.jpg,0
image_3944.jpg,1
image_3945.jpg,1
image_3946.jpg,1
image_3947.jpg,1
image_3948.jpg,1
image_3949.jpg,1
image_3950.jpg,1
image_3951.jpg,1
image_3952.jpg,0
image_3953.jpg,1
image_3954.jpg,1
image_3955.jpg,1
image_3956.jpg,0
image_3957.jpg,1
image_3958.jpg,1
image_3959.jpg,0
image_3960.jpg,1
image_3961.jpg,0
image_3962.jpg,0
image_3963.jpg,0
image_3964.jpg,0
image_3965.jpg,1
image_3966.jpg,1
image_3967.jpg,1
image_3968.jpg,1
image_3969.jpg,1
image_3970.jpg,1
image_3971.jpg,1
image_3972.jpg,0
image_3973.jpg,1
image_3974.jpg,1
image_3975.jpg,1
image_3976.jpg,1
image_3977.jpg,1
image_3978.jpg,1
image_3979.jpg,1
image_3980.jpg,1
image_3981.jpg,0
image_3982.jpg,1
image_3983.jpg,0
image_3984.jpg,1
image_3985.jpg,1
image_3986.jpg,1
image_3987.jpg,1
image_3988.jpg,1
image_3989.jpg,1
image_3990.jpg,1
image_3991.jpg,1
image_3992.jpg,0
image_3993.jpg,0
image_3994.jpg,1
image_3995.jpg,1
image_3996.jpg,0
image_3997.jpg,1
image_3998.jpg,1
image_3999.jpg,1
image_4000.jpg,1
image_4001.jpg,0
image_4002.jpg,0
image_4003.jpg,0
image_4004.jpg,0
image_4005.jpg,1
image_4006.jpg,0
image_4007.jpg,0
image_4008.jpg,0
image_4009.jpg,1
image_4010.jpg,1
image_4011.jpg,1
image_4012.jpg,0
image_4013.jpg,1
image_4014.jpg,1
image_4015.jpg,1
image_4016.jpg,0
image_4017.jpg,0
image_4018.jpg,0
image_4019.jpg,1
image_4020.jpg,0
image_4021.jpg,1
image_4022.jpg,1
image_4023.jpg,1
image_4024.jpg,1
image_4025.jpg,1
image_4026.jpg,1
image_4027.jpg,1
image_4028.jpg,1
image_4029.jpg,1
image_4030.jpg,0
image_4031.jpg,1
image_4032.jpg,1
image_4033.jpg,1
image_4034.jpg,1
image_4035.jpg,1
image_4036.jpg,1
image_4037.jpg,1
image_4038.jpg,0
image_4039.jpg,1
image_4040.jpg,1
image_4041.jpg,1
image_4042.jpg,0
image_4043.jpg,1
image_4044.jpg,1
image_4045.jpg,0
image_4046.jpg,0
image_4047.jpg,0
image_4048.jpg,1
image_4049.jpg,1
image_4050.jpg,1
image_4051.jpg,1
image_4052.jpg,1
image_4053.jpg,1
image_4054.jpg,0
image_4055.jpg,0
image_4056.jpg,1
image_4057.jpg,1
image_4058.jpg,0
image_4059.jpg,1
image_4060.jpg,1
image_4061.jpg,0
image_4062.jpg,1
image_4063.jpg,1
image_4064.jpg,1
image_4065.jpg,0
image_4066.jpg,0
image_4067.jpg,0
image_4068.jpg,1
image_4069.jpg,1
image_4070.jpg,1
image_4071.jpg,1
image_4072.jpg,1
image_4073.jpg,1
image_4074.jpg,1
image_4075.jpg,1
image_4076.jpg,1
image_4077.jpg,1
image_4078.jpg,1
image_4079.jpg,0
image_4080.jpg,1
image_4081.jpg,1
image_4082.jpg,1
image_4083.jpg,0
image_4084.jpg,0
image_4085.jpg,0
image_4086.jpg,0
image_4087.jpg,0
image_4088.jpg,1
image_4089.jpg,1
image_4090.jpg,1
image_4091.jpg,1
image_4092.jpg,0
image_4093.jpg,0
image_4094.jpg,1
image_4095.jpg,1
image_4096.jpg,0
image_4097.jpg,0
image_4098.jpg,1
image_4099.jpg,0
image_4100.jpg,1
image_4101.jpg,0
image_4102.jpg,1
image_4103.jpg,0
image_4104.jpg,0
image_4105.jpg,0
image_4106.jpg,1
image_4107.jpg,1
image_4108.jpg,0
image_4109.jpg,0
image_4110.jpg,1
image_4111.jpg,1
image_4112.jpg,0
image_4113.jpg,0
image_4114.jpg,1
image_4115.jpg,1
image_4116.jpg,0
image_4117.jpg,1
image_4118.jpg,1
image_4119.jpg,0
image_4120.jpg,1
image_4121.jpg,1
image_4122.jpg,1
image_4123.jpg,0
image_4124.jpg,0
image_4125.jpg,0
image_4126.jpg,1
image_4127.jpg,1
image_4128.jpg,1
image_4129.jpg,0
image_4130.jpg,1
image_4131.jpg,1
image_4132.jpg,0
image_4133.jpg,1
image_4134.jpg,1
image_4135.jpg,1
image_4136.jpg,1
image_4137.jpg,1
image_4138.jpg,0
image_4139.jpg,0
image_4140.jpg,0
image_4141.jpg,1
image_4142.jpg,1
image_4143.jpg,1
image_4144.jpg,0
image_4145.jpg,0
image_4146.jpg,0
image_4147.jpg,1
image_4148.jpg,0
image_4149.jpg,1
image_4150.jpg,1
image_4151.jpg,0
image_4152.jpg,1
image_4153.jpg,0
image_4154.jpg,0
image_4155.jpg,0
image_4156.jpg,1
image_4157.jpg,1
image_4158.jpg,0
image_4159.jpg,1
image_4160.jpg,1
image_4161.jpg,1
image_4162.jpg,0
image_4163.jpg,1
image_4164.jpg,1
image_4165.jpg,1
image_4166.jpg,0
image_4167.jpg,1
image_4168.jpg,1
image_4169.jpg,1
image_4170.jpg,1
image_4171.jpg,1
image_4172.jpg,0
image_4173.jpg,0
image_4174.jpg,0
image_4175.jpg,1
image_4176.jpg,1
image_4177.jpg,1
image_4178.jpg,0
image_4179.jpg,1
image_4180.jpg,0
image_4181.jpg,1
image_4182.jpg,1
image_4183.jpg,1
image_4184.jpg,0
image_4185.jpg,1
image_4186.jpg,1
image_4187.jpg,1
image_4188.jpg,1
image_4189.jpg,0
image_4190.jpg,1
image_4191.jpg,0
image_4192.jpg,1
image_4193.jpg,1
image_4194.jpg,1
image_4195.jpg,1
image_4196.jpg,1
image_4197.jpg,1
image_4198.jpg,1
image_4199.jpg,1
image_4200.jpg,0
image_4201.jpg,0
image_4202.jpg,0
image_4203.jpg,1
image_4204.jpg,0
image_4205.jpg,0
image_4206.jpg,1
image_4207.jpg,0
image_4208.jpg,1
image_4209.jpg,0
image_4210.jpg,1
image_4211.jpg,1
image_4212.jpg,0
image_4213.jpg,1
image_4214.jpg,1
image_4215.jpg,0
image_4216.jpg,1
image_4217.jpg,1
image_4218.jpg,0
image_4219.jpg,1
image_4220.jpg,1
image_4221.jpg,1
image_4222.jpg,1
image_4223.jpg,0
image_4224.jpg,0
image_4225.jpg,0
image_4226.jpg,1
image_4227.jpg,1
image_4228.jpg,0
image_4229.jpg,0
image_4230.jpg,1
image_4231.jpg,0
image_4232.jpg,0
image_4233.jpg,1
image_4234.jpg,1
image_4235.jpg,1
image_4236.jpg,1
image_4237.jpg,1
image_4238.jpg,1
image_4239.jpg,1
image_4240.jpg,1
image_4241.jpg,1
image_4242.jpg,1
image_4243.jpg,1
image_4244.jpg,1
image_4245.jpg,1
image_4246.jpg,0
image_4247.jpg,1
image_4248.jpg,1
image_4249.jpg,0
image_4250.jpg,1
image_4251.jpg,1
image_4252.jpg,1
image_4253.jpg,0
image_4254.jpg,1
image_4255.jpg,1
image_4256.jpg,0
image_4257.jpg,0
image_4258.jpg,0
image_4259.jpg,1
image_4260.jpg,1
image_4261.jpg,1
image_4262.jpg,1
image_4263.jpg,1
image_4264.jpg,0
image_4265.jpg,1
image_4266.jpg,1
image_4267.jpg,0
image_4268.jpg,1
image_4269.jpg,1
image_4270.jpg,1
image_4271.jpg,0
image_4272.jpg,1
image_4273.jpg,1
image_4274.jpg,1
image_4275.jpg,1
image_4276.jpg,0
image_4277.jpg,1
image_4278.jpg,0
image_4279.jpg,1
image_4280.jpg,0
image_4281.jpg,0
image_4282.jpg,0
image_4283.jpg,1
image_4284.jpg,1
image_4285.jpg,1
image_4286.jpg,0
image_4287.jpg,1
image_4288.jpg,0
image_4289.jpg,0
image_4290.jpg,1
image_4291.jpg,1
image_4292.jpg,1
image_4293.jpg,0
image_4294.jpg,1
image_4295.jpg,1
image_4296.jpg,1
image_4297.jpg,1
image_4298.jpg,1
image_4299.jpg,1
image_4300.jpg,0
image_4301.jpg,0
image_4302.jpg,0
image_4303.jpg,1
image_4304.jpg,0
image_4305.jpg,1
image_4306.jpg,0
image_4307.jpg,1
image_4308.jpg,1
image_4309.jpg,0
image_4310.jpg,0
image_4311.jpg,0
image_4312.jpg,1
image_4313.jpg,0
image_4314.jpg,1
image_4315.jpg,0
image_4316.jpg,0
image_4317.jpg,1
image_4318.jpg,1
image_4319.jpg,1
image_4320.jpg,0
image_4321.jpg,0
image_4322.jpg,1
image_4323.jpg,1
image_4324.jpg,1
image_4325.jpg,0
image_4326.jpg,1
image_4327.jpg,1
image_4328.jpg,1
image_4329.jpg,1
image_4330.jpg,1
image_4331.jpg,1
image_4332.jpg,1
image_4333.jpg,0
image_4334.jpg,1
image_4335.jpg,1
image_4336.jpg,1
image_4337.jpg,0
image_4338.jpg,1
image_4339.jpg,1
image_4340.jpg,1
image_4341.jpg,0
image_4342.jpg,1
image_4343.jpg,0
image_4344.jpg,1
image_4345.jpg,1
image_4346.jpg,1
image_4347.jpg,0
image_4348.jpg,1
image_4349.jpg,0
image_4350.jpg,1
image_4351.jpg,1
image_4352.jpg,0
image_4353.jpg,1
image_4354.jpg,1
image_4355.jpg,1
image_4356.jpg,1
image_4357.jpg,1
image_4358.jpg,0
image_4359.jpg,1
image_4360.jpg,1
image_4361.jpg,0
image_4362.jpg,1
image_4363.jpg,0
image_4364.jpg,1
image_4365.jpg,0
image_4366.jpg,0
image_4367.jpg,1
image_4368.jpg,1
image_4369.jpg,1
image_4370.jpg,1
image_4371.jpg,1
image_4372.jpg,0
image_4373.jpg,0
image_4374.jpg,0
image_4375.jpg,1
image_4376.jpg,0
image_4377.jpg,0
image_4378.jpg,0
image_4379.jpg,1
image_4380.jpg,1
image_4381.jpg,0
image_4382.jpg,0
image_4383.jpg,1
image_4384.jpg,1
image_4385.jpg,0
image_4386.jpg,1
image_4387.jpg,0
image_4388.jpg,1
image_4389.jpg,1
image_4390.jpg,1
image_4391.jpg,1
image_4392.jpg,0
image_4393.jpg,1
image_4394.jpg,1
image_4395.jpg,0
image_4396.jpg,1
image_4397.jpg,0
image_4398.jpg,1
image_4399.jpg,1
image_4400.jpg,0
image_4401.jpg,1
image_4402.jpg,1
image_4403.jpg,1
image_4404.jpg,1
image_4405.jpg,0
image_4406.jpg,1
image_4407.jpg,0
image_4408.jpg,0
image_4409.jpg,1
image_4410.jpg,1
image_4411.jpg,1
image_4412.jpg,1
image_4413.jpg,0
image_4414.jpg,1
image_4415.jpg,0
image_4416.jpg,1
image_4417.jpg,1
image_4418.jpg,0
image_4419.jpg,1
image_4420.jpg,0
image_4421.jpg,1
image_4422.jpg,1
image_4423.jpg,0
image_4424.jpg,0
image_4425.jpg,1
image_4426.jpg,1
image_4427.jpg,1
image_4428.jpg,1
image_4429.jpg,0
image_4430.jpg,1
image_4431.jpg,0
image_4432.jpg,1
image_4433.jpg,1
image_4434.jpg,1
image_4435.jpg,1
image_4436.jpg,1
image_4437.jpg,1
image_4438.jpg,0
image_4439.jpg,1
image_4440.jpg,0
image_4441.jpg,0
image_4442.jpg,1
image_4443.jpg,0
image_4444.jpg,1
image_4445.jpg,1
image_4446.jpg,1
image_4447.jpg,1
image_4448.jpg,1
image_4449.jpg,1
image_4450.jpg,1
image_4451.jpg,1
image_4452.jpg,1
image_4453.jpg,0
image_4454.jpg,0
image_4455.jpg,1
image_4456.jpg,1
image_4457.jpg,1
image_4458.jpg,0
image_4459.jpg,1
image_4460.jpg,1
image_4461.jpg,0
image_4462.jpg,1
image_4463.jpg,1
image_4464.jpg,0
image_4465.jpg,1
image_4466.jpg,0
image_4467.jpg,1
image_4468.jpg,1
image_4469.jpg,1
image_4470.jpg,1
image_4471.jpg,1
image_4472.jpg,1
image_4473.jpg,1
image_4474.jpg,1
image_4475.jpg,1
image_4476.jpg,0
image_4477.jpg,1
image_4478.jpg,1
image_4479.jpg,1
image_4480.jpg,1
image_4481.jpg,0
image_4482.jpg,1
image_4483.jpg,0
image_4484.jpg,1
image_4485.jpg,1
image_4486.jpg,1
image_4487.jpg,1
image_4488.jpg,1
image_4489.jpg,0
image_4490.jpg,0
image_4491.jpg,1
image_4492.jpg,1
image_4493.jpg,1
image_4494.jpg,0
image_4495.jpg,1
image_4496.jpg,1
image_4497.jpg,1
image_4498.jpg,1
image_4499.jpg,1
image_4500.jpg,0
image_4501.jpg,1
image_4502.jpg,1
image_4503.jpg,1
image_4504.jpg,0
image_4505.jpg,1
image_4506.jpg,1
image_4507.jpg,1
image_4508.jpg,1
image_4509.jpg,0
image_4510.jpg,1
image_4511.jpg,0
image_4512.jpg,0
image_4513.jpg,1
image_4514.jpg,1
image_4515.jpg,1
image_4516.jpg,1
image_4517.jpg,0
image_4518.jpg,1
image_4519.jpg,1
image_4520.jpg,1
image_4521.jpg,1
image_4522.jpg,1
image_4523.jpg,0
image_4524.jpg,1
image_4525.jpg,0
image_4526.jpg,0
image_4527.jpg,0
image_4528.jpg,1
image_4529.jpg,1
image_4530.jpg,1
image_4531.jpg,1
image_4532.jpg,0
image_4533.jpg,1
image_4534.jpg,0
image_4535.jpg,0
image_4536.jpg,1
image_4537.jpg,0
image_4538.jpg,1
image_4539.jpg,0
image_4540.jpg,0
image_4541.jpg,0
image_4542.jpg,1
image_4543.jpg,0
image_4544.jpg,1
image_4545.jpg,0
image_4546.jpg,0
image_4547.jpg,0
image_4548.jpg,1
image_4549.jpg,0
image_4550.jpg,1
image_4551.jpg,1
image_4552.jpg,1
image_4553.jpg,1
image_4554.jpg,1
image_4555.jpg,1
image_4556.jpg,1
image_4557.jpg,1
image_4558.jpg,1
image_4559.jpg,1
image_4560.jpg,1
image_4561.jpg,0
image_4562.jpg,1
image_4563.jpg,1
image_4564.jpg,1
image_4565.jpg,1
image_4566.jpg,0
image_4567.jpg,0
image_4568.jpg,1
image_4569.jpg,1
image_4570.jpg,1
image_4571.jpg,1
image_4572.jpg,1
image_4573.jpg,1
image_4574.jpg,0
image_4575.jpg,1
image_4576.jpg,1
image_4577.jpg,0
image_4578.jpg,1
image_4579.jpg,1
image_4580.jpg,0
image_4581.jpg,1
image_4582.jpg,0
image_4583.jpg,0
image_4584.jpg,1
image_4585.jpg,1
image_4586.jpg,1
image_4587.jpg,1
image_4588.jpg,1
image_4589.jpg,1
image_4590.jpg,1
image_4591.jpg,1
image_4592.jpg,1
image_4593.jpg,0
image_4594.jpg,1
image_4595.jpg,1
image_4596.jpg,0
image_4597.jpg,0
image_4598.jpg,1
image_4599.jpg,1
image_4600.jpg,0
image_4601.jpg,0
image_4602.jpg,1
image_4603.jpg,0
image_4604.jpg,1
image_4605.jpg,1
image_4606.jpg,0
image_4607.jpg,1
image_4608.jpg,1
image_4609.jpg,1
image_4610.jpg,0
image_4611.jpg,1
image_4612.jpg,1
image_4613.jpg,1
image_4614.jpg,0
image_4615.jpg,0
image_4616.jpg,1
image_4617.jpg,0
image_4618.jpg,1
image_4619.jpg,1
image_4620.jpg,1
image_4621.jpg,1
image_4622.jpg,1
image_4623.jpg,1
image_4624.jpg,1
image_4625.jpg,1
image_4626.jpg,1
image_4627.jpg,1
image_4628.jpg,1
image_4629.jpg,0
image_4630.jpg,0
image_4631.jpg,0
image_4632.jpg,1
image_4633.jpg,1
image_4634.jpg,1
image_4635.jpg,1
image_4636.jpg,1
image_4637.jpg,1
image_4638.jpg,1
image_4639.jpg,1
image_4640.jpg,1
image_4641.jpg,0
image_4642.jpg,1
image_4643.jpg,0
image_4644.jpg,1
image_4645.jpg,1
image_4646.jpg,1
image_4647.jpg,1
image_4648.jpg,1
image_4649.jpg,0
image_4650.jpg,1
image_4651.jpg,1
image_4652.jpg,1
image_4653.jpg,1
image_4654.jpg,1
image_4655.jpg,1
image_4656.jpg,1
image_4657.jpg,1
image_4658.jpg,1
image_4659.jpg,0
image_4660.jpg,1
image_4661.jpg,0
image_4662.jpg,1
image_4663.jpg,0
image_4664.jpg,1
image_4665.jpg,0
image_4666.jpg,0
image_4667.jpg,1
image_4668.jpg,0
image_4669.jpg,1
image_4670.jpg,1
image_4671.jpg,0
image_4672.jpg,1
image_4673.jpg,0
image_4674.jpg,0
image_4675.jpg,0
image_4676.jpg,1
image_4677.jpg,0
image_4678.jpg,1
image_4679.jpg,1
image_4680.jpg,1
image_4681.jpg,1
image_4682.jpg,1
image_4683.jpg,0
image_4684.jpg,1
image_4685.jpg,1
image_4686.jpg,1
image_4687.jpg,0
image_4688.jpg,1
image_4689.jpg,1
image_4690.jpg,0
image_4691.jpg,1
image_4692.jpg,1
image_4693.jpg,0
image_4694.jpg,0
image_4695.jpg,1
image_4696.jpg,1
image_4697.jpg,1
image_4698.jpg,1
image_4699.jpg,1
image_4700.jpg,1
image_4701.jpg,1
image_4702.jpg,0
image_4703.jpg,0
image_4704.jpg,1
image_4705.jpg,1
image_4706.jpg,1
image_4707.jpg,0
image_4708.jpg,1
image_4709.jpg,0
image_4710.jpg,0
image_4711.jpg,1
image_4712.jpg,1
image_4713.jpg,0
image_4714.jpg,0
image_4715.jpg,1
image_4716.jpg,1
image_4717.jpg,0
image_4718.jpg,1
image_4719.jpg,1
image_4720.jpg,1
image_4721.jpg,1
image_4722.jpg,0
image_4723.jpg,1
image_4724.jpg,1
image_4725.jpg,1
image_4726.jpg,0
image_4727.jpg,1
image_4728.jpg,1
image_4729.jpg,0
image_4730.jpg,1
image_4731.jpg,1
image_4732.jpg,0
image_4733.jpg,1
image_4734.jpg,1
image_4735.jpg,1
image_4736.jpg,1
image_4737.jpg,0
image_4738.jpg,0
image_4739.jpg,1
image_4740.jpg,0
image_4741.jpg,1
image_4742.jpg,1
image_4743.jpg,1
image_4744.jpg,1
image_4745.jpg,0
image_4746.jpg,0
image_4747.jpg,1
image_4748.jpg,1
image_4749.jpg,1
image_4750.jpg,1
image_4751.jpg,1
image_4752.jpg,1
image_4753.jpg,1
image_4754.jpg,1
image_4755.jpg,0
image_4756.jpg,1
image_4757.jpg,1
image_4758.jpg,1
image_4759.jpg,1
image_4760.jpg,0
image_4761.jpg,0
image_4762.jpg,1
image_4763.jpg,1
image_4764.jpg,1
image_4765.jpg,1
image_4766.jpg,1
image_4767.jpg,0
image_4768.jpg,1
image_4769.jpg,1
image_4770.jpg,1
image_4771.jpg,1
image_4772.jpg,0
image_4773.jpg,1
image_4774.jpg,1
image_4775.jpg,0
image_4776.jpg,1
image_4777.jpg,0
image_4778.jpg,1
image_4779.jpg,1
image_4780.jpg,1
image_4781.jpg,1
image_4782.jpg,0
image_4783.jpg,0
image_4784.jpg,1
image_4785.jpg,1
image_4786.jpg,0
image_4787.jpg,1
image_4788.jpg,1
image_4789.jpg,1
image_4790.jpg,1
image_4791.jpg,1
image_4792.jpg,1
image_4793.jpg,0
image_4794.jpg,1
image_4795.jpg,1
image_4796.jpg,0
image_4797.jpg,1
image_4798.jpg,0
image_4799.jpg,1
image_4800.jpg,1
image_4801.jpg,1
image_4802.jpg,1
image_4803.jpg,1
image_4804.jpg,1
image_4805.jpg,1
image_4806.jpg,0
image_4807.jpg,1
image_4808.jpg,0
image_4809.jpg,1
image_4810.jpg,1
image_4811.jpg,1
image_4812.jpg,1
image_4813.jpg,1
image_4814.jpg,1
image_4815.jpg,1
image_4816.jpg,0
image_4817.jpg,1
image_4818.jpg,0
image_4819.jpg,1
image_4820.jpg,1
image_4821.jpg,1
image_4822.jpg,1
image_4823.jpg,0
image_4824.jpg,1
image_4825.jpg,1
image_4826.jpg,1
image_4827.jpg,1
image_4828.jpg,1
image_4829.jpg,1
image_4830.jpg,1
image_4831.jpg,0
image_4832.jpg,0
image_4833.jpg,1
image_4834.jpg,1
image_4835.jpg,0
image_4836.jpg,1
image_4837.jpg,1
image_4838.jpg,0
image_4839.jpg,0
image_4840.jpg,0
image_4841.jpg,1
image_4842.jpg,0
image_4843.jpg,1
image_4844.jpg,1
image_4845.jpg,0
image_4846.jpg,1
image_4847.jpg,0
image_4848.jpg,0
image_4849.jpg,1
image_4850.jpg,1
image_4851.jpg,0
image_4852.jpg,1
image_4853.jpg,1
image_4854.jpg,1
image_4855.jpg,1
image_4856.jpg,0
image_4857.jpg,1
image_4858.jpg,1
image_4859.jpg,1
image_4860.jpg,1
image_4861.jpg,1
image_4862.jpg,1
image_4863.jpg,1
image_4864.jpg,1
image_4865.jpg,1
image_4866.jpg,1
image_4867.jpg,1
image_4868.jpg,0
image_4869.jpg,0
image_4870.jpg,0
image_4871.jpg,1
image_4872.jpg,1
image_4873.jpg,1
image_4874.jpg,1
image_4875.jpg,1
image_4876.jpg,0
image_4877.jpg,0
image_4878.jpg,1
image_4879.jpg,0
image_4880.jpg,0
image_4881.jpg,0
image_4882.jpg,1
image_4883.jpg,1
image_4884.jpg,1
image_4885.jpg,1
image_4886.jpg,1
image_4887.jpg,1
image_4888.jpg,1
image_4889.jpg,1
image_4890.jpg,0
image_4891.jpg,1
image_4892.jpg,1
image_4893.jpg,0
image_4894.jpg,1
image_4895.jpg,0
image_4896.jpg,0
image_4897.jpg,1
image_4898.jpg,1
image_4899.jpg,1
image_4900.jpg,0
image_4901.jpg,1
image_4902.jpg,0
image_4903.jpg,1
image_4904.jpg,1
image_4905.jpg,1
image_4906.jpg,1
image_4907.jpg,0
image_4908.jpg,1
image_4909.jpg,0
image_4910.jpg,1
image_4911.jpg,0
image_4912.jpg,1
image_4913.jpg,1
image_4914.jpg,0
image_4915.jpg,0
image_4916.jpg,0
image_4917.jpg,1
image_4918.jpg,1
image_4919.jpg,1
image_4920.jpg,1
image_4921.jpg,1
image_4922.jpg,1
image_4923.jpg,1
image_4924.jpg,1
image_4925.jpg,1
image_4926.jpg,0
image_4927.jpg,1
image_4928.jpg,1
image_4929.jpg,1
image_4930.jpg,0
image_4931.jpg,1
image_4932.jpg,1
image_4933.jpg,1
image_4934.jpg,1
image_4935.jpg,1
image_4936.jpg,1
image_4937.jpg,1
image_4938.jpg,1
image_4939.jpg,1
image_4940.jpg,1
image_4941.jpg,0
image_4942.jpg,1
image_4943.jpg,1
image_4944.jpg,1
image_4945.jpg,1
image_4946.jpg,0
image_4947.jpg,1
image_4948.jpg,0
image_4949.jpg,1
image_4950.jpg,1
image_4951.jpg,1
image_4952.jpg,0
image_4953.jpg,1
image_4954.jpg,1
image_4955.jpg,1
image_4956.jpg,0
image_4957.jpg,1
image_4958.jpg,1
image_4959.jpg,0
image_4960.jpg,1
image_4961.jpg,1
image_4962.jpg,0
image_4963.jpg,1
image_4964.jpg,1
image_4965.jpg,1
image_4966.jpg,1
image_4967.jpg,0
image_4968.jpg,1
image_4969.jpg,0
image_4970.jpg,1
image_4971.jpg,1
image_4972.jpg,1
image_4973.jpg,1
image_4974.jpg,1
image_4975.jpg,0
image_4976.jpg,0
image_4977.jpg,1
image_4978.jpg,1
image_4979.jpg,0
image_4980.jpg,1
image_4981.jpg,1
image_4982.jpg,1
image_4983.jpg,1
image_4984.jpg,1
image_4985.jpg,0
image_4986.jpg,1
image_4987.jpg,1
image_4988.jpg,0
image_4989.jpg,1
image_4990.jpg,0
image_4991.jpg,0
image_4992.jpg,1
image_4993.jpg,1
image_4994.jpg,1
image_4995.jpg,0
image_4996.jpg,0
image_4997.jpg,0
image_4998.jpg,1
image_4999.jpg,1
image_5000.jpg,0
image_5001.jpg,1
image_5002.jpg,1
image_5003.jpg,1
image_5004.jpg,1
image_5005.jpg,1
image_5006.jpg,0
image_5007.jpg,0
image_5008.jpg,1
image_5009.jpg,0
image_5010.jpg,1
image_5011.jpg,0
image_5012.jpg,1
image_5013.jpg,1
image_5014.jpg,0
image_5015.jpg,0
image_5016.jpg,0
image_5017.jpg,0
image_5018.jpg,1
image_5019.jpg,1
image_5020.jpg,0
image_5021.jpg,1
image_5022.jpg,1
image_5023.jpg,1
image_5024.jpg,1
image_5025.jpg,1
image_5026.jpg,1
image_5027.jpg,1
image_5028.jpg,1
image_5029.jpg,1
image_5030.jpg,1
image_5031.jpg,1
image_5032.jpg,1
image_5033.jpg,1
image_5034.jpg,1
image_5035.jpg,1
image_5036.jpg,1
image_5037.jpg,1
image_5038.jpg,0
image_5039.jpg,1
image_5040.jpg,0
image_5041.jpg,1
image_5042.jpg,1
image_5043.jpg,0
image_5044.jpg,1
image_5045.jpg,0
image_5046.jpg,1
image_5047.jpg,1
image_5048.jpg,1
image_5049.jpg,0
image_5050.jpg,1
image_5051.jpg,1
image_5052.jpg,0
image_5053.jpg,1
image_5054.jpg,1
image_5055.jpg,1
image_5056.jpg,0
image_5057.jpg,1
image_5058.jpg,1
image_5059.jpg,1
image_5060.jpg,1
image_5061.jpg,0
image_5062.jpg,1
image_5063.jpg,1
image_5064.jpg,0
image_5065.jpg,0
image_5066.jpg,1
image_5067.jpg,1
image_5068.jpg,1
image_5069.jpg,1
image_5070.jpg,0
image_5071.jpg,1
image_5072.jpg,1
image_5073.jpg,1
image_5074.jpg,1
image_5075.jpg,1
image_5076.jpg,1
image_5077.jpg,1
image_5078.jpg,1
image_5079.jpg,1
image_5080.jpg,0
image_5081.jpg,1
image_5082.jpg,1
image_5083.jpg,0
image_5084.jpg,1
image_5085.jpg,0
image_5086.jpg,1
image_5087.jpg,0
image_5088.jpg,1
image_5089.jpg,1
image_5090.jpg,1
image_5091.jpg,1
image_5092.jpg,1
image_5093.jpg,1
image_5094.jpg,0
image_5095.jpg,0
image_5096.jpg,1
image_5097.jpg,1
image_5098.jpg,1
image_5099.jpg,1
image_5100.jpg,1
image_5101.jpg,1
image_5102.jpg,1
image_5103.jpg,1
image_5104.jpg,1
image_5105.jpg,1
image_5106.jpg,1
image_5107.jpg,0
image_5108.jpg,1
image_5109.jpg,1
image_5110.jpg,0
image_5111.jpg,1
image_5112.jpg,1
image_5113.jpg,1
image_5114.jpg,0
image_5115.jpg,1
image_5116.jpg,1
image_5117.jpg,0
image_5118.jpg,0
image_5119.jpg,0
image_5120.jpg,0
image_5121.jpg,0
image_5122.jpg,1
image_5123.jpg,1
image_5124.jpg,1
image_5125.jpg,1
image_5126.jpg,0
image_5127.jpg,1
image_5128.jpg,1
image_5129.jpg,1
image_5130.jpg,1
image_5131.jpg,1
image_5132.jpg,1
image_5133.jpg,1
image_5134.jpg,0
image_5135.jpg,1
image_5136.jpg,0
image_5137.jpg,1
image_5138.jpg,1
image_5139.jpg,0
image_5140.jpg,0
image_5141.jpg,1
image_5142.jpg,1
image_5143.jpg,0
image_5144.jpg,1
image_5145.jpg,0
image_5146.jpg,1
image_5147.jpg,1
image_5148.jpg,1
image_5149.jpg,1
image_5150.jpg,0
image_5151.jpg,0
image_5152.jpg,1
image_5153.jpg,1
image_5154.jpg,0
image_5155.jpg,0
image_5156.jpg,1
image_5157.jpg,1
image_5158.jpg,1
image_5159.jpg,1
image_5160.jpg,1
image_5161.jpg,1
image_5162.jpg,0
image_5163.jpg,0
image_5164.jpg,1
image_5165.jpg,1
image_5166.jpg,1
image_5167.jpg,0
image_5168.jpg,1
image_5169.jpg,0
image_5170.jpg,1
image_5171.jpg,1
image_5172.jpg,0
image_5173.jpg,1
image_5174.jpg,0
image_5175.jpg,0
image_5176.jpg,1
image_5177.jpg,1
image_5178.jpg,1
image_5179.jpg,1
image_5180.jpg,1
image_5181.jpg,1
image_5182.jpg,0
image_5183.jpg,1
image_5184.jpg,1
image_5185.jpg,1
image_5186.jpg,1
image_5187.jpg,1
image_5188.jpg,1
image_5189.jpg,1
image_5190.jpg,0
image_5191.jpg,1
image_5192.jpg,1
image_5193.jpg,1
image_5194.jpg,1
image_5195.jpg,0
image_5196.jpg,1
image_5197.jpg,1
image_5198.jpg,1
image_5199.jpg,0
image_5200.jpg,1
image_5201.jpg,1
image_5202.jpg,1
image_5203.jpg,0
image_5204.jpg,1
image_5205.jpg,1
image_5206.jpg,1
image_5207.jpg,1
image_5208.jpg,1
image_5209.jpg,1
image_5210.jpg,1
image_5211.jpg,1
image_5212.jpg,0
image_5213.jpg,1
image_5214.jpg,1
image_5215.jpg,0
image_5216.jpg,0
image_5217.jpg,1
image_5218.jpg,1
image_5219.jpg,1
image_5220.jpg,1
image_5221.jpg,0
image_5222.jpg,1
image_5223.jpg,0
image_5224.jpg,1
image_5225.jpg,0
image_5226.jpg,1
image_5227.jpg,1
image_5228.jpg,0
image_5229.jpg,0
image_5230.jpg,0
image_5231.jpg,1
image_5232.jpg,1
image_5233.jpg,1
image_5234.jpg,1
image_5235.jpg,1
image_5236.jpg,1
image_5237.jpg,1
image_5238.jpg,1
image_5239.jpg,1
image_5240.jpg,1
image_5241.jpg,0
image_5242.jpg,1
image_5243.jpg,1
image_5244.jpg,1
image_5245.jpg,0
image_5246.jpg,1
image_5247.jpg,0
image_5248.jpg,0
image_5249.jpg,0
image_5250.jpg,1
image_5251.jpg,1
image_5252.jpg,1
image_5253.jpg,0
image_5254.jpg,1
image_5255.jpg,1
image_5256.jpg,1
image_5257.jpg,1
image_5258.jpg,1
image_5259.jpg,0
image_5260.jpg,1
image_5261.jpg,1
image_5262.jpg,1
image_5263.jpg,0
image_5264.jpg,1
image_5265.jpg,1
image_5266.jpg,1
image_5267.jpg,0
image_5268.jpg,1
image_5269.jpg,1
image_5270.jpg,1
image_5271.jpg,1
image_5272.jpg,1
image_5273.jpg,1
image_5274.jpg,1
image_5275.jpg,0
image_5276.jpg,1
image_5277.jpg,0
image_5278.jpg,1
image_5279.jpg,0
image_5280.jpg,1
image_5281.jpg,1
image_5282.jpg,1
image_5283.jpg,0
image_5284.jpg,1
image_5285.jpg,1
image_5286.jpg,1
image_5287.jpg,0
image_5288.jpg,1
image_5289.jpg,0
image_5290.jpg,1
image_5291.jpg,1
image_5292.jpg,1
image_5293.jpg,0
image_5294.jpg,0
image_5295.jpg,1
image_5296.jpg,0
image_5297.jpg,1
image_5298.jpg,1
image_5299.jpg,1
image_5300.jpg,1
image_5301.jpg,1
image_5302.jpg,0
image_5303.jpg,0
image_5304.jpg,1
image_5305.jpg,1
image_5306.jpg,1
image_5307.jpg,1
image_5308.jpg,0
image_5309.jpg,1
image_5310.jpg,1
image_5311.jpg,1
image_5312.jpg,0
image_5313.jpg,1
image_5314.jpg,1
image_5315.jpg,1
image_5316.jpg,0
image_5317.jpg,1
image_5318.jpg,1
image_5319.jpg,1
image_5320.jpg,1
image_5321.jpg,0
image_5322.jpg,1
image_5323.jpg,0
image_5324.jpg,1
image_5325.jpg,1
image_5326.jpg,0
image_5327.jpg,1
image_5328.jpg,0
image_5329.jpg,1
image_5330.jpg,1
image_5331.jpg,1
image_5332.jpg,1
image_5333.jpg,0
image_5334.jpg,0
image_5335.jpg,1
image_5336.jpg,1
image_5337.jpg,1
image_5338.jpg,1
image_5339.jpg,1
image_5340.jpg,1
image_5341.jpg,1
image_5342.jpg,1
image_5343.jpg,0
image_5344.jpg,1
image_5345.jpg,1
image_5346.jpg,1
image_5347.jpg,1
image_5348.jpg,1
image_5349.jpg,1
image_5350.jpg,0
image_5351.jpg,0
image_5352.jpg,1
image_5353.jpg,1
image_5354.jpg,1
image_5355.jpg,0
image_5356.jpg,1
image_5357.jpg,1
image_5358.jpg,0
image_5359.jpg,0
image_5360.jpg,1
image_5361.jpg,0
image_5362.jpg,1
image_5363.jpg,1
image_5364.jpg,1
image_5365.jpg,0
image_5366.jpg,1
image_5367.jpg,0
image_5368.jpg,0
image_5369.jpg,1
image_5370.jpg,1
image_5371.jpg,1
image_5372.jpg,1
image_5373.jpg,0
image_5374.jpg,0
image_5375.jpg,0
image_5376.jpg,1
image_5377.jpg,1
image_5378.jpg,1
image_5379.jpg,1
image_5380.jpg,0
image_5381.jpg,1
image_5382.jpg,1
image_5383.jpg,0
image_5384.jpg,1
image_5385.jpg,0
image_5386.jpg,1
image_5387.jpg,0
image_5388.jpg,0
image_5389.jpg,1
image_5390.jpg,0
image_5391.jpg,1
image_5392.jpg,0
image_5393.jpg,0
image_5394.jpg,1
image_5395.jpg,1
image_5396.jpg,1
image_5397.jpg,1
image_5398.jpg,1
image_5399.jpg,1
image_5400.jpg,1
image_5401.jpg,1
image_5402.jpg,1
image_5403.jpg,1
image_5404.jpg,1
image_5405.jpg,1
image_5406.jpg,0
image_5407.jpg,0
image_5408.jpg,1
image_5409.jpg,0
image_5410.jpg,1
image_5411.jpg,0
image_5412.jpg,1
image_5413.jpg,1
image_5414.jpg,1
image_5415.jpg,0
image_5416.jpg,1
image_5417.jpg,1
image_5418.jpg,1
image_5419.jpg,1
image_5420.jpg,1
image_5421.jpg,1
image_5422.jpg,1
image_5423.jpg,0
image_5424.jpg,1
image_5425.jpg,0
image_5426.jpg,1
image_5427.jpg,0
image_5428.jpg,1
image_5429.jpg,1
image_5430.jpg,1
image_5431.jpg,0
image_5432.jpg,1
image_5433.jpg,1
image_5434.jpg,1
image_5435.jpg,1
image_5436.jpg,1
image_5437.jpg,0
image_5438.jpg,1
image_5439.jpg,1
image_5440.jpg,0
image_5441.jpg,1
image_5442.jpg,1
image_5443.jpg,1
image_5444.jpg,1
image_5445.jpg,1
image_5446.jpg,0
image_5447.jpg,1
image_5448.jpg,0
image_5449.jpg,0
image_5450.jpg,0
image_5451.jpg,0
image_5452.jpg,0
image_5453.jpg,1
image_5454.jpg,1
image_5455.jpg,1
image_5456.jpg,1
image_5457.jpg,0
image_5458.jpg,1
image_5459.jpg,0
image_5460.jpg,1
image_5461.jpg,0
image_5462.jpg,1
image_5463.jpg,1
image_5464.jpg,1
image_5465.jpg,1
image_5466.jpg,1
image_5467.jpg,0
image_5468.jpg,1
image_5469.jpg,1
image_5470.jpg,0
image_5471.jpg,1
image_5472.jpg,0
image_5473.jpg,1
image_5474.jpg,1
image_5475.jpg,1
image_5476.jpg,0
image_5477.jpg,1
image_5478.jpg,1
image_5479.jpg,1
image_5480.jpg,1
image_5481.jpg,1
image_5482.jpg,1
image_5483.jpg,1
image_5484.jpg,0
image_5485.jpg,1
image_5486.jpg,0
image_5487.jpg,1
image_5488.jpg,0
image_5489.jpg,1
image_5490.jpg,1
image_5491.jpg,0
image_5492.jpg,1
image_5493.jpg,0
image_5494.jpg,1
image_5495.jpg,1
image_5496.jpg,1
image_5497.jpg,1
image_5498.jpg,0
image_5499.jpg,0
image_5500.jpg,1
image_5501.jpg,1
image_5502.jpg,1
image_5503.jpg,0
image_5504.jpg,1
image_5505.jpg,0
image_5506.jpg,0
image_5507.jpg,1
image_5508.jpg,1
image_5509.jpg,1
image_5510.jpg,1
image_5511.jpg,1
image_5512.jpg,1
image_5513.jpg,1
image_5514.jpg,1
image_5515.jpg,1
image_5516.jpg,1
image_5517.jpg,0
image_5518.jpg,1
image_5519.jpg,1
image_5520.jpg,1
image_5521.jpg,1
image_5522.jpg,1
image_5523.jpg,1
image_5524.jpg,0
image_5525.jpg,1
image_5526.jpg,1
image_5527.jpg,0
image_5528.jpg,0
image_5529.jpg,1
image_5530.jpg,1
image_5531.jpg,1
image_5532.jpg,1
image_5533.jpg,0
image_5534.jpg,0
image_5535.jpg,1
image_5536.jpg,1
image_5537.jpg,1
image_5538.jpg,0
image_5539.jpg,0
image_5540.jpg,0
image_5541.jpg,1
image_5542.jpg,1
image_5543.jpg,1
image_5544.jpg,1
image_5545.jpg,1
image_5546.jpg,0
image_5547.jpg,1
image_5548.jpg,1
image_5549.jpg,0
image_5550.jpg,1
image_5551.jpg,1
image_5552.jpg,0
image_5553.jpg,1
image_5554.jpg,1
image_5555.jpg,1
image_5556.jpg,1
image_5557.jpg,1
image_5558.jpg,0
image_5559.jpg,1
image_5560.jpg,0
image_5561.jpg,0
image_5562.jpg,0
image_5563.jpg,0
image_5564.jpg,1
image_5565.jpg,1
image_5566.jpg,1
image_5567.jpg,1
image_5568.jpg,0
image_5569.jpg,1
image_5570.jpg,0
image_5571.jpg,1
image_5572.jpg,0
image_5573.jpg,1
image_5574.jpg,1
image_5575.jpg,0
image_5576.jpg,0
image_5577.jpg,0
image_5578.jpg,0
image_5579.jpg,0
image_5580.jpg,1
image_5581.jpg,1
image_5582.jpg,1
image_5583.jpg,1
image_5584.jpg,1
image_5585.jpg,1
image_5586.jpg,0
image_5587.jpg,1
image_5588.jpg,1
image_5589.jpg,1
image_5590.jpg,1
image_5591.jpg,0
image_5592.jpg,0
image_5593.jpg,0
image_5594.jpg,1
image_5595.jpg,1
image_5596.jpg,1
image_5597.jpg,1
image_5598.jpg,1
image_5599.jpg,1
image_5600.jpg,1
image_5601.jpg,1
image_5602.jpg,1
image_5603.jpg,1
image_5604.jpg,1
image_5605.jpg,1
image_5606.jpg,1
image_5607.jpg,1
image_5608.jpg,1
image_5609.jpg,1
image_5610.jpg,1
image_5611.jpg,1
image_5612.jpg,1
image_5613.jpg,0
image_5614.jpg,1
image_5615.jpg,1
image_5616.jpg,0
image_5617.jpg,1
image_5618.jpg,1
image_5619.jpg,1
image_5620.jpg,1
image_5621.jpg,1
image_5622.jpg,1
image_5623.jpg,0
image_5624.jpg,1
image_5625.jpg,1
image_5626.jpg,1
image_5627.jpg,1
image_5628.jpg,0
image_5629.jpg,1
image_5630.jpg,1
image_5631.jpg,0
image_5632.jpg,1
image_5633.jpg,0
image_5634.jpg,1
image_5635.jpg,1
image_5636.jpg,0
image_5637.jpg,0
image_5638.jpg,1
image_5639.jpg,1
image_5640.jpg,0
image_5641.jpg,1
image_5642.jpg,0
image_5643.jpg,1
image_5644.jpg,1
image_5645.jpg,0
image_5646.jpg,0
image_5647.jpg,0
image_5648.jpg,1
image_5649.jpg,1
image_5650.jpg,1
image_5651.jpg,1
image_5652.jpg,1
image_5653.jpg,1
image_5654.jpg,0
image_5655.jpg,1
image_5656.jpg,1
image_5657.jpg,1
image_5658.jpg,0
image_5659.jpg,0
image_5660.jpg,0
image_5661.jpg,1
image_5662.jpg,1
image_5663.jpg,1
image_5664.jpg,1
image_5665.jpg,1
image_5666.jpg,0
image_5667.jpg,0
image_5668.jpg,1
image_5669.jpg,0
image_5670.jpg,1
image_5671.jpg,1
image_5672.jpg,1
image_5673.jpg,1
image_5674.jpg,1
image_5675.jpg,1
image_5676.jpg,1
image_5677.jpg,1
image_5678.jpg,1
image_5679.jpg,1
image_5680.jpg,1
image_5681.jpg,1
image_5682.jpg,1
image_5683.jpg,0
image_5684.jpg,1
image_5685.jpg,0
image_5686.jpg,0
image_5687.jpg,1
image_5688.jpg,1
image_5689.jpg,1
image_5690.jpg,0
image_5691.jpg,1
image_5692.jpg,1
image_5693.jpg,0
image_5694.jpg,1
image_5695.jpg,1
image_5696.jpg,0
image_5697.jpg,0
image_5698.jpg,1
image_5699.jpg,1
image_5700.jpg,1
image_5701.jpg,1
image_5702.jpg,1
image_5703.jpg,1
image_5704.jpg,1
image_5705.jpg,1
image_5706.jpg,1
image_5707.jpg,1
image_5708.jpg,1
image_5709.jpg,1
image_5710.jpg,1
image_5711.jpg,0
image_5712.jpg,1
image_5713.jpg,1
image_5714.jpg,0
image_5715.jpg,1
image_5716.jpg,0
image_5717.jpg,1
image_5718.jpg,0
image_5719.jpg,1
image_5720.jpg,1
image_5721.jpg,1
image_5722.jpg,1
image_5723.jpg,0
image_5724.jpg,0
image_5725.jpg,1
image_5726.jpg,1
image_5727.jpg,0
image_5728.jpg,0
image_5729.jpg,1
image_5730.jpg,1
image_5731.jpg,1
image_5732.jpg,0
image_5733.jpg,0
image_5734.jpg,1
image_5735.jpg,1
image_5736.jpg,0
image_5737.jpg,1
image_5738.jpg,1
image_5739.jpg,1
image_5740.jpg,1
image_5741.jpg,0
image_5742.jpg,1
image_5743.jpg,0
image_5744.jpg,1
image_5745.jpg,1
image_5746.jpg,1
image_5747.jpg,1
image_5748.jpg,0
image_5749.jpg,1
image_5750.jpg,1
image_5751.jpg,1
image_5752.jpg,1
image_5753.jpg,1
image_5754.jpg,0
image_5755.jpg,0
image_5756.jpg,0
image_5757.jpg,1
image_5758.jpg,1
image_5759.jpg,0
image_5760.jpg,1
image_5761.jpg,0
image_5762.jpg,0
image_5763.jpg,1
image_5764.jpg,0
image_5765.jpg,1
image_5766.jpg,1
image_5767.jpg,0
image_5768.jpg,1
image_5769.jpg,1
image_5770.jpg,1
image_5771.jpg,0
image_5772.jpg,1
image_5773.jpg,1
image_5774.jpg,1
image_5775.jpg,1
image_5776.jpg,0
image_5777.jpg,1
image_5778.jpg,1
image_5779.jpg,1
image_5780.jpg,0
image_5781.jpg,1
image_5782.jpg,1
image_5783.jpg,1
image_5784.jpg,1
image_5785.jpg,1
image_5786.jpg,1
image_5787.jpg,1
image_5788.jpg,0
image_5789.jpg,1
image_5790.jpg,1
image_5791.jpg,1
image_5792.jpg,0
image_5793.jpg,1
image_5794.jpg,1
image_5795.jpg,0
image_5796.jpg,1
image_5797.jpg,1
image_5798.jpg,1
image_5799.jpg,1
image_5800.jpg,0
image_5801.jpg,1
image_5802.jpg,0
image_5803.jpg,1
image_5804.jpg,0
image_5805.jpg,1
image_5806.jpg,0
image_5807.jpg,1
image_5808.jpg,1
image_5809.jpg,1
image_5810.jpg,0
image_5811.jpg,1
image_5812.jpg,1
image_5813.jpg,1
image_5814.jpg,1
image_5815.jpg,1
image_5816.jpg,0
image_5817.jpg,0
image_5818.jpg,1
image_5819.jpg,1
image_5820.jpg,0
image_5821.jpg,1
image_5822.jpg,1
image_5823.jpg,1
image_5824.jpg,0
image_5825.jpg,1
image_5826.jpg,0
image_5827.jpg,1
image_5828.jpg,1
image_5829.jpg,0
image_5830.jpg,0
image_5831.jpg,1
image_5832.jpg,1
image_5833.jpg,1
image_5834.jpg,1
image_5835.jpg,1
image_5836.jpg,0
image_5837.jpg,0
image_5838.jpg,1
image_5839.jpg,1
image_5840.jpg,1
image_5841.jpg,0
image_5842.jpg,0
image_5843.jpg,0
image_5844.jpg,1
image_5845.jpg,0
image_5846.jpg,0
image_5847.jpg,1
image_5848.jpg,1
image_5849.jpg,1
image_5850.jpg,1
image_5851.jpg,0
image_5852.jpg,1
image_5853.jpg,1
image_5854.jpg,1
image_5855.jpg,1
image_5856.jpg,0
image_5857.jpg,0
image_5858.jpg,1
image_5859.jpg,0
image_5860.jpg,1
image_5861.jpg,0
image_5862.jpg,0
image_5863.jpg,1
image_5864.jpg,1
image_5865.jpg,1
image_5866.jpg,1
image_5867.jpg,0
image_5868.jpg,0
image_5869.jpg,1
image_5870.jpg,0
image_5871.jpg,0
image_5872.jpg,1
image_5873.jpg,1
image_5874.jpg,0
image_5875.jpg,1
image_5876.jpg,1
image_5877.jpg,1
image_5878.jpg,1
image_5879.jpg,1
image_5880.jpg,1
image_5881.jpg,1
image_5882.jpg,1
image_5883.jpg,1
image_5884.jpg,1
image_5885.jpg,1
image_5886.jpg,1
image_5887.jpg,0
image_5888.jpg,1
image_5889.jpg,0
image_5890.jpg,1
image_5891.jpg,1
image_5892.jpg,1
image_5893.jpg,1
image_5894.jpg,1
image_5895.jpg,1
image_5896.jpg,1
image_5897.jpg,1
image_5898.jpg,1
image_5899.jpg,0
image_5900.jpg,0
image_5901.jpg,1
image_5902.jpg,0
image_5903.jpg,1
image_5904.jpg,1
image_5905.jpg,1
image_5906.jpg,1
image_5907.jpg,1
image_5908.jpg,0
image_5909.jpg,0
image_5910.jpg,0
image_5911.jpg,1
image_5912.jpg,1
image_5913.jpg,0
image_5914.jpg,0
image_5915.jpg,0
image_5916.jpg,0
image_5917.jpg,1
image_5918.jpg,0
image_5919.jpg,0
image_5920.jpg,1
image_5921.jpg,0
image_5922.jpg,1
image_5923.jpg,1
image_5924.jpg,0
image_5925.jpg,0
image_5926.jpg,1
image_5927.jpg,1
image_5928.jpg,1
image_5929.jpg,1
image_5930.jpg,0
image_5931.jpg,0
image_5932.jpg,1
image_5933.jpg,1
image_5934.jpg,1
image_5935.jpg,1
image_5936.jpg,0
image_5937.jpg,0
image_5938.jpg,0
image_5939.jpg,1
image_5940.jpg,0
image_5941.jpg,1
image_5942.jpg,0
image_5943.jpg,0
image_5944.jpg,1
image_5945.jpg,1
image_5946.jpg,0
image_5947.jpg,0
image_5948.jpg,1
image_5949.jpg,0
image_5950.jpg,0
image_5951.jpg,1
image_5952.jpg,0
image_5953.jpg,1
image_5954.jpg,1
image_5955.jpg,1
image_5956.jpg,1
image_5957.jpg,1
image_5958.jpg,1
image_5959.jpg,0
image_5960.jpg,0
image_5961.jpg,1
image_5962.jpg,1
image_5963.jpg,0
image_5964.jpg,1
image_5965.jpg,0
image_5966.jpg,1
image_5967.jpg,1
image_5968.jpg,1
image_5969.jpg,1
image_5970.jpg,1
image_5971.jpg,1
image_5972.jpg,1
image_5973.jpg,1
image_5974.jpg,0
image_5975.jpg,1
image_5976.jpg,1
image_5977.jpg,0
image_5978.jpg,0
image_5979.jpg,1
image_5980.jpg,1
image_5981.jpg,0
image_5982.jpg,1
image_5983.jpg,0
image_5984.jpg,1
image_5985.jpg,1
image_5986.jpg,0
image_5987.jpg,0
image_5988.jpg,1
image_5989.jpg,1
image_5990.jpg,0
image_5991.jpg,1
image_5992.jpg,0
image_5993.jpg,1
image_5994.jpg,1
image_5995.jpg,1
image_5996.jpg,0
image_5997.jpg,1
image_5998.jpg,1
image_5999.jpg,0
image_6000.jpg,1
image_6001.jpg,1
image_6002.jpg,0
image_6003.jpg,0
image_6004.jpg,1
image_6005.jpg,1
image_6006.jpg,0
image_6007.jpg,1
image_6008.jpg,0
image_6009.jpg,0
image_6010.jpg,1
image_6011.jpg,0
image_6012.jpg,1
image_6013.jpg,0
image_6014.jpg,1
image_6015.jpg,1
image_6016.jpg,1
image_6017.jpg,0
image_6018.jpg,0
image_6019.jpg,0
image_6020.jpg,1
image_6021.jpg,1
image_6022.jpg,1
image_6023.jpg,1
image_6024.jpg,1
image_6025.jpg,0
image_6026.jpg,0
image_6027.jpg,1
image_6028.jpg,1
image_6029.jpg,1
image_6030.jpg,0
image_6031.jpg,1
image_6032.jpg,0
image_6033.jpg,1
image_6034.jpg,0
image_6035.jpg,1
image_6036.jpg,0
image_6037.jpg,1
image_6038.jpg,1
image_6039.jpg,1
image_6040.jpg,1
image_6041.jpg,0
image_6042.jpg,1
image_6043.jpg,0
image_6044.jpg,1
image_6045.jpg,1
image_6046.jpg,1
image_6047.jpg,1
image_6048.jpg,1
image_6049.jpg,1
image_6050.jpg,0
image_6051.jpg,1
image_6052.jpg,1
image_6053.jpg,1
image_6054.jpg,0
image_6055.jpg,1
image_6056.jpg,1
image_6057.jpg,0
image_6058.jpg,0
image_6059.jpg,1
image_6060.jpg,1
image_6061.jpg,1
image_6062.jpg,0
image_6063.jpg,1
image_6064.jpg,0
image_6065.jpg,1
image_6066.jpg,1
image_6067.jpg,1
image_6068.jpg,1
image_6069.jpg,0
image_6070.jpg,0
image_6071.jpg,1
image_6072.jpg,0
image_6073.jpg,0
image_6074.jpg,1
image_6075.jpg,0
image_6076.jpg,1
image_6077.jpg,1
image_6078.jpg,1
image_6079.jpg,0
image_6080.jpg,1
image_6081.jpg,1
image_6082.jpg,1
image_6083.jpg,0
image_6084.jpg,1
image_6085.jpg,0
image_6086.jpg,0
image_6087.jpg,1
image_6088.jpg,0
image_6089.jpg,1
image_6090.jpg,1
image_6091.jpg,1
image_6092.jpg,1
image_6093.jpg,1
image_6094.jpg,1
image_6095.jpg,0
image_6096.jpg,1
image_6097.jpg,1
image_6098.jpg,1
image_6099.jpg,1
image_6100.jpg,1
image_6101.jpg,1
image_6102.jpg,0
image_6103.jpg,0
image_6104.jpg,1
image_6105.jpg,1
image_6106.jpg,1
image_6107.jpg,1
image_6108.jpg,1
image_6109.jpg,1
image_6110.jpg,1
image_6111.jpg,1
image_6112.jpg,1
image_6113.jpg,1
image_6114.jpg,1
image_6115.jpg,0
image_6116.jpg,1
image_6117.jpg,1
image_6118.jpg,0
image_6119.jpg,1
image_6120.jpg,1
image_6121.jpg,1
image_6122.jpg,1
image_6123.jpg,0
image_6124.jpg,1
image_6125.jpg,1
image_6126.jpg,1
image_6127.jpg,0
image_6128.jpg,1
image_6129.jpg,1
image_6130.jpg,0
image_6131.jpg,0
image_6132.jpg,1
image_6133.jpg,1
image_6134.jpg,0
image_6135.jpg,1
image_6136.jpg,1
image_6137.jpg,1
image_6138.jpg,1
image_6139.jpg,1
image_6140.jpg,0
image_6141.jpg,1
image_6142.jpg,0
image_6143.jpg,1
image_6144.jpg,1
image_6145.jpg,1
image_6146.jpg,0
image_6147.jpg,1
image_6148.jpg,1
image_6149.jpg,1
image_6150.jpg,0
image_6151.jpg,0
image_6152.jpg,1
image_6153.jpg,1
image_6154.jpg,1
image_6155.jpg,0
image_6156.jpg,1
image_6157.jpg,1
image_6158.jpg,1
image_6159.jpg,0
image_6160.jpg,1
image_6161.jpg,1
image_6162.jpg,1
image_6163.jpg,1
image_6164.jpg,1
image_6165.jpg,1
image_6166.jpg,1
image_6167.jpg,0
image_6168.jpg,1
image_6169.jpg,1
image_6170.jpg,1
image_6171.jpg,0
image_6172.jpg,0
image_6173.jpg,1
image_6174.jpg,1
image_6175.jpg,1
image_6176.jpg,1
image_6177.jpg,1
image_6178.jpg,1
image_6179.jpg,1
image_6180.jpg,0
image_6181.jpg,1
image_6182.jpg,0
image_6183.jpg,0
image_6184.jpg,1
image_6185.jpg,1
image_6186.jpg,1
image_6187.jpg,1
image_6188.jpg,1
image_6189.jpg,1
image_6190.jpg,1
image_6191.jpg,1
image_6192.jpg,1
image_6193.jpg,1
image_6194.jpg,1
image_6195.jpg,1
image_6196.jpg,1
image_6197.jpg,1
image_6198.jpg,1
image_6199.jpg,1
image_6200.jpg,1
image_6201.jpg,1
image_6202.jpg,1
image_6203.jpg,1
image_6204.jpg,1
image_6205.jpg,1
image_6206.jpg,1
image_6207.jpg,0
image_6208.jpg,1
image_6209.jpg,1
image_6210.jpg,1
image_6211.jpg,0
image_6212.jpg,0
image_6213.jpg,0
image_6214.jpg,0
image_6215.jpg,1
image_6216.jpg,1
image_6217.jpg,1
image_6218.jpg,1
image_6219.jpg,0
image_6220.jpg,0
image_6221.jpg,0
image_6222.jpg,1
image_6223.jpg,1
image_6224.jpg,0
image_6225.jpg,1
image_6226.jpg,1
image_6227.jpg,1
image_6228.jpg,1
image_6229.jpg,1
image_6230.jpg,0
image_6231.jpg,0
image_6232.jpg,1
image_6233.jpg,0
image_6234.jpg,1
image_6235.jpg,0
image_6236.jpg,0
image_6237.jpg,1
image_6238.jpg,0
image_6239.jpg,0
image_6240.jpg,0
image_6241.jpg,1
image_6242.jpg,1
image_6243.jpg,0
image_6244.jpg,0
image_6245.jpg,1
image_6246.jpg,1
image_6247.jpg,1
image_6248.jpg,1
image_6249.jpg,0
image_6250.jpg,0
image_6251.jpg,1
image_6252.jpg,1
image_6253.jpg,0
image_6254.jpg,0
image_6255.jpg,0
image_6256.jpg,0
image_6257.jpg,0
image_6258.jpg,0
image_6259.jpg,1
image_6260.jpg,1
image_6261.jpg,1
image_6262.jpg,1
image_6263.jpg,1
image_6264.jpg,1
image_6265.jpg,1
image_6266.jpg,1
image_6267.jpg,1
image_6268.jpg,1
image_6269.jpg,0
image_6270.jpg,1
image_6271.jpg,1
image_6272.jpg,1
image_6273.jpg,0
image_6274.jpg,1
image_6275.jpg,1
image_6276.jpg,1
image_6277.jpg,1
image_6278.jpg,1
image_6279.jpg,0
image_6280.jpg,1
image_6281.jpg,1
image_6282.jpg,0
image_6283.jpg,0
image_6284.jpg,0
image_6285.jpg,0
image_6286.jpg,1
image_6287.jpg,1
image_6288.jpg,1
image_6289.jpg,1
image_6290.jpg,0
image_6291.jpg,1
image_6292.jpg,1
image_6293.jpg,0
image_6294.jpg,1
image_6295.jpg,1
image_6296.jpg,1
image_6297.jpg,0
image_6298.jpg,1
image_6299.jpg,1
image_6300.jpg,1
image_6301.jpg,1
image_6302.jpg,1
image_6303.jpg,1
image_6304.jpg,1
image_6305.jpg,1
image_6306.jpg,1
image_6307.jpg,1
image_6308.jpg,0
image_6309.jpg,1
image_6310.jpg,1
image_6311.jpg,0
image_6312.jpg,1
image_6313.jpg,0
image_6314.jpg,1
image_6315.jpg,1
image_6316.jpg,1
image_6317.jpg,1
image_6318.jpg,1
image_6319.jpg,1
image_6320.jpg,1
image_6321.jpg,1
image_6322.jpg,0
image_6323.jpg,0
image_6324.jpg,1
image_6325.jpg,0
image_6326.jpg,1
image_6327.jpg,1
image_6328.jpg,1
image_6329.jpg,1
image_6330.jpg,1
image_6331.jpg,1
image_6332.jpg,0
image_6333.jpg,1
image_6334.jpg,1
image_6335.jpg,0
image_6336.jpg,1
image_6337.jpg,1
image_6338.jpg,0
image_6339.jpg,0
image_6340.jpg,1
image_6341.jpg,0
image_6342.jpg,1
image_6343.jpg,1
image_6344.jpg,1
image_6345.jpg,0
image_6346.jpg,0
image_6347.jpg,1
image_6348.jpg,1
image_6349.jpg,1
image_6350.jpg,0
image_6351.jpg,0
image_6352.jpg,0
image_6353.jpg,0
image_6354.jpg,1
image_6355.jpg,1
image_6356.jpg,1
image_6357.jpg,1
image_6358.jpg,1
image_6359.jpg,1
image_6360.jpg,1
image_6361.jpg,1
image_6362.jpg,1
image_6363.jpg,1
image_6364.jpg,1
image_6365.jpg,1
image_6366.jpg,0
image_6367.jpg,1
image_6368.jpg,0
image_6369.jpg,0
image_6370.jpg,0
image_6371.jpg,1
image_6372.jpg,1
image_6373.jpg,1
image_6374.jpg,1
image_6375.jpg,1
image_6376.jpg,0
image_6377.jpg,0
image_6378.jpg,0
image_6379.jpg,1
image_6380.jpg,0
image_6381.jpg,1
image_6382.jpg,0
image_6383.jpg,0
image_6384.jpg,1
image_6385.jpg,1
image_6386.jpg,1
image_6387.jpg,0
image_6388.jpg,1
image_6389.jpg,1
image_6390.jpg,1
image_6391.jpg,1
image_6392.jpg,0
image_6393.jpg,1
image_6394.jpg,0
image_6395.jpg,0
image_6396.jpg,1
image_6397.jpg,1
image_6398.jpg,1
image_6399.jpg,1
image_6400.jpg,1
image_6401.jpg,1
image_6402.jpg,1
image_6403.jpg,1
image_6404.jpg,1
image_6405.jpg,0
image_6406.jpg,0
image_6407.jpg,0
image_6408.jpg,1
image_6409.jpg,1
image_6410.jpg,0
image_6411.jpg,0
image_6412.jpg,1
image_6413.jpg,1
image_6414.jpg,0
image_6415.jpg,1
image_6416.jpg,1
image_6417.jpg,1
image_6418.jpg,1
image_6419.jpg,1
image_6420.jpg,0
image_6421.jpg,1
image_6422.jpg,1
image_6423.jpg,0
image_6424.jpg,0
image_6425.jpg,1
image_6426.jpg,1
image_6427.jpg,0
image_6428.jpg,1
image_6429.jpg,1
image_6430.jpg,1
image_6431.jpg,1
image_6432.jpg,1
image_6433.jpg,1
image_6434.jpg,1
image_6435.jpg,0
image_6436.jpg,0
image_6437.jpg,0
image_6438.jpg,1
image_6439.jpg,1
image_6440.jpg,0
image_6441.jpg,1
image_6442.jpg,1
image_6443.jpg,1
image_6444.jpg,0
image_6445.jpg,0
image_6446.jpg,1
image_6447.jpg,1
image_6448.jpg,1
image_6449.jpg,0
image_6450.jpg,1
image_6451.jpg,1
image_6452.jpg,1
image_6453.jpg,1
image_6454.jpg,1
image_6455.jpg,1
image_6456.jpg,1
image_6457.jpg,1
image_6458.jpg,1
image_6459.jpg,1
image_6460.jpg,0
image_6461.jpg,1
image_6462.jpg,1
image_6463.jpg,1
image_6464.jpg,1
image_6465.jpg,1
image_6466.jpg,0
image_6467.jpg,1
image_6468.jpg,1
image_6469.jpg,1
image_6470.jpg,0
image_6471.jpg,0
image_6472.jpg,1
image_6473.jpg,0
image_6474.jpg,1
image_6475.jpg,0
image_6476.jpg,0
image_6477.jpg,1
image_6478.jpg,0
image_6479.jpg,0
image_6480.jpg,1
image_6481.jpg,1
image_6482.jpg,1
image_6483.jpg,1
image_6484.jpg,0
image_6485.jpg,1
image_6486.jpg,1
image_6487.jpg,0
image_6488.jpg,0
image_6489.jpg,1
image_6490.jpg,0
image_6491.jpg,1
image_6492.jpg,1
image_6493.jpg,0
image_6494.jpg,1
image_6495.jpg,0
image_6496.jpg,1
image_6497.jpg,1
image_6498.jpg,1
image_6499.jpg,1
image_6500.jpg,1
image_6501.jpg,1
image_6502.jpg,1
image_6503.jpg,0
image_6504.jpg,0
image_6505.jpg,0
image_6506.jpg,0
image_6507.jpg,1
image_6508.jpg,1
image_6509.jpg,0
image_6510.jpg,1
image_6511.jpg,1
image_6512.jpg,1
image_6513.jpg,0
image_6514.jpg,1
image_6515.jpg,0
image_6516.jpg,0
image_6517.jpg,1
image_6518.jpg,1
image_6519.jpg,1
image_6520.jpg,1
image_6521.jpg,1
image_6522.jpg,1
image_6523.jpg,1
image_6524.jpg,0
image_6525.jpg,1
image_6526.jpg,0
image_6527.jpg,1
image_6528.jpg,1
image_6529.jpg,0
image_6530.jpg,1
image_6531.jpg,1
image_6532.jpg,1
image_6533.jpg,1
image_6534.jpg,1
image_6535.jpg,1
image_6536.jpg,0
image_6537.jpg,0
image_6538.jpg,1
image_6539.jpg,1
image_6540.jpg,0
image_6541.jpg,1
image_6542.jpg,0
image_6543.jpg,1
image_6544.jpg,1
image_6545.jpg,1
image_6546.jpg,1
image_6547.jpg,1
image_6548.jpg,1
image_6549.jpg,1
image_6550.jpg,1
image_6551.jpg,1
image_6552.jpg,1
image_6553.jpg,0
image_6554.jpg,1
image_6555.jpg,0
image_6556.jpg,1
image_6557.jpg,0
image_6558.jpg,0
image_6559.jpg,1
image_6560.jpg,1
image_6561.jpg,1
image_6562.jpg,1
image_6563.jpg,0
image_6564.jpg,0
image_6565.jpg,1
image_6566.jpg,1
image_6567.jpg,0
image_6568.jpg,0
image_6569.jpg,0
image_6570.jpg,0
image_6571.jpg,1
image_6572.jpg,0
image_6573.jpg,1
image_6574.jpg,1
image_6575.jpg,0
image_6576.jpg,0
image_6577.jpg,1
image_6578.jpg,1
image_6579.jpg,1
image_6580.jpg,1
image_6581.jpg,0
image_6582.jpg,1
image_6583.jpg,1
image_6584.jpg,1
image_6585.jpg,0
image_6586.jpg,1
image_6587.jpg,0
image_6588.jpg,1
image_6589.jpg,0
image_6590.jpg,1
image_6591.jpg,1
image_6592.jpg,1
image_6593.jpg,0
image_6594.jpg,1
image_6595.jpg,1
image_6596.jpg,0
image_6597.jpg,1
image_6598.jpg,0
image_6599.jpg,1
image_6600.jpg,0
image_6601.jpg,1
image_6602.jpg,1
image_6603.jpg,1
image_6604.jpg,1
image_6605.jpg,1
image_6606.jpg,0
image_6607.jpg,1
image_6608.jpg,1
image_6609.jpg,1
image_6610.jpg,1
image_6611.jpg,1
image_6612.jpg,0
image_6613.jpg,1
image_6614.jpg,1
image_6615.jpg,1
image_6616.jpg,1
image_6617.jpg,0
image_6618.jpg,1
image_6619.jpg,0
image_6620.jpg,0
image_6621.jpg,1
image_6622.jpg,0
image_6623.jpg,1
image_6624.jpg,1
image_6625.jpg,1
image_6626.jpg,1
image_6627.jpg,0
image_6628.jpg,1
image_6629.jpg,1
image_6630.jpg,1
image_6631.jpg,1
image_6632.jpg,1
image_6633.jpg,1
image_6634.jpg,0
image_6635.jpg,0
image_6636.jpg,1
image_6637.jpg,0
image_6638.jpg,1
image_6639.jpg,1
image_6640.jpg,1
image_6641.jpg,1
image_6642.jpg,1
image_6643.jpg,0
image_6644.jpg,1
image_6645.jpg,1
image_6646.jpg,1
image_6647.jpg,1
image_6648.jpg,1
image_6649.jpg,0
image_6650.jpg,1
image_6651.jpg,0
image_6652.jpg,0
image_6653.jpg,1
image_6654.jpg,0
image_6655.jpg,1
image_6656.jpg,1
image_6657.jpg,1
image_6658.jpg,0
image_6659.jpg,0
image_6660.jpg,0
image_6661.jpg,1
image_6662.jpg,0
image_6663.jpg,0
image_6664.jpg,1
image_6665.jpg,0
image_6666.jpg,1
image_6667.jpg,1
image_6668.jpg,0
image_6669.jpg,0
image_6670.jpg,1
image_6671.jpg,1
image_6672.jpg,1
image_6673.jpg,1
image_6674.jpg,0
image_6675.jpg,1
image_6676.jpg,1
image_6677.jpg,1
image_6678.jpg,0
image_6679.jpg,1
image_6680.jpg,1
image_6681.jpg,1
image_6682.jpg,0
image_6683.jpg,0
image_6684.jpg,1
image_6685.jpg,0
image_6686.jpg,1
image_6687.jpg,1
image_6688.jpg,1
image_6689.jpg,1
image_6690.jpg,1
image_6691.jpg,0
image_6692.jpg,1
image_6693.jpg,1
image_6694.jpg,0
image_6695.jpg,1
image_6696.jpg,1
image_6697.jpg,1
image_6698.jpg,0
image_6699.jpg,1
image_6700.jpg,0
image_6701.jpg,1
image_6702.jpg,1
image_6703.jpg,1
image_6704.jpg,1
image_6705.jpg,1
image_6706.jpg,0
image_6707.jpg,1
image_6708.jpg,1
image_6709.jpg,0
image_6710.jpg,0
image_6711.jpg,1
image_6712.jpg,1
image_6713.jpg,1
image_6714.jpg,1
image_6715.jpg,1
image_6716.jpg,0
image_6717.jpg,1
image_6718.jpg,1
image_6719.jpg,0
image_6720.jpg,1
image_6721.jpg,0
image_6722.jpg,1
image_6723.jpg,1
image_6724.jpg,1
image_6725.jpg,1
image_6726.jpg,0
image_6727.jpg,1
image_6728.jpg,0
image_6729.jpg,0
image_6730.jpg,0
image_6731.jpg,0
image_6732.jpg,1
image_6733.jpg,1
image_6734.jpg,0
image_6735.jpg,1
image_6736.jpg,1
image_6737.jpg,0
image_6738.jpg,1
image_6739.jpg,1
image_6740.jpg,1
image_6741.jpg,1
image_6742.jpg,1
image_6743.jpg,1
image_6744.jpg,1
image_6745.jpg,1
image_6746.jpg,1
image_6747.jpg,1
image_6748.jpg,0
image_6749.jpg,1
image_6750.jpg,1
image_6751.jpg,0
image_6752.jpg,0
image_6753.jpg,1
image_6754.jpg,1
image_6755.jpg,0
image_6756.jpg,1
image_6757.jpg,1
image_6758.jpg,1
image_6759.jpg,1
image_6760.jpg,1
image_6761.jpg,0
image_6762.jpg,1
image_6763.jpg,1
image_6764.jpg,0
image_6765.jpg,1
image_6766.jpg,1
image_6767.jpg,1
image_6768.jpg,1
image_6769.jpg,0
image_6770.jpg,1
image_6771.jpg,0
image_6772.jpg,1
image_6773.jpg,1
image_6774.jpg,1
image_6775.jpg,1
image_6776.jpg,1
image_6777.jpg,0
image_6778.jpg,1
image_6779.jpg,0
image_6780.jpg,0
image_6781.jpg,1
image_6782.jpg,1
image_6783.jpg,0
image_6784.jpg,0
image_6785.jpg,1
image_6786.jpg,1
image_6787.jpg,1
image_6788.jpg,0
image_6789.jpg,1
image_6790.jpg,0
image_6791.jpg,1
image_6792.jpg,1
image_6793.jpg,1
image_6794.jpg,1
image_6795.jpg,1
image_6796.jpg,0
image_6797.jpg,0
image_6798.jpg,0
image_6799.jpg,0
image_6800.jpg,0
image_6801.jpg,1
image_6802.jpg,1
image_6803.jpg,1
image_6804.jpg,1
image_6805.jpg,1
image_6806.jpg,0
image_6807.jpg,1
image_6808.jpg,1
image_6809.jpg,1
image_6810.jpg,0
image_6811.jpg,1
image_6812.jpg,1
image_6813.jpg,1
image_6814.jpg,1
image_6815.jpg,1
image_6816.jpg,0
image_6817.jpg,0
image_6818.jpg,1
image_6819.jpg,1
image_6820.jpg,1
image_6821.jpg,1
image_6822.jpg,1
image_6823.jpg,1
image_6824.jpg,1
image_6825.jpg,1
image_6826.jpg,0
image_6827.jpg,1
image_6828.jpg,1
image_6829.jpg,0
image_6830.jpg,1
image_6831.jpg,1
image_6832.jpg,0
image_6833.jpg,1
image_6834.jpg,0
image_6835.jpg,1
image_6836.jpg,1
image_6837.jpg,1
image_6838.jpg,1
image_6839.jpg,1
image_6840.jpg,1
image_6841.jpg,0
image_6842.jpg,1
image_6843.jpg,1
image_6844.jpg,1
image_6845.jpg,1
image_6846.jpg,1
image_6847.jpg,1
image_6848.jpg,0
image_6849.jpg,1
image_6850.jpg,0
image_6851.jpg,1
image_6852.jpg,1
image_6853.jpg,0
image_6854.jpg,1
image_6855.jpg,0
image_6856.jpg,1
image_6857.jpg,1
image_6858.jpg,1
image_6859.jpg,0
image_6860.jpg,1
image_6861.jpg,1
image_6862.jpg,1
image_6863.jpg,0
image_6864.jpg,0
image_6865.jpg,1
image_6866.jpg,1
image_6867.jpg,1
image_6868.jpg,0
image_6869.jpg,1
image_6870.jpg,0
image_6871.jpg,0
image_6872.jpg,1
image_6873.jpg,0
image_6874.jpg,0
image_6875.jpg,1
image_6876.jpg,0
image_6877.jpg,1
image_6878.jpg,1
image_6879.jpg,1
image_6880.jpg,0
image_6881.jpg,0
image_6882.jpg,1
image_6883.jpg,1
image_6884.jpg,1
image_6885.jpg,1
image_6886.jpg,0
image_6887.jpg,0
image_6888.jpg,1
image_6889.jpg,0
image_6890.jpg,0
image_6891.jpg,1
image_6892.jpg,1
image_6893.jpg,1
image_6894.jpg,1
image_6895.jpg,1
image_6896.jpg,1
image_6897.jpg,0
image_6898.jpg,1
image_6899.jpg,1
image_6900.jpg,1
image_6901.jpg,1
image_6902.jpg,0
image_6903.jpg,1
image_6904.jpg,1
image_6905.jpg,1
image_6906.jpg,0
image_6907.jpg,1
image_6908.jpg,1
image_6909.jpg,0
image_6910.jpg,0
image_6911.jpg,1
image_6912.jpg,0
image_6913.jpg,1
image_6914.jpg,1
image_6915.jpg,1
image_6916.jpg,1
image_6917.jpg,1
image_6918.jpg,1
image_6919.jpg,1
image_6920.jpg,0
image_6921.jpg,1
image_6922.jpg,1
image_6923.jpg,0
image_6924.jpg,1
image_6925.jpg,1
image_6926.jpg,1
image_6927.jpg,1
image_6928.jpg,1
image_6929.jpg,1
image_6930.jpg,1
image_6931.jpg,1
image_6932.jpg,1
image_6933.jpg,1
image_6934.jpg,1
image_6935.jpg,1
image_6936.jpg,1
image_6937.jpg,1
image_6938.jpg,1
image_6939.jpg,0
image_6940.jpg,1
image_6941.jpg,1
image_6942.jpg,1
image_6943.jpg,0
image_6944.jpg,1
image_6945.jpg,1
image_6946.jpg,1
image_6947.jpg,1
image_6948.jpg,1
image_6949.jpg,1
image_6950.jpg,0
image_6951.jpg,1
image_6952.jpg,0
image_6953.jpg,0
image_6954.jpg,0
image_6955.jpg,1
image_6956.jpg,1
image_6957.jpg,1
image_6958.jpg,1
image_6959.jpg,0
image_6960.jpg,0
image_6961.jpg,1
image_6962.jpg,0
image_6963.jpg,1
image_6964.jpg,1
image_6965.jpg,1
image_6966.jpg,1
image_6967.jpg,1
image_6968.jpg,0
image_6969.jpg,1
image_6970.jpg,0
image_6971.jpg,0
image_6972.jpg,1
image_6973.jpg,1
image_6974.jpg,1
image_6975.jpg,1
image_6976.jpg,1
image_6977.jpg,1
image_6978.jpg,1
image_6979.jpg,1
image_6980.jpg,1
image_6981.jpg,1
image_6982.jpg,1
image_6983.jpg,1
image_6984.jpg,1
image_6985.jpg,0
image_6986.jpg,1
image_6987.jpg,1
image_6988.jpg,0
image_6989.jpg,1
image_6990.jpg,1
image_6991.jpg,1
image_6992.jpg,1
image_6993.jpg,1
image_6994.jpg,1
image_6995.jpg,1
image_6996.jpg,1
image_6997.jpg,1
image_6998.jpg,1
image_6999.jpg,1
image_7000.jpg,0
image_7001.jpg,1
image_7002.jpg,1
image_7003.jpg,1
image_7004.jpg,1
image_7005.jpg,1
image_7006.jpg,1
image_7007.jpg,1
image_7008.jpg,1
image_7009.jpg,1
image_7010.jpg,1
image_7011.jpg,1
image_7012.jpg,0
image_7013.jpg,0
image_7014.jpg,0
image_7015.jpg,1
image_7016.jpg,0
image_7017.jpg,1
image_7018.jpg,0
image_7019.jpg,1
image_7020.jpg,1
image_7021.jpg,1
image_7022.jpg,1
image_7023.jpg,1
image_7024.jpg,1
image_7025.jpg,1
image_7026.jpg,1
image_7027.jpg,1
image_7028.jpg,1
image_7029.jpg,1
image_7030.jpg,1
image_7031.jpg,1
image_7032.jpg,1
image_7033.jpg,1
image_7034.jpg,1
image_7035.jpg,0
image_7036.jpg,1
image_7037.jpg,1
image_7038.jpg,1
image_7039.jpg,1
image_7040.jpg,1
image_7041.jpg,1
image_7042.jpg,1
image_7043.jpg,1
image_7044.jpg,1
image_7045.jpg,1
image_7046.jpg,0
image_7047.jpg,1
image_7048.jpg,1
image_7049.jpg,0
image_7050.jpg,0
image_7051.jpg,0
image_7052.jpg,0
image_7053.jpg,0
image_7054.jpg,1
image_7055.jpg,1
image_7056.jpg,1
image_7057.jpg,1
image_7058.jpg,0
image_7059.jpg,1
image_7060.jpg,1
image_7061.jpg,1
image_7062.jpg,0
image_7063.jpg,1
image_7064.jpg,1
image_7065.jpg,0
image_7066.jpg,1
image_7067.jpg,1
image_7068.jpg,1
image_7069.jpg,0
image_7070.jpg,1
image_7071.jpg,1
image_7072.jpg,0
image_7073.jpg,1
image_7074.jpg,1
image_7075.jpg,0
image_7076.jpg,1
image_7077.jpg,1
image_7078.jpg,1
image_7079.jpg,1
image_7080.jpg,0
image_7081.jpg,1
image_7082.jpg,1
image_7083.jpg,1
image_7084.jpg,1
image_7085.jpg,1
image_7086.jpg,0
image_7087.jpg,1
image_7088.jpg,1
image_7089.jpg,1
image_7090.jpg,1
image_7091.jpg,0
image_7092.jpg,1
image_7093.jpg,1
image_7094.jpg,0
image_7095.jpg,1
image_7096.jpg,1
image_7097.jpg,1
image_7098.jpg,1
image_7099.jpg,1
image_7100.jpg,1
image_7101.jpg,1
image_7102.jpg,0
image_7103.jpg,1
image_7104.jpg,1
image_7105.jpg,1
image_7106.jpg,0
image_7107.jpg,1
image_7108.jpg,1
image_7109.jpg,1
image_7110.jpg,0
image_7111.jpg,1
image_7112.jpg,1
image_7113.jpg,1
image_7114.jpg,0
image_7115.jpg,0
image_7116.jpg,1
image_7117.jpg,1
image_7118.jpg,0
image_7119.jpg,1
image_7120.jpg,0
image_7121.jpg,0
image_7122.jpg,1
image_7123.jpg,0
image_7124.jpg,0
image_7125.jpg,0
image_7126.jpg,0
image_7127.jpg,1
image_7128.jpg,1
image_7129.jpg,0
image_7130.jpg,1
image_7131.jpg,1
image_7132.jpg,1
image_7133.jpg,0
image_7134.jpg,1
image_7135.jpg,1
image_7136.jpg,0
image_7137.jpg,1
image_7138.jpg,0
image_7139.jpg,0
image_7140.jpg,1
image_7141.jpg,0
image_7142.jpg,1
image_7143.jpg,1
image_7144.jpg,1
image_7145.jpg,1
image_7146.jpg,1
image_7147.jpg,0
image_7148.jpg,1
image_7149.jpg,1
image_7150.jpg,1
image_7151.jpg,1
image_7152.jpg,0
image_7153.jpg,1
image_7154.jpg,1
image_7155.jpg,0
image_7156.jpg,1
image_7157.jpg,1
image_7158.jpg,1
image_7159.jpg,0
image_7160.jpg,1
image_7161.jpg,0
image_7162.jpg,1
image_7163.jpg,1
image_7164.jpg,0
image_7165.jpg,1
image_7166.jpg,1
image_7167.jpg,1
image_7168.jpg,1
image_7169.jpg,1
image_7170.jpg,1
image_7171.jpg,1
image_7172.jpg,0
image_7173.jpg,1
image_7174.jpg,1
image_7175.jpg,0
image_7176.jpg,1
image_7177.jpg,1
image_7178.jpg,1
image_7179.jpg,1
image_7180.jpg,0
image_7181.jpg,1
image_7182.jpg,1
image_7183.jpg,1
image_7184.jpg,1
image_7185.jpg,1
image_7186.jpg,1
image_7187.jpg,0
image_7188.jpg,1
image_7189.jpg,1
image_7190.jpg,1
image_7191.jpg,0
image_7192.jpg,0
image_7193.jpg,1
image_7194.jpg,1
image_7195.jpg,0
image_7196.jpg,0
image_7197.jpg,0
image_7198.jpg,1
image_7199.jpg,0
image_7200.jpg,1
image_7201.jpg,0
image_7202.jpg,0
image_7203.jpg,0
image_7204.jpg,1
image_7205.jpg,1
image_7206.jpg,0
image_7207.jpg,1
image_7208.jpg,1
image_7209.jpg,1
image_7210.jpg,1
image_7211.jpg,1
image_7212.jpg,1
image_7213.jpg,0
image_7214.jpg,0
image_7215.jpg,1
image_7216.jpg,0
image_7217.jpg,1
image_7218.jpg,0
image_7219.jpg,1
image_7220.jpg,1
image_7221.jpg,1
image_7222.jpg,1
image_7223.jpg,0
image_7224.jpg,1
image_7225.jpg,1
image_7226.jpg,1
image_7227.jpg,1
image_7228.jpg,0
image_7229.jpg,1
image_7230.jpg,1
image_7231.jpg,1
image_7232.jpg,1
image_7233.jpg,1
image_7234.jpg,1
image_7235.jpg,1
image_7236.jpg,0
image_7237.jpg,1
image_7238.jpg,0
image_7239.jpg,1
image_7240.jpg,1
image_7241.jpg,1
image_7242.jpg,0
image_7243.jpg,1
image_7244.jpg,1
image_7245.jpg,1
image_7246.jpg,1
image_7247.jpg,1
image_7248.jpg,0
image_7249.jpg,1
image_7250.jpg,1
image_7251.jpg,1
image_7252.jpg,1
image_7253.jpg,1
image_7254.jpg,1
image_7255.jpg,1
image_7256.jpg,1
image_7257.jpg,0
image_7258.jpg,1
image_7259.jpg,1
image_7260.jpg,1
image_7261.jpg,0
image_7262.jpg,1
image_7263.jpg,0
image_7264.jpg,0
image_7265.jpg,1
image_7266.jpg,0
image_7267.jpg,0
image_7268.jpg,0
image_7269.jpg,0
image_7270.jpg,0
image_7271.jpg,1
image_7272.jpg,1
image_7273.jpg,1
image_7274.jpg,1
image_7275.jpg,1
image_7276.jpg,1
image_7277.jpg,1
image_7278.jpg,1
image_7279.jpg,1
image_7280.jpg,1
image_7281.jpg,0
image_7282.jpg,1
image_7283.jpg,1
image_7284.jpg,1
image_7285.jpg,1
image_7286.jpg,1
image_7287.jpg,0
image_7288.jpg,0
image_7289.jpg,1
image_7290.jpg,1
image_7291.jpg,1
image_7292.jpg,1
image_7293.jpg,0
image_7294.jpg,1
image_7295.jpg,0
image_7296.jpg,1
image_7297.jpg,1
image_7298.jpg,0
image_7299.jpg,1
image_7300.jpg,1
image_7301.jpg,0
image_7302.jpg,1
image_7303.jpg,0
image_7304.jpg,0
image_7305.jpg,1
image_7306.jpg,0
image_7307.jpg,1
image_7308.jpg,1
image_7309.jpg,1
image_7310.jpg,1
image_7311.jpg,1
image_7312.jpg,1
image_7313.jpg,1
image_7314.jpg,0
image_7315.jpg,0
image_7316.jpg,1
image_7317.jpg,0
image_7318.jpg,1
image_7319.jpg,1
image_7320.jpg,0
image_7321.jpg,1
image_7322.jpg,1
image_7323.jpg,1
image_7324.jpg,1
image_7325.jpg,1
image_7326.jpg,1
image_7327.jpg,1
image_7328.jpg,1
image_7329.jpg,0
image_7330.jpg,0
image_7331.jpg,0
image_7332.jpg,1
image_7333.jpg,1
image_7334.jpg,1
image_7335.jpg,1
image_7336.jpg,1
image_7337.jpg,1
image_7338.jpg,0
image_7339.jpg,1
image_7340.jpg,1
image_7341.jpg,1
image_7342.jpg,1
image_7343.jpg,1
image_7344.jpg,0
image_7345.jpg,0
image_7346.jpg,1
image_7347.jpg,0
image_7348.jpg,1
image_7349.jpg,0
image_7350.jpg,1
image_7351.jpg,1
image_7352.jpg,1
image_7353.jpg,0
image_7354.jpg,1
image_7355.jpg,1
image_7356.jpg,1
image_7357.jpg,1
image_7358.jpg,1
image_7359.jpg,0
image_7360.jpg,1
image_7361.jpg,1
image_7362.jpg,0
image_7363.jpg,0
image_7364.jpg,0
image_7365.jpg,0
image_7366.jpg,1
image_7367.jpg,1
image_7368.jpg,1
image_7369.jpg,0
image_7370.jpg,1
image_7371.jpg,1
image_7372.jpg,1
image_7373.jpg,1
image_7374.jpg,0
image_7375.jpg,1
image_7376.jpg,1
image_7377.jpg,0
image_7378.jpg,0
image_7379.jpg,1
image_7380.jpg,1
image_7381.jpg,1
image_7382.jpg,0
image_7383.jpg,1
image_7384.jpg,1
image_7385.jpg,1
image_7386.jpg,1
image_7387.jpg,1
image_7388.jpg,1
image_7389.jpg,0
image_7390.jpg,1
image_7391.jpg,1
image_7392.jpg,1
image_7393.jpg,0
image_7394.jpg,0
image_7395.jpg,1
image_7396.jpg,0
image_7397.jpg,0
image_7398.jpg,1
image_7399.jpg,1
image_7400.jpg,1
image_7401.jpg,0
image_7402.jpg,1
image_7403.jpg,0
image_7404.jpg,0
image_7405.jpg,1
image_7406.jpg,1
image_7407.jpg,1
image_7408.jpg,1
image_7409.jpg,1
image_7410.jpg,0
image_7411.jpg,1
image_7412.jpg,0
image_7413.jpg,1
image_7414.jpg,0
image_7415.jpg,0
image_7416.jpg,1
image_7417.jpg,1
image_7418.jpg,1
image_7419.jpg,1
image_7420.jpg,1
image_7421.jpg,1
image_7422.jpg,1
image_7423.jpg,1
image_7424.jpg,1
image_7425.jpg,1
image_7426.jpg,1
image_7427.jpg,1
image_7428.jpg,0
image_7429.jpg,1
image_7430.jpg,1
image_7431.jpg,1
image_7432.jpg,1
image_7433.jpg,1
image_7434.jpg,1
image_7435.jpg,1
image_7436.jpg,0
image_7437.jpg,1
image_7438.jpg,1
image_7439.jpg,1
image_7440.jpg,1
image_7441.jpg,1
image_7442.jpg,0
image_7443.jpg,0
image_7444.jpg,0
image_7445.jpg,1
image_7446.jpg,0
image_7447.jpg,1
image_7448.jpg,0
image_7449.jpg,1
image_7450.jpg,0
image_7451.jpg,0
image_7452.jpg,1
image_7453.jpg,0
image_7454.jpg,0
image_7455.jpg,0
image_7456.jpg,1
image_7457.jpg,1
image_7458.jpg,1
image_7459.jpg,1
image_7460.jpg,1
image_7461.jpg,1
image_7462.jpg,1
image_7463.jpg,1
image_7464.jpg,0
image_7465.jpg,1
image_7466.jpg,1
image_7467.jpg,1
image_7468.jpg,1
image_7469.jpg,1
image_7470.jpg,1
image_7471.jpg,0
image_7472.jpg,1
image_7473.jpg,1
image_7474.jpg,0
image_7475.jpg,1
image_7476.jpg,0
image_7477.jpg,1
image_7478.jpg,1
image_7479.jpg,0
image_7480.jpg,0
image_7481.jpg,0
image_7482.jpg,1
image_7483.jpg,0
image_7484.jpg,0
image_7485.jpg,1
image_7486.jpg,1
image_7487.jpg,1
image_7488.jpg,1
image_7489.jpg,0
image_7490.jpg,1
image_7491.jpg,1
image_7492.jpg,1
image_7493.jpg,0
image_7494.jpg,1
image_7495.jpg,0
image_7496.jpg,1
image_7497.jpg,1
image_7498.jpg,1
image_7499.jpg,1
image_7500.jpg,1
image_7501.jpg,1
image_7502.jpg,1
image_7503.jpg,0
image_7504.jpg,1
image_7505.jpg,1
image_7506.jpg,1
image_7507.jpg,1
image_7508.jpg,1
image_7509.jpg,0
image_7510.jpg,1
image_7511.jpg,1
image_7512.jpg,1
image_7513.jpg,1
image_7514.jpg,1
image_7515.jpg,0
image_7516.jpg,0
image_7517.jpg,1
image_7518.jpg,1
image_7519.jpg,0
image_7520.jpg,1
image_7521.jpg,1
image_7522.jpg,0
image_7523.jpg,0
image_7524.jpg,1
image_7525.jpg,0
image_7526.jpg,1
image_7527.jpg,0
image_7528.jpg,1
image_7529.jpg,0
image_7530.jpg,0
image_7531.jpg,1
image_7532.jpg,0
image_7533.jpg,1
image_7534.jpg,1
image_7535.jpg,0
image_7536.jpg,1
image_7537.jpg,0
image_7538.jpg,0
image_7539.jpg,1
image_7540.jpg,0
image_7541.jpg,0
image_7542.jpg,1
image_7543.jpg,1
image_7544.jpg,0
image_7545.jpg,1
image_7546.jpg,1
image_7547.jpg,1
image_7548.jpg,0
image_7549.jpg,1
image_7550.jpg,1
image_7551.jpg,1
image_7552.jpg,1
image_7553.jpg,1
image_7554.jpg,1
image_7555.jpg,1
image_7556.jpg,1
image_7557.jpg,1
image_7558.jpg,0
image_7559.jpg,1
image_7560.jpg,1
image_7561.jpg,0
image_7562.jpg,1
image_7563.jpg,1
image_7564.jpg,1
image_7565.jpg,1
image_7566.jpg,1
image_7567.jpg,1
image_7568.jpg,0
image_7569.jpg,1
image_7570.jpg,0
image_7571.jpg,0
image_7572.jpg,0
image_7573.jpg,1
image_7574.jpg,0
image_7575.jpg,1
image_7576.jpg,0
image_7577.jpg,1
image_7578.jpg,0
image_7579.jpg,1
image_7580.jpg,1
image_7581.jpg,1
image_7582.jpg,1
image_7583.jpg,0
image_7584.jpg,0
image_7585.jpg,0
image_7586.jpg,1
image_7587.jpg,0
image_7588.jpg,1
image_7589.jpg,1
image_7590.jpg,1
image_7591.jpg,1
image_7592.jpg,1
image_7593.jpg,0
image_7594.jpg,1
image_7595.jpg,1
image_7596.jpg,1
image_7597.jpg,1
image_7598.jpg,1
image_7599.jpg,1
image_7600.jpg,1
image_7601.jpg,1
image_7602.jpg,1
image_7603.jpg,0
image_7604.jpg,1
image_7605.jpg,0
image_7606.jpg,0
image_7607.jpg,0
image_7608.jpg,1
image_7609.jpg,1
image_7610.jpg,1
image_7611.jpg,0
image_7612.jpg,1
image_7613.jpg,0
image_7614.jpg,0
image_7615.jpg,1
image_7616.jpg,1
image_7617.jpg,1
image_7618.jpg,1
image_7619.jpg,1
image_7620.jpg,1
image_7621.jpg,1
image_7622.jpg,1
image_7623.jpg,1
image_7624.jpg,1
image_7625.jpg,0
image_7626.jpg,1
image_7627.jpg,1
image_7628.jpg,1
image_7629.jpg,0
image_7630.jpg,0
image_7631.jpg,0
image_7632.jpg,1
image_7633.jpg,0
image_7634.jpg,1
image_7635.jpg,0
image_7636.jpg,1
image_7637.jpg,1
image_7638.jpg,1
image_7639.jpg,0
image_7640.jpg,0
image_7641.jpg,1
image_7642.jpg,1
image_7643.jpg,1
image_7644.jpg,1
image_7645.jpg,1
image_7646.jpg,1
image_7647.jpg,1
image_7648.jpg,0
image_7649.jpg,1
image_7650.jpg,1
image_7651.jpg,1
image_7652.jpg,0
image_7653.jpg,1
image_7654.jpg,1
image_7655.jpg,0
image_7656.jpg,1
image_7657.jpg,0
image_7658.jpg,1
image_7659.jpg,1
image_7660.jpg,1
image_7661.jpg,1
image_7662.jpg,1
image_7663.jpg,1
image_7664.jpg,1
image_7665.jpg,1
image_7666.jpg,1
image_7667.jpg,0
image_7668.jpg,1
image_7669.jpg,0
image_7670.jpg,1
image_7671.jpg,1
image_7672.jpg,0
image_7673.jpg,0
image_7674.jpg,1
image_7675.jpg,0
image_7676.jpg,0
image_7677.jpg,0
image_7678.jpg,1
image_7679.jpg,1
image_7680.jpg,1
image_7681.jpg,1
image_7682.jpg,0
image_7683.jpg,1
image_7684.jpg,1
image_7685.jpg,1
image_7686.jpg,1
image_7687.jpg,1
image_7688.jpg,1
image_7689.jpg,1
image_7690.jpg,1
image_7691.jpg,1
image_7692.jpg,0
image_7693.jpg,0
image_7694.jpg,1
image_7695.jpg,0
image_7696.jpg,1
image_7697.jpg,0
image_7698.jpg,1
image_7699.jpg,1
image_7700.jpg,0
image_7701.jpg,1
image_7702.jpg,1
image_7703.jpg,0
image_7704.jpg,1
image_7705.jpg,1
image_7706.jpg,0
image_7707.jpg,1
image_7708.jpg,0
image_7709.jpg,0
image_7710.jpg,1
image_7711.jpg,1
image_7712.jpg,1
image_7713.jpg,0
image_7714.jpg,0
image_7715.jpg,1
image_7716.jpg,1
image_7717.jpg,1
image_7718.jpg,1
image_7719.jpg,1
image_7720.jpg,0
image_7721.jpg,0
image_7722.jpg,1
image_7723.jpg,1
image_7724.jpg,0
image_7725.jpg,0
image_7726.jpg,1
image_7727.jpg,1
image_7728.jpg,0
image_7729.jpg,1
image_7730.jpg,1
image_7731.jpg,1
image_7732.jpg,1
image_7733.jpg,1
image_7734.jpg,0
image_7735.jpg,1
image_7736.jpg,1
image_7737.jpg,0
image_7738.jpg,0
image_7739.jpg,1
image_7740.jpg,0
image_7741.jpg,1
image_7742.jpg,1
image_7743.jpg,1
image_7744.jpg,1
image_7745.jpg,1
image_7746.jpg,1
image_7747.jpg,0
image_7748.jpg,1
image_7749.jpg,0
image_7750.jpg,1
image_7751.jpg,1
image_7752.jpg,1
image_7753.jpg,1
image_7754.jpg,0
image_7755.jpg,1
image_7756.jpg,1
image_7757.jpg,0
image_7758.jpg,1
image_7759.jpg,1
image_7760.jpg,1
image_7761.jpg,0
image_7762.jpg,1
image_7763.jpg,1
image_7764.jpg,1
image_7765.jpg,1
image_7766.jpg,1
image_7767.jpg,1
image_7768.jpg,0
image_7769.jpg,0
image_7770.jpg,1
image_7771.jpg,1
image_7772.jpg,1
image_7773.jpg,0
image_7774.jpg,1
image_7775.jpg,1
image_7776.jpg,1
image_7777.jpg,1
image_7778.jpg,0
image_7779.jpg,1
image_7780.jpg,0
image_7781.jpg,1
image_7782.jpg,0
image_7783.jpg,1
image_7784.jpg,0
image_7785.jpg,0
image_7786.jpg,1
image_7787.jpg,1
image_7788.jpg,1
image_7789.jpg,0
image_7790.jpg,1
image_7791.jpg,1
image_7792.jpg,1
image_7793.jpg,1
image_7794.jpg,0
image_7795.jpg,1
image_7796.jpg,1
image_7797.jpg,1
image_7798.jpg,1
image_7799.jpg,1
image_7800.jpg,1
image_7801.jpg,1
image_7802.jpg,1
image_7803.jpg,1
image_7804.jpg,0
image_7805.jpg,1
image_7806.jpg,1
image_7807.jpg,0
image_7808.jpg,0
image_7809.jpg,1
image_7810.jpg,0
image_7811.jpg,0
image_7812.jpg,1
image_7813.jpg,1
image_7814.jpg,1
image_7815.jpg,1
image_7816.jpg,1
image_7817.jpg,1
image_7818.jpg,1
image_7819.jpg,1
image_7820.jpg,1
image_7821.jpg,1
image_7822.jpg,1
image_7823.jpg,0
image_7824.jpg,1
image_7825.jpg,1
image_7826.jpg,1
image_7827.jpg,1
image_7828.jpg,1
image_7829.jpg,0
image_7830.jpg,0
image_7831.jpg,0
image_7832.jpg,1
image_7833.jpg,1
image_7834.jpg,1
image_7835.jpg,1
image_7836.jpg,1
image_7837.jpg,1
image_7838.jpg,1
image_7839.jpg,1
image_7840.jpg,0
image_7841.jpg,1
image_7842.jpg,1
image_7843.jpg,1
image_7844.jpg,1
image_7845.jpg,1
image_7846.jpg,1
image_7847.jpg,0
image_7848.jpg,0
image_7849.jpg,1
image_7850.jpg,1
image_7851.jpg,0
image_7852.jpg,1
image_7853.jpg,1
image_7854.jpg,1
image_7855.jpg,1
image_7856.jpg,1
image_7857.jpg,1
image_7858.jpg,1
image_7859.jpg,1
image_7860.jpg,0
image_7861.jpg,1
image_7862.jpg,0
image_7863.jpg,1
image_7864.jpg,0
image_7865.jpg,1
image_7866.jpg,1
image_7867.jpg,0
image_7868.jpg,0
image_7869.jpg,1
image_7870.jpg,0
image_7871.jpg,1
image_7872.jpg,0
image_7873.jpg,1
image_7874.jpg,0
image_7875.jpg,1
image_7876.jpg,0
image_7877.jpg,0
image_7878.jpg,0
image_7879.jpg,1
image_7880.jpg,0
image_7881.jpg,0
image_7882.jpg,1
image_7883.jpg,1
image_7884.jpg,1
image_7885.jpg,0
image_7886.jpg,0
image_7887.jpg,1
image_7888.jpg,1
image_7889.jpg,1
image_7890.jpg,1
image_7891.jpg,0
image_7892.jpg,0
image_7893.jpg,1
image_7894.jpg,1
image_7895.jpg,1
image_7896.jpg,1
image_7897.jpg,1
image_7898.jpg,0
image_7899.jpg,1
image_7900.jpg,0
image_7901.jpg,1
image_7902.jpg,1
image_7903.jpg,1
image_7904.jpg,1
image_7905.jpg,0
image_7906.jpg,0
image_7907.jpg,1
image_7908.jpg,0
image_7909.jpg,0
image_7910.jpg,1
image_7911.jpg,1
image_7912.jpg,0
image_7913.jpg,0
image_7914.jpg,1
image_7915.jpg,0
image_7916.jpg,1
image_7917.jpg,1
image_7918.jpg,1
image_7919.jpg,1
image_7920.jpg,1
image_7921.jpg,0
image_7922.jpg,1
image_7923.jpg,1
image_7924.jpg,0
image_7925.jpg,1
image_7926.jpg,1
image_7927.jpg,1
image_7928.jpg,1
image_7929.jpg,1
image_7930.jpg,0
image_7931.jpg,1
image_7932.jpg,1
image_7933.jpg,0
image_7934.jpg,1
image_7935.jpg,1
image_7936.jpg,1
image_7937.jpg,1
image_7938.jpg,1
image_7939.jpg,0
image_7940.jpg,1
image_7941.jpg,1
image_7942.jpg,0
image_7943.jpg,1
image_7944.jpg,1
image_7945.jpg,0
image_7946.jpg,1
image_7947.jpg,1
image_7948.jpg,0
image_7949.jpg,0
image_7950.jpg,1
image_7951.jpg,1
image_7952.jpg,1
image_7953.jpg,1
image_7954.jpg,1
image_7955.jpg,0
image_7956.jpg,1
image_7957.jpg,1
image_7958.jpg,1
image_7959.jpg,1
image_7960.jpg,1
image_7961.jpg,1
image_7962.jpg,1
image_7963.jpg,1
image_7964.jpg,0
image_7965.jpg,1
image_7966.jpg,1
image_7967.jpg,1
image_7968.jpg,1
image_7969.jpg,1
image_7970.jpg,1
image_7971.jpg,1
image_7972.jpg,1
image_7973.jpg,0
image_7974.jpg,0
image_7975.jpg,0
image_7976.jpg,1
image_7977.jpg,1
image_7978.jpg,1
image_7979.jpg,0
image_7980.jpg,0
image_7981.jpg,0
image_7982.jpg,1
image_7983.jpg,1
image_7984.jpg,1
image_7985.jpg,0
image_7986.jpg,1
image_7987.jpg,1
image_7988.jpg,1
image_7989.jpg,0
image_7990.jpg,0
image_7991.jpg,1
image_7992.jpg,1
image_7993.jpg,1
image_7994.jpg,0
image_7995.jpg,1
image_7996.jpg,1
image_7997.jpg,1
image_7998.jpg,1
image_7999.jpg,0
image_8000.jpg,1
image_8001.jpg,1
image_8002.jpg,0
image_8003.jpg,1
image_8004.jpg,1
image_8005.jpg,1
image_8006.jpg,0
image_8007.jpg,0
image_8008.jpg,1
image_8009.jpg,1
image_8010.jpg,0
image_8011.jpg,1
image_8012.jpg,0
image_8013.jpg,1
image_8014.jpg,1
image_8015.jpg,0
image_8016.jpg,1
image_8017.jpg,1
image_8018.jpg,0
image_8019.jpg,1
image_8020.jpg,1
image_8021.jpg,1
image_8022.jpg,0
image_8023.jpg,1
image_8024.jpg,1
image_8025.jpg,1
image_8026.jpg,1
image_8027.jpg,1
image_8028.jpg,1
image_8029.jpg,0
image_8030.jpg,1
image_8031.jpg,1
image_8032.jpg,1
image_8033.jpg,1
image_8034.jpg,0
image_8035.jpg,1
image_8036.jpg,0
image_8037.jpg,0
image_8038.jpg,0
image_8039.jpg,1
image_8040.jpg,1
image_8041.jpg,1
image_8042.jpg,0
image_8043.jpg,0
image_8044.jpg,1
image_8045.jpg,1
image_8046.jpg,1
image_8047.jpg,1
image_8048.jpg,0
image_8049.jpg,0
image_8050.jpg,1
image_8051.jpg,1
image_8052.jpg,0
image_8053.jpg,1
image_8054.jpg,1
image_8055.jpg,0
image_8056.jpg,1
image_8057.jpg,1
image_8058.jpg,0
image_8059.jpg,0
image_8060.jpg,1
image_8061.jpg,1
image_8062.jpg,1
image_8063.jpg,0
image_8064.jpg,0
image_8065.jpg,0
image_8066.jpg,0
image_8067.jpg,0
image_8068.jpg,0
image_8069.jpg,0
image_8070.jpg,1
image_8071.jpg,1
image_8072.jpg,1
image_8073.jpg,1
image_8074.jpg,1
image_8075.jpg,0
image_8076.jpg,0
image_8077.jpg,0
image_8078.jpg,1
image_8079.jpg,1
image_8080.jpg,1
image_8081.jpg,1
image_8082.jpg,1
image_8083.jpg,1
image_8084.jpg,1
image_8085.jpg,0
image_8086.jpg,1
image_8087.jpg,0
image_8088.jpg,1
image_8089.jpg,0
image_8090.jpg,1
image_8091.jpg,1
image_8092.jpg,1
image_8093.jpg,0
image_8094.jpg,1
image_8095.jpg,0
image_8096.jpg,1
image_8097.jpg,1
image_8098.jpg,0
image_8099.jpg,1
image_8100.jpg,1
image_8101.jpg,1
image_8102.jpg,1
image_8103.jpg,1
image_8104.jpg,1
image_8105.jpg,1
image_8106.jpg,1
image_8107.jpg,1
image_8108.jpg,1
image_8109.jpg,1
image_8110.jpg,1
image_8111.jpg,0
image_8112.jpg,0
image_8113.jpg,0
image_8114.jpg,1
image_8115.jpg,1
image_8116.jpg,0
image_8117.jpg,0
image_8118.jpg,1
image_8119.jpg,1
image_8120.jpg,1
image_8121.jpg,0
image_8122.jpg,1
image_8123.jpg,1
image_8124.jpg,1
image_8125.jpg,1
image_8126.jpg,0
image_8127.jpg,1
image_8128.jpg,1
image_8129.jpg,0
image_8130.jpg,0
image_8131.jpg,0
image_8132.jpg,1
image_8133.jpg,1
image_8134.jpg,0
image_8135.jpg,1
image_8136.jpg,1
image_8137.jpg,0
image_8138.jpg,1
image_8139.jpg,1
image_8140.jpg,1
image_8141.jpg,1
image_8142.jpg,1
image_8143.jpg,1
image_8144.jpg,1
image_8145.jpg,0
image_8146.jpg,1
image_8147.jpg,1
image_8148.jpg,1
image_8149.jpg,1
image_8150.jpg,1
image_8151.jpg,1
image_8152.jpg,1
image_8153.jpg,1
image_8154.jpg,0
image_8155.jpg,1
image_8156.jpg,1
image_8157.jpg,1
image_8158.jpg,0
image_8159.jpg,1
image_8160.jpg,0
image_8161.jpg,1
image_8162.jpg,1
image_8163.jpg,0
image_8164.jpg,0
image_8165.jpg,1
image_8166.jpg,1
image_8167.jpg,1
image_8168.jpg,1
image_8169.jpg,1
image_8170.jpg,1
image_8171.jpg,0
image_8172.jpg,1
image_8173.jpg,1
image_8174.jpg,1
image_8175.jpg,1
image_8176.jpg,0
image_8177.jpg,1
image_8178.jpg,0
image_8179.jpg,1
image_8180.jpg,1
image_8181.jpg,1
image_8182.jpg,1
image_8183.jpg,0
image_8184.jpg,1
image_8185.jpg,1
image_8186.jpg,1
image_8187.jpg,0
image_8188.jpg,1
image_8189.jpg,1
image_8190.jpg,1
image_8191.jpg,0
image_8192.jpg,1
image_8193.jpg,0
image_8194.jpg,1
image_8195.jpg,1
image_8196.jpg,1
image_8197.jpg,1
image_8198.jpg,1
image_8199.jpg,1
image_8200.jpg,1
image_8201.jpg,1
image_8202.jpg,0
image_8203.jpg,1
image_8204.jpg,1
image_8205.jpg,1
image_8206.jpg,1
image_8207.jpg,1
image_8208.jpg,1
image_8209.jpg,1
image_8210.jpg,1
image_8211.jpg,1
image_8212.jpg,1
image_8213.jpg,1
image_8214.jpg,0
image_8215.jpg,1
image_8216.jpg,1
image_8217.jpg,1
image_8218.jpg,0
image_8219.jpg,1
image_8220.jpg,0
image_8221.jpg,1
image_8222.jpg,0
image_8223.jpg,0
image_8224.jpg,1
image_8225.jpg,1
image_8226.jpg,0
image_8227.jpg,1
image_8228.jpg,1
image_8229.jpg,1
image_8230.jpg,1
image_8231.jpg,0
image_8232.jpg,0
image_8233.jpg,1
image_8234.jpg,1
image_8235.jpg,1
image_8236.jpg,0
image_8237.jpg,0
image_8238.jpg,1
image_8239.jpg,0
image_8240.jpg,1
image_8241.jpg,1
image_8242.jpg,0
image_8243.jpg,1
image_8244.jpg,0
image_8245.jpg,0
image_8246.jpg,1
image_8247.jpg,1
image_8248.jpg,0
image_8249.jpg,1
image_8250.jpg,1
image_8251.jpg,1
image_8252.jpg,1
image_8253.jpg,1
image_8254.jpg,1
image_8255.jpg,1
image_8256.jpg,0
image_8257.jpg,1
image_8258.jpg,1
image_8259.jpg,0
image_8260.jpg,1
image_8261.jpg,0
image_8262.jpg,1
image_8263.jpg,1
image_8264.jpg,1
image_8265.jpg,0
image_8266.jpg,1
image_8267.jpg,1
image_8268.jpg,1
image_8269.jpg,1
image_8270.jpg,0
image_8271.jpg,1
image_8272.jpg,1
image_8273.jpg,0
image_8274.jpg,1
image_8275.jpg,1
image_8276.jpg,1
image_8277.jpg,0
image_8278.jpg,1
image_8279.jpg,1
image_8280.jpg,1
image_8281.jpg,1
image_8282.jpg,0
image_8283.jpg,0
image_8284.jpg,1
image_8285.jpg,1
image_8286.jpg,1
image_8287.jpg,0
image_8288.jpg,1
image_8289.jpg,1
image_8290.jpg,0
image_8291.jpg,1
image_8292.jpg,1
image_8293.jpg,1
image_8294.jpg,1
image_8295.jpg,1
image_8296.jpg,0
image_8297.jpg,1
image_8298.jpg,1
image_8299.jpg,1
image_8300.jpg,0
image_8301.jpg,0
image_8302.jpg,0
image_8303.jpg,1
image_8304.jpg,1
image_8305.jpg,1
image_8306.jpg,0
image_8307.jpg,1
image_8308.jpg,0
image_8309.jpg,1
image_8310.jpg,1
image_8311.jpg,1
image_8312.jpg,1
image_8313.jpg,0
image_8314.jpg,1
image_8315.jpg,1
image_8316.jpg,1
image_8317.jpg,1
image_8318.jpg,0
image_8319.jpg,1
image_8320.jpg,1
image_8321.jpg,1
image_8322.jpg,0
image_8323.jpg,1
image_8324.jpg,1
image_8325.jpg,0
image_8326.jpg,1
image_8327.jpg,0
image_8328.jpg,1
image_8329.jpg,1
image_8330.jpg,1
image_8331.jpg,1
image_8332.jpg,1
image_8333.jpg,1
image_8334.jpg,0
image_8335.jpg,1
image_8336.jpg,1
image_8337.jpg,1
image_8338.jpg,0
image_8339.jpg,1
image_8340.jpg,1
image_8341.jpg,0
image_8342.jpg,1
image_8343.jpg,0
image_8344.jpg,0
image_8345.jpg,1
image_8346.jpg,1
image_8347.jpg,0
image_8348.jpg,1
image_8349.jpg,1
image_8350.jpg,1
image_8351.jpg,1
image_8352.jpg,1
image_8353.jpg,1
image_8354.jpg,1
image_8355.jpg,1
image_8356.jpg,1
image_8357.jpg,0
image_8358.jpg,0
image_8359.jpg,1
image_8360.jpg,1
image_8361.jpg,1
image_8362.jpg,1
image_8363.jpg,0
image_8364.jpg,1
image_8365.jpg,1
image_8366.jpg,1
image_8367.jpg,1
image_8368.jpg,1
image_8369.jpg,1
image_8370.jpg,1
image_8371.jpg,0
image_8372.jpg,1
image_8373.jpg,0
image_8374.jpg,1
image_8375.jpg,1
image_8376.jpg,0
image_8377.jpg,1
image_8378.jpg,1
image_8379.jpg,1
image_8380.jpg,0
image_8381.jpg,0
image_8382.jpg,1
image_8383.jpg,0
image_8384.jpg,1
image_8385.jpg,1
image_8386.jpg,1
image_8387.jpg,1
image_8388.jpg,1
image_8389.jpg,1
image_8390.jpg,0
image_8391.jpg,1
image_8392.jpg,1
image_8393.jpg,0
image_8394.jpg,1
image_8395.jpg,1
image_8396.jpg,1
image_8397.jpg,0
image_8398.jpg,1
image_8399.jpg,1
image_8400.jpg,0
image_8401.jpg,1
image_8402.jpg,0
image_8403.jpg,1
image_8404.jpg,1
image_8405.jpg,1
image_8406.jpg,1
image_8407.jpg,1
image_8408.jpg,1
image_8409.jpg,1
image_8410.jpg,1
image_8411.jpg,1
image_8412.jpg,1
image_8413.jpg,1
image_8414.jpg,1
image_8415.jpg,1
image_8416.jpg,1
image_8417.jpg,0
image_8418.jpg,1
image_8419.jpg,0
image_8420.jpg,1
image_8421.jpg,0
image_8422.jpg,1
image_8423.jpg,0
image_8424.jpg,0
image_8425.jpg,1
image_8426.jpg,0
image_8427.jpg,1
image_8428.jpg,0
image_8429.jpg,1
image_8430.jpg,0
image_8431.jpg,1
image_8432.jpg,1
image_8433.jpg,0
image_8434.jpg,0
image_8435.jpg,1
image_8436.jpg,1
image_8437.jpg,1
image_8438.jpg,0
image_8439.jpg,1
image_8440.jpg,0
image_8441.jpg,0
image_8442.jpg,1
image_8443.jpg,1
image_8444.jpg,1
image_8445.jpg,1
image_8446.jpg,1
image_8447.jpg,1
image_8448.jpg,1
image_8449.jpg,1
image_8450.jpg,1
image_8451.jpg,1
image_8452.jpg,0
image_8453.jpg,0
image_8454.jpg,1
image_8455.jpg,0
image_8456.jpg,1
image_8457.jpg,1
image_8458.jpg,1
image_8459.jpg,1
image_8460.jpg,0
image_8461.jpg,0
image_8462.jpg,1
image_8463.jpg,1
image_8464.jpg,1
image_8465.jpg,1
image_8466.jpg,0
image_8467.jpg,1
image_8468.jpg,0
image_8469.jpg,1
image_8470.jpg,1
image_8471.jpg,0
image_8472.jpg,1
image_8473.jpg,1
image_8474.jpg,1
image_8475.jpg,1
image_8476.jpg,1
image_8477.jpg,1
image_8478.jpg,1
image_8479.jpg,1
image_8480.jpg,0
image_8481.jpg,1
image_8482.jpg,0
image_8483.jpg,1
image_8484.jpg,1
image_8485.jpg,1
image_8486.jpg,1
image_8487.jpg,0
image_8488.jpg,1
image_8489.jpg,0
image_8490.jpg,1
image_8491.jpg,1
image_8492.jpg,1
image_8493.jpg,0
image_8494.jpg,1
image_8495.jpg,1
image_8496.jpg,1
image_8497.jpg,1
image_8498.jpg,1
image_8499.jpg,1
image_8500.jpg,1
image_8501.jpg,1
image_8502.jpg,1
image_8503.jpg,1
image_8504.jpg,1
image_8505.jpg,1
image_8506.jpg,0
image_8507.jpg,0
image_8508.jpg,0
image_8509.jpg,1
image_8510.jpg,1
image_8511.jpg,1
image_8512.jpg,1
image_8513.jpg,1
image_8514.jpg,1
image_8515.jpg,1
image_8516.jpg,0
image_8517.jpg,1
image_8518.jpg,1
image_8519.jpg,1
image_8520.jpg,0
image_8521.jpg,1
image_8522.jpg,1
image_8523.jpg,1
image_8524.jpg,1
image_8525.jpg,1
image_8526.jpg,1
image_8527.jpg,1
image_8528.jpg,0
image_8529.jpg,0
image_8530.jpg,1
image_8531.jpg,1
image_8532.jpg,0
image_8533.jpg,1
image_8534.jpg,1
image_8535.jpg,1
image_8536.jpg,1
image_8537.jpg,1
image_8538.jpg,1
image_8539.jpg,0
image_8540.jpg,1
image_8541.jpg,1
image_8542.jpg,1
image_8543.jpg,0
image_8544.jpg,0
image_8545.jpg,0
image_8546.jpg,0
image_8547.jpg,1
image_8548.jpg,1
image_8549.jpg,1
image_8550.jpg,1
image_8551.jpg,1
image_8552.jpg,0
image_8553.jpg,1
image_8554.jpg,1
image_8555.jpg,1
image_8556.jpg,1
image_8557.jpg,1
image_8558.jpg,1
image_8559.jpg,1
image_8560.jpg,1
image_8561.jpg,1
image_8562.jpg,1
image_8563.jpg,1
image_8564.jpg,1
image_8565.jpg,1
image_8566.jpg,0
image_8567.jpg,1
image_8568.jpg,1
image_8569.jpg,1
image_8570.jpg,1
image_8571.jpg,0
image_8572.jpg,1
image_8573.jpg,1
image_8574.jpg,1
image_8575.jpg,1
image_8576.jpg,1
image_8577.jpg,1
image_8578.jpg,1
image_8579.jpg,0
image_8580.jpg,0
image_8581.jpg,1
image_8582.jpg,1
image_8583.jpg,0
image_8584.jpg,0
image_8585.jpg,0
image_8586.jpg,0
image_8587.jpg,1
image_8588.jpg,1
image_8589.jpg,1
image_8590.jpg,1
image_8591.jpg,1
image_8592.jpg,0
image_8593.jpg,1
image_8594.jpg,1
image_8595.jpg,1
image_8596.jpg,1
image_8597.jpg,1
image_8598.jpg,1
image_8599.jpg,0
image_8600.jpg,0
image_8601.jpg,1
image_8602.jpg,1
image_8603.jpg,0
image_8604.jpg,0
image_8605.jpg,1
image_8606.jpg,1
image_8607.jpg,1
image_8608.jpg,0
image_8609.jpg,1
image_8610.jpg,1
image_8611.jpg,1
image_8612.jpg,1
image_8613.jpg,1
image_8614.jpg,1
image_8615.jpg,1
image_8616.jpg,1
image_8617.jpg,1
image_8618.jpg,0
image_8619.jpg,1
image_8620.jpg,1
image_8621.jpg,1
image_8622.jpg,1
image_8623.jpg,0
image_8624.jpg,1
image_8625.jpg,0
image_8626.jpg,1
image_8627.jpg,0
image_8628.jpg,1
image_8629.jpg,1
image_8630.jpg,1
image_8631.jpg,1
image_8632.jpg,1
image_8633.jpg,0
image_8634.jpg,0
image_8635.jpg,1
image_8636.jpg,0
image_8637.jpg,1
image_8638.jpg,1
image_8639.jpg,1
image_8640.jpg,1
image_8641.jpg,1
image_8642.jpg,0
image_8643.jpg,1
image_8644.jpg,0
image_8645.jpg,1
image_8646.jpg,0
image_8647.jpg,1
image_8648.jpg,1
image_8649.jpg,1
image_8650.jpg,0
image_8651.jpg,1
image_8652.jpg,0
image_8653.jpg,1
image_8654.jpg,1
image_8655.jpg,0
image_8656.jpg,1
image_8657.jpg,0
image_8658.jpg,0
image_8659.jpg,1
image_8660.jpg,1
image_8661.jpg,1
image_8662.jpg,1
image_8663.jpg,0
image_8664.jpg,1
image_8665.jpg,0
image_8666.jpg,1
image_8667.jpg,1
image_8668.jpg,1
image_8669.jpg,1
image_8670.jpg,1
image_8671.jpg,1
image_8672.jpg,0
image_8673.jpg,1
image_8674.jpg,1
image_8675.jpg,1
image_8676.jpg,1
image_8677.jpg,0
image_8678.jpg,1
image_8679.jpg,1
image_8680.jpg,0
image_8681.jpg,1
image_8682.jpg,1
image_8683.jpg,1
image_8684.jpg,1
image_8685.jpg,1
image_8686.jpg,1
image_8687.jpg,1
image_8688.jpg,1
image_8689.jpg,1
image_8690.jpg,1
image_8691.jpg,1
image_8692.jpg,1
image_8693.jpg,1
image_8694.jpg,0
image_8695.jpg,1
image_8696.jpg,0
image_8697.jpg,0
image_8698.jpg,1
image_8699.jpg,1
image_8700.jpg,1
image_8701.jpg,1
image_8702.jpg,1
image_8703.jpg,1
image_8704.jpg,0
image_8705.jpg,1
image_8706.jpg,1
image_8707.jpg,1
image_8708.jpg,1
image_8709.jpg,1
image_8710.jpg,1
image_8711.jpg,1
image_8712.jpg,0
image_8713.jpg,0
image_8714.jpg,1
image_8715.jpg,0
image_8716.jpg,1
image_8717.jpg,1
image_8718.jpg,1
image_8719.jpg,0
image_8720.jpg,1
image_8721.jpg,1
image_8722.jpg,0
image_8723.jpg,1
image_8724.jpg,0
image_8725.jpg,1
image_8726.jpg,0
image_8727.jpg,0
image_8728.jpg,1
image_8729.jpg,1
image_8730.jpg,0
image_8731.jpg,1
image_8732.jpg,0
image_8733.jpg,0
image_8734.jpg,1
image_8735.jpg,1
image_8736.jpg,0
image_8737.jpg,1
image_8738.jpg,1
image_8739.jpg,1
image_8740.jpg,1
image_8741.jpg,1
image_8742.jpg,0
image_8743.jpg,1
image_8744.jpg,0
image_8745.jpg,1
image_8746.jpg,0
image_8747.jpg,1
image_8748.jpg,0
image_8749.jpg,1
image_8750.jpg,1
image_8751.jpg,1
image_8752.jpg,1
image_8753.jpg,1
image_8754.jpg,1
image_8755.jpg,1
image_8756.jpg,0
image_8757.jpg,1
image_8758.jpg,1
image_8759.jpg,1
image_8760.jpg,0
image_8761.jpg,1
image_8762.jpg,1
image_8763.jpg,0
image_8764.jpg,1
image_8765.jpg,1
image_8766.jpg,1
image_8767.jpg,1
image_8768.jpg,0
image_8769.jpg,1
image_8770.jpg,1
image_8771.jpg,1
image_8772.jpg,1
image_8773.jpg,0
image_8774.jpg,1
image_8775.jpg,1
image_8776.jpg,1
image_8777.jpg,1
image_8778.jpg,0
image_8779.jpg,1
image_8780.jpg,1
image_8781.jpg,1
image_8782.jpg,0
image_8783.jpg,1
image_8784.jpg,0
image_8785.jpg,0
image_8786.jpg,1
image_8787.jpg,1
image_8788.jpg,0
image_8789.jpg,1
image_8790.jpg,1
image_8791.jpg,1
image_8792.jpg,1
image_8793.jpg,0
image_8794.jpg,1
image_8795.jpg,1
image_8796.jpg,1
image_8797.jpg,1
image_8798.jpg,1
image_8799.jpg,0
image_8800.jpg,1
image_8801.jpg,1
image_8802.jpg,0
image_8803.jpg,1
image_8804.jpg,0
image_8805.jpg,1
image_8806.jpg,1
image_8807.jpg,1
image_8808.jpg,1
image_8809.jpg,0
image_8810.jpg,0
image_8811.jpg,0
image_8812.jpg,1
image_8813.jpg,0
image_8814.jpg,0
image_8815.jpg,1
image_8816.jpg,0
image_8817.jpg,1
image_8818.jpg,0
image_8819.jpg,1
image_8820.jpg,1
image_8821.jpg,0
image_8822.jpg,1
image_8823.jpg,0
image_8824.jpg,1
image_8825.jpg,0
image_8826.jpg,1
image_8827.jpg,1
image_8828.jpg,0
image_8829.jpg,1
image_8830.jpg,0
image_8831.jpg,0
image_8832.jpg,1
image_8833.jpg,1
image_8834.jpg,0
image_8835.jpg,1
image_8836.jpg,1
image_8837.jpg,1
image_8838.jpg,1
image_8839.jpg,0
image_8840.jpg,1
image_8841.jpg,0
image_8842.jpg,1
image_8843.jpg,1
image_8844.jpg,1
image_8845.jpg,1
image_8846.jpg,1
image_8847.jpg,1
image_8848.jpg,1
image_8849.jpg,0
image_8850.jpg,1
image_8851.jpg,0
image_8852.jpg,1
image_8853.jpg,1
image_8854.jpg,0
image_8855.jpg,1
image_8856.jpg,1
image_8857.jpg,0
image_8858.jpg,0
image_8859.jpg,0
image_8860.jpg,1
image_8861.jpg,1
image_8862.jpg,0
image_8863.jpg,1
image_8864.jpg,1
image_8865.jpg,0
image_8866.jpg,1
image_8867.jpg,1
image_8868.jpg,1
image_8869.jpg,1
image_8870.jpg,1
image_8871.jpg,0
image_8872.jpg,0
image_8873.jpg,1
image_8874.jpg,0
image_8875.jpg,0
image_8876.jpg,1
image_8877.jpg,0
image_8878.jpg,1
image_8879.jpg,0
image_8880.jpg,0
image_8881.jpg,1
image_8882.jpg,1
image_8883.jpg,1
image_8884.jpg,1
image_8885.jpg,1
image_8886.jpg,0
image_8887.jpg,0
image_8888.jpg,1
image_8889.jpg,1
image_8890.jpg,1
image_8891.jpg,0
image_8892.jpg,1
image_8893.jpg,1
image_8894.jpg,1
image_8895.jpg,1
image_8896.jpg,1
image_8897.jpg,1
image_8898.jpg,1
image_8899.jpg,1
image_8900.jpg,1
image_8901.jpg,0
image_8902.jpg,1
image_8903.jpg,1
image_8904.jpg,1
image_8905.jpg,1
image_8906.jpg,1
image_8907.jpg,1
image_8908.jpg,1
image_8909.jpg,1
image_8910.jpg,0
image_8911.jpg,1
image_8912.jpg,0
image_8913.jpg,0
image_8914.jpg,1
image_8915.jpg,1
image_8916.jpg,1
image_8917.jpg,1
image_8918.jpg,1
image_8919.jpg,0
image_8920.jpg,1
image_8921.jpg,1
image_8922.jpg,1
image_8923.jpg,1
image_8924.jpg,1
image_8925.jpg,0
image_8926.jpg,1
image_8927.jpg,1
image_8928.jpg,0
image_8929.jpg,1
image_8930.jpg,0
image_8931.jpg,1
image_8932.jpg,1
image_8933.jpg,0
image_8934.jpg,1
image_8935.jpg,1
image_8936.jpg,1
image_8937.jpg,1
image_8938.jpg,1
image_8939.jpg,1
image_8940.jpg,1
image_8941.jpg,1
image_8942.jpg,1
image_8943.jpg,1
image_8944.jpg,1
image_8945.jpg,0
image_8946.jpg,1
image_8947.jpg,1
image_8948.jpg,0
image_8949.jpg,1
image_8950.jpg,0
image_8951.jpg,1
image_8952.jpg,1
image_8953.jpg,1
image_8954.jpg,0
image_8955.jpg,1
image_8956.jpg,0
image_8957.jpg,0
image_8958.jpg,1
image_8959.jpg,1
image_8960.jpg,1
image_8961.jpg,1
image_8962.jpg,0
image_8963.jpg,0
image_8964.jpg,1
image_8965.jpg,0
image_8966.jpg,1
image_8967.jpg,1
image_8968.jpg,0
image_8969.jpg,1
image_8970.jpg,1
image_8971.jpg,0
image_8972.jpg,1
image_8973.jpg,1
image_8974.jpg,1
image_8975.jpg,0
image_8976.jpg,1
image_8977.jpg,0
image_8978.jpg,1
image_8979.jpg,0
image_8980.jpg,0
image_8981.jpg,0
image_8982.jpg,1
image_8983.jpg,0
image_8984.jpg,1
image_8985.jpg,1
image_8986.jpg,1
image_8987.jpg,1
image_8988.jpg,0
image_8989.jpg,0
image_8990.jpg,1
image_8991.jpg,1
image_8992.jpg,1
image_8993.jpg,1
image_8994.jpg,1
image_8995.jpg,1
image_8996.jpg,1
image_8997.jpg,0
image_8998.jpg,1
image_8999.jpg,1
image_9000.jpg,0
image_9001.jpg,1
image_9002.jpg,0
image_9003.jpg,1
image_9004.jpg,1
image_9005.jpg,1
image_9006.jpg,1
image_9007.jpg,1
image_9008.jpg,0
image_9009.jpg,0
image_9010.jpg,1
image_9011.jpg,1
image_9012.jpg,0
image_9013.jpg,0
image_9014.jpg,1
image_9015.jpg,0
image_9016.jpg,1
image_9017.jpg,0
image_9018.jpg,1
image_9019.jpg,1
image_9020.jpg,0
image_9021.jpg,1
image_9022.jpg,1
image_9023.jpg,0
image_9024.jpg,0
image_9025.jpg,1
image_9026.jpg,1
image_9027.jpg,1
image_9028.jpg,1
image_9029.jpg,1
image_9030.jpg,1
image_9031.jpg,0
image_9032.jpg,0
image_9033.jpg,1
image_9034.jpg,1
image_9035.jpg,1
image_9036.jpg,0
image_9037.jpg,1
image_9038.jpg,0
image_9039.jpg,1
image_9040.jpg,1
image_9041.jpg,0
image_9042.jpg,0
image_9043.jpg,0
image_9044.jpg,0
image_9045.jpg,0
image_9046.jpg,1
image_9047.jpg,0
image_9048.jpg,1
image_9049.jpg,0
image_9050.jpg,1
image_9051.jpg,1
image_9052.jpg,1
image_9053.jpg,0
image_9054.jpg,1
image_9055.jpg,1
image_9056.jpg,0
image_9057.jpg,1
image_9058.jpg,1
image_9059.jpg,1
image_9060.jpg,1
image_9061.jpg,1
image_9062.jpg,1
image_9063.jpg,1
image_9064.jpg,1
image_9065.jpg,0
image_9066.jpg,0
image_9067.jpg,1
image_9068.jpg,1
image_9069.jpg,0
image_9070.jpg,1
image_9071.jpg,1
image_9072.jpg,1
image_9073.jpg,1
image_9074.jpg,0
image_9075.jpg,0
image_9076.jpg,1
image_9077.jpg,0
image_9078.jpg,1
image_9079.jpg,0
image_9080.jpg,1
image_9081.jpg,0
image_9082.jpg,0
image_9083.jpg,0
image_9084.jpg,1
image_9085.jpg,1
image_9086.jpg,0
image_9087.jpg,1
image_9088.jpg,1
image_9089.jpg,1
image_9090.jpg,1
image_9091.jpg,1
image_9092.jpg,1
image_9093.jpg,1
image_9094.jpg,1
image_9095.jpg,1
image_9096.jpg,1
image_9097.jpg,0
image_9098.jpg,1
image_9099.jpg,1
image_9100.jpg,1
image_9101.jpg,1
image_9102.jpg,1
image_9103.jpg,1
image_9104.jpg,1
image_9105.jpg,0
image_9106.jpg,1
image_9107.jpg,1
image_9108.jpg,1
image_9109.jpg,1
image_9110.jpg,1
image_9111.jpg,1
image_9112.jpg,0
image_9113.jpg,0
image_9114.jpg,1
image_9115.jpg,0
image_9116.jpg,0
image_9117.jpg,0
image_9118.jpg,1
image_9119.jpg,1
image_9120.jpg,1
image_9121.jpg,1
image_9122.jpg,1
image_9123.jpg,0
image_9124.jpg,0
image_9125.jpg,1
image_9126.jpg,1
image_9127.jpg,1
image_9128.jpg,1
image_9129.jpg,1
image_9130.jpg,1
image_9131.jpg,1
image_9132.jpg,1
image_9133.jpg,1
image_9134.jpg,1
image_9135.jpg,0
image_9136.jpg,1
image_9137.jpg,1
image_9138.jpg,0
image_9139.jpg,1
image_9140.jpg,0
image_9141.jpg,1
image_9142.jpg,1
image_9143.jpg,1
image_9144.jpg,1
image_9145.jpg,1
image_9146.jpg,0
image_9147.jpg,1
image_9148.jpg,1
image_9149.jpg,1
image_9150.jpg,0
image_9151.jpg,1
image_9152.jpg,1
image_9153.jpg,1
image_9154.jpg,1
image_9155.jpg,0
image_9156.jpg,1
image_9157.jpg,1
image_9158.jpg,1
image_9159.jpg,1
image_9160.jpg,1
image_9161.jpg,1
image_9162.jpg,1
image_9163.jpg,1
image_9164.jpg,1
image_9165.jpg,1
image_9166.jpg,1
image_9167.jpg,1
image_9168.jpg,1
image_9169.jpg,0
image_9170.jpg,0
image_9171.jpg,1
image_9172.jpg,1
image_9173.jpg,1
image_9174.jpg,1
image_9175.jpg,1
image_9176.jpg,1
image_9177.jpg,0
image_9178.jpg,1
image_9179.jpg,1
image_9180.jpg,1
image_9181.jpg,1
image_9182.jpg,0
image_9183.jpg,0
image_9184.jpg,1
image_9185.jpg,1
image_9186.jpg,1
image_9187.jpg,1
image_9188.jpg,1
image_9189.jpg,1
image_9190.jpg,1
image_9191.jpg,1
image_9192.jpg,0
image_9193.jpg,0
image_9194.jpg,1
image_9195.jpg,1
image_9196.jpg,1
image_9197.jpg,1
image_9198.jpg,1
image_9199.jpg,1
image_9200.jpg,1
image_9201.jpg,1
image_9202.jpg,1
image_9203.jpg,0
image_9204.jpg,1
image_9205.jpg,1
image_9206.jpg,1
image_9207.jpg,1
image_9208.jpg,0
image_9209.jpg,1
image_9210.jpg,0
image_9211.jpg,0
image_9212.jpg,1
image_9213.jpg,0
image_9214.jpg,1
image_9215.jpg,0
image_9216.jpg,0
image_9217.jpg,1
image_9218.jpg,0
image_9219.jpg,1
image_9220.jpg,1
image_9221.jpg,1
image_9222.jpg,0
image_9223.jpg,1
image_9224.jpg,0
image_9225.jpg,1
image_9226.jpg,1
image_9227.jpg,1
image_9228.jpg,1
image_9229.jpg,1
image_9230.jpg,0
image_9231.jpg,1
image_9232.jpg,1
image_9233.jpg,1
image_9234.jpg,1
image_9235.jpg,0
image_9236.jpg,0
image_9237.jpg,1
image_9238.jpg,1
image_9239.jpg,1
image_9240.jpg,1
image_9241.jpg,0
image_9242.jpg,1
image_9243.jpg,1
image_9244.jpg,0
image_9245.jpg,1
image_9246.jpg,0
image_9247.jpg,1
image_9248.jpg,1
image_9249.jpg,0
image_9250.jpg,1
image_9251.jpg,1
image_9252.jpg,1
image_9253.jpg,1
image_9254.jpg,1
image_9255.jpg,1
image_9256.jpg,1
image_9257.jpg,0
image_9258.jpg,1
image_9259.jpg,1
image_9260.jpg,1
image_9261.jpg,1
image_9262.jpg,1
image_9263.jpg,1
image_9264.jpg,1
image_9265.jpg,1
image_9266.jpg,0
image_9267.jpg,1
image_9268.jpg,1
image_9269.jpg,1
image_9270.jpg,1
image_9271.jpg,1
image_9272.jpg,0
image_9273.jpg,0
image_9274.jpg,0
image_9275.jpg,1
image_9276.jpg,1
image_9277.jpg,0
image_9278.jpg,1
image_9279.jpg,0
image_9280.jpg,1
image_9281.jpg,0
image_9282.jpg,1
image_9283.jpg,1
image_9284.jpg,1
image_9285.jpg,0
image_9286.jpg,1
image_9287.jpg,1
image_9288.jpg,0
image_9289.jpg,1
image_9290.jpg,1
image_9291.jpg,1
image_9292.jpg,1
image_9293.jpg,1
image_9294.jpg,1
image_9295.jpg,0
image_9296.jpg,0
image_9297.jpg,0
image_9298.jpg,1
image_9299.jpg,1
image_9300.jpg,0
image_9301.jpg,1
image_9302.jpg,1
image_9303.jpg,1
image_9304.jpg,0
image_9305.jpg,1
image_9306.jpg,1
image_9307.jpg,1
image_9308.jpg,1
image_9309.jpg,1
image_9310.jpg,0
image_9311.jpg,1
image_9312.jpg,1
image_9313.jpg,1
image_9314.jpg,1
image_9315.jpg,1
image_9316.jpg,1
image_9317.jpg,1
image_9318.jpg,0
image_9319.jpg,1
image_9320.jpg,1
image_9321.jpg,1
image_9322.jpg,0
image_9323.jpg,1
image_9324.jpg,1
image_9325.jpg,1
image_9326.jpg,1
image_9327.jpg,1
image_9328.jpg,0
image_9329.jpg,0
image_9330.jpg,0
image_9331.jpg,1
image_9332.jpg,1
image_9333.jpg,1
image_9334.jpg,1
image_9335.jpg,0
image_9336.jpg,1
image_9337.jpg,0
image_9338.jpg,1
image_9339.jpg,0
image_9340.jpg,0
image_9341.jpg,0
image_9342.jpg,0
image_9343.jpg,0
image_9344.jpg,0
image_9345.jpg,1
image_9346.jpg,0
image_9347.jpg,1
image_9348.jpg,1
image_9349.jpg,0
image_9350.jpg,0
image_9351.jpg,1
image_9352.jpg,0
image_9353.jpg,1
image_9354.jpg,0
image_9355.jpg,1
image_9356.jpg,0
image_9357.jpg,1
image_9358.jpg,0
image_9359.jpg,1
image_9360.jpg,1
image_9361.jpg,1
image_9362.jpg,0
image_9363.jpg,0
image_9364.jpg,0
image_9365.jpg,0
image_9366.jpg,0
image_9367.jpg,1
image_9368.jpg,0
image_9369.jpg,1
image_9370.jpg,1
image_9371.jpg,1
image_9372.jpg,1
image_9373.jpg,1
image_9374.jpg,1
image_9375.jpg,1
image_9376.jpg,1
image_9377.jpg,0
image_9378.jpg,1
image_9379.jpg,1
image_9380.jpg,1
image_9381.jpg,1
image_9382.jpg,1
image_9383.jpg,1
image_9384.jpg,0
image_9385.jpg,1
image_9386.jpg,1
image_9387.jpg,0
image_9388.jpg,0
image_9389.jpg,1
image_9390.jpg,1
image_9391.jpg,1
image_9392.jpg,1
image_9393.jpg,1
image_9394.jpg,1
image_9395.jpg,0
image_9396.jpg,1
image_9397.jpg,1
image_9398.jpg,1
image_9399.jpg,0
image_9400.jpg,1
image_9401.jpg,0
image_9402.jpg,0
image_9403.jpg,1
image_9404.jpg,0
image_9405.jpg,1
image_9406.jpg,1
image_9407.jpg,1
image_9408.jpg,1
image_9409.jpg,0
image_9410.jpg,1
image_9411.jpg,1
image_9412.jpg,0
image_9413.jpg,0
image_9414.jpg,0
image_9415.jpg,1
image_9416.jpg,1
image_9417.jpg,0
image_9418.jpg,0
image_9419.jpg,1
image_9420.jpg,1
image_9421.jpg,0
image_9422.jpg,1
image_9423.jpg,1
image_9424.jpg,1
image_9425.jpg,1
image_9426.jpg,1
image_9427.jpg,1
image_9428.jpg,0
image_9429.jpg,1
image_9430.jpg,1
image_9431.jpg,0
image_9432.jpg,0
image_9433.jpg,1
image_9434.jpg,1
image_9435.jpg,1
image_9436.jpg,1
image_9437.jpg,0
image_9438.jpg,1
image_9439.jpg,0
image_9440.jpg,1
image_9441.jpg,0
image_9442.jpg,0
image_9443.jpg,1
image_9444.jpg,0
image_9445.jpg,0
image_9446.jpg,0
image_9447.jpg,1
image_9448.jpg,0
image_9449.jpg,1
image_9450.jpg,1
image_9451.jpg,0
image_9452.jpg,1
image_9453.jpg,1
image_9454.jpg,1
image_9455.jpg,1
image_9456.jpg,1
image_9457.jpg,1
image_9458.jpg,1
image_9459.jpg,0
image_9460.jpg,1
image_9461.jpg,0
image_9462.jpg,1
image_9463.jpg,1
image_9464.jpg,1
image_9465.jpg,1
image_9466.jpg,1
image_9467.jpg,1
image_9468.jpg,1
image_9469.jpg,1
image_9470.jpg,0
image_9471.jpg,1
image_9472.jpg,1
image_9473.jpg,0
image_9474.jpg,1
image_9475.jpg,1
image_9476.jpg,1
image_9477.jpg,1
image_9478.jpg,0
image_9479.jpg,1
image_9480.jpg,1
image_9481.jpg,0
image_9482.jpg,1
image_9483.jpg,0
image_9484.jpg,0
image_9485.jpg,1
image_9486.jpg,1
image_9487.jpg,1
image_9488.jpg,0
image_9489.jpg,1
image_9490.jpg,1
image_9491.jpg,1
image_9492.jpg,1
image_9493.jpg,1
image_9494.jpg,1
image_9495.jpg,0
image_9496.jpg,1
image_9497.jpg,1
image_9498.jpg,0
image_9499.jpg,1
image_9500.jpg,1
image_9501.jpg,1
image_9502.jpg,1
image_9503.jpg,0
image_9504.jpg,0
image_9505.jpg,0
image_9506.jpg,1
image_9507.jpg,1
image_9508.jpg,1
image_9509.jpg,0
image_9510.jpg,1
image_9511.jpg,1
image_9512.jpg,1
image_9513.jpg,1
image_9514.jpg,0
image_9515.jpg,0
image_9516.jpg,1
image_9517.jpg,0
image_9518.jpg,1
image_9519.jpg,1
image_9520.jpg,1
image_9521.jpg,0
image_9522.jpg,1
image_9523.jpg,1
image_9524.jpg,0
image_9525.jpg,0
image_9526.jpg,1
image_9527.jpg,1
image_9528.jpg,0
image_9529.jpg,0
image_9530.jpg,1
image_9531.jpg,1
image_9532.jpg,1
image_9533.jpg,0
image_9534.jpg,1
image_9535.jpg,1
image_9536.jpg,1
image_9537.jpg,1
image_9538.jpg,1
image_9539.jpg,1
image_9540.jpg,1
image_9541.jpg,1
image_9542.jpg,1
image_9543.jpg,1
image_9544.jpg,1
image_9545.jpg,1
image_9546.jpg,1
image_9547.jpg,0
image_9548.jpg,1
image_9549.jpg,1
image_9550.jpg,1
image_9551.jpg,1
image_9552.jpg,1
image_9553.jpg,0
image_9554.jpg,1
image_9555.jpg,1
image_9556.jpg,1
image_9557.jpg,0
image_9558.jpg,0
image_9559.jpg,0
image_9560.jpg,1
image_9561.jpg,1
image_9562.jpg,1
image_9563.jpg,1
image_9564.jpg,1
image_9565.jpg,1
image_9566.jpg,0
image_9567.jpg,1
image_9568.jpg,0
image_9569.jpg,0
image_9570.jpg,0
image_9571.jpg,1
image_9572.jpg,1
image_9573.jpg,1
image_9574.jpg,0
image_9575.jpg,1
image_9576.jpg,1
image_9577.jpg,0
image_9578.jpg,0
image_9579.jpg,1
image_9580.jpg,0
image_9581.jpg,1
image_9582.jpg,1
image_9583.jpg,0
image_9584.jpg,1
image_9585.jpg,0
image_9586.jpg,1
image_9587.jpg,1
image_9588.jpg,0
image_9589.jpg,0
image_9590.jpg,0
image_9591.jpg,1
image_9592.jpg,0
image_9593.jpg,1
image_9594.jpg,1
image_9595.jpg,1
image_9596.jpg,1
image_9597.jpg,1
image_9598.jpg,0
image_9599.jpg,0
image_9600.jpg,0
image_9601.jpg,1
image_9602.jpg,0
image_9603.jpg,1
image_9604.jpg,1
image_9605.jpg,0
image_9606.jpg,1
image_9607.jpg,1
image_9608.jpg,1
image_9609.jpg,1
image_9610.jpg,1
image_9611.jpg,1
image_9612.jpg,0
image_9613.jpg,1
image_9614.jpg,1
image_9615.jpg,1
image_9616.jpg,1
image_9617.jpg,1
image_9618.jpg,1
image_9619.jpg,1
image_9620.jpg,1
image_9621.jpg,0
image_9622.jpg,1
image_9623.jpg,1
image_9624.jpg,1
image_9625.jpg,1
image_9626.jpg,1
image_9627.jpg,0
image_9628.jpg,1
image_9629.jpg,0
image_9630.jpg,1
image_9631.jpg,0
image_9632.jpg,1
image_9633.jpg,0
image_9634.jpg,0
image_9635.jpg,0
image_9636.jpg,1
image_9637.jpg,1
image_9638.jpg,1
image_9639.jpg,0
image_9640.jpg,1
image_9641.jpg,0
image_9642.jpg,0
image_9643.jpg,1
image_9644.jpg,1
image_9645.jpg,1
image_9646.jpg,1
image_9647.jpg,1
image_9648.jpg,1
image_9649.jpg,1
image_9650.jpg,1
image_9651.jpg,1
image_9652.jpg,0
image_9653.jpg,0
image_9654.jpg,1
image_9655.jpg,1
image_9656.jpg,0
image_9657.jpg,0
image_9658.jpg,0
image_9659.jpg,0
image_9660.jpg,1
image_9661.jpg,0
image_9662.jpg,1
image_9663.jpg,1
image_9664.jpg,1
image_9665.jpg,1
image_9666.jpg,0
image_9667.jpg,1
image_9668.jpg,0
image_9669.jpg,1
image_9670.jpg,1
image_9671.jpg,1
image_9672.jpg,0
image_9673.jpg,0
image_9674.jpg,1
image_9675.jpg,1
image_9676.jpg,1
image_9677.jpg,1
image_9678.jpg,1
image_9679.jpg,1
image_9680.jpg,0
image_9681.jpg,0
image_9682.jpg,1
image_9683.jpg,1
image_9684.jpg,1
image_9685.jpg,1
image_9686.jpg,0
image_9687.jpg,1
image_9688.jpg,1
image_9689.jpg,1
image_9690.jpg,0
image_9691.jpg,0
image_9692.jpg,0
image_9693.jpg,0
image_9694.jpg,0
image_9695.jpg,1
image_9696.jpg,0
image_9697.jpg,1
image_9698.jpg,1
image_9699.jpg,0
image_9700.jpg,1
image_9701.jpg,1
image_9702.jpg,0
image_9703.jpg,1
image_9704.jpg,1
image_9705.jpg,1
image_9706.jpg,1
image_9707.jpg,1
image_9708.jpg,1
image_9709.jpg,1
image_9710.jpg,0
image_9711.jpg,1
image_9712.jpg,1
image_9713.jpg,1
image_9714.jpg,1
image_9715.jpg,1
image_9716.jpg,0
image_9717.jpg,1
image_9718.jpg,1
image_9719.jpg,0
image_9720.jpg,0
image_9721.jpg,1
image_9722.jpg,1
image_9723.jpg,1
image_9724.jpg,1
image_9725.jpg,1
image_9726.jpg,1
image_9727.jpg,1
image_9728.jpg,1
image_9729.jpg,1
image_9730.jpg,1
image_9731.jpg,1
image_9732.jpg,1
image_9733.jpg,1
image_9734.jpg,1
image_9735.jpg,1
image_9736.jpg,1
image_9737.jpg,1
image_9738.jpg,1
image_9739.jpg,0
image_9740.jpg,0
image_9741.jpg,1
image_9742.jpg,1
image_9743.jpg,0
image_9744.jpg,0
image_9745.jpg,0
image_9746.jpg,1
image_9747.jpg,0
image_9748.jpg,1
image_9749.jpg,1
image_9750.jpg,1
image_9751.jpg,0
image_9752.jpg,0
image_9753.jpg,1
image_9754.jpg,1
image_9755.jpg,1
image_9756.jpg,0
image_9757.jpg,1
image_9758.jpg,0
image_9759.jpg,0
image_9760.jpg,1
image_9761.jpg,1
image_9762.jpg,0
image_9763.jpg,1
image_9764.jpg,0
image_9765.jpg,1
image_9766.jpg,1
image_9767.jpg,1
image_9768.jpg,1
image_9769.jpg,1
image_9770.jpg,1
image_9771.jpg,0
image_9772.jpg,0
image_9773.jpg,1
image_9774.jpg,1
image_9775.jpg,1
image_9776.jpg,0
image_9777.jpg,1
image_9778.jpg,1
image_9779.jpg,1
image_9780.jpg,1
image_9781.jpg,1
image_9782.jpg,0
image_9783.jpg,0
image_9784.jpg,1
image_9785.jpg,0
image_9786.jpg,1
image_9787.jpg,1
image_9788.jpg,1
image_9789.jpg,1
image_9790.jpg,0
image_9791.jpg,1
image_9792.jpg,0
image_9793.jpg,1
image_9794.jpg,0
image_9795.jpg,1
image_9796.jpg,0
image_9797.jpg,1
image_9798.jpg,1
image_9799.jpg,1
image_9800.jpg,1
image_9801.jpg,0
image_9802.jpg,1
image_9803.jpg,1
image_9804.jpg,0
image_9805.jpg,0
image_9806.jpg,1
image_9807.jpg,1
image_9808.jpg,1
image_9809.jpg,1
image_9810.jpg,0
image_9811.jpg,1
image_9812.jpg,1
image_9813.jpg,1
image_9814.jpg,1
image_9815.jpg,1
image_9816.jpg,1
image_9817.jpg,1
image_9818.jpg,0
image_9819.jpg,1
image_9820.jpg,1
image_9821.jpg,1
image_9822.jpg,1
image_9823.jpg,0
image_9824.jpg,1
image_9825.jpg,1
image_9826.jpg,1
image_9827.jpg,0
image_9828.jpg,0
image_9829.jpg,1
image_9830.jpg,1
image_9831.jpg,0
image_9832.jpg,0
image_9833.jpg,0
image_9834.jpg,1
image_9835.jpg,0
image_9836.jpg,1
image_9837.jpg,1
image_9838.jpg,1
image_9839.jpg,0
image_9840.jpg,0
image_9841.jpg,1
image_9842.jpg,0
image_9843.jpg,0
image_9844.jpg,1
image_9845.jpg,1
image_9846.jpg,0
image_9847.jpg,1
image_9848.jpg,1
image_9849.jpg,0
image_9850.jpg,1
image_9851.jpg,1
image_9852.jpg,1
image_9853.jpg,1
image_9854.jpg,1
image_9855.jpg,0
image_9856.jpg,0
image_9857.jpg,0
image_9858.jpg,1
image_9859.jpg,1
image_9860.jpg,0
image_9861.jpg,1
image_9862.jpg,1
image_9863.jpg,1
image_9864.jpg,0
image_9865.jpg,1
image_9866.jpg,1
image_9867.jpg,1
image_9868.jpg,1
image_9869.jpg,0
image_9870.jpg,0
image_9871.jpg,1
image_9872.jpg,1
image_9873.jpg,0
image_9874.jpg,1
image_9875.jpg,1
image_9876.jpg,1
image_9877.jpg,1
image_9878.jpg,0
image_9879.jpg,0
image_9880.jpg,0
image_9881.jpg,1
image_9882.jpg,1
image_9883.jpg,1
image_9884.jpg,1
image_9885.jpg,0
image_9886.jpg,0
image_9887.jpg,1
image_9888.jpg,1
image_9889.jpg,1
image_9890.jpg,0
image_9891.jpg,1
image_9892.jpg,1
image_9893.jpg,0
image_9894.jpg,1
image_9895.jpg,1
image_9896.jpg,1
image_9897.jpg,1
image_9898.jpg,1
image_9899.jpg,1
image_9900.jpg,1
image_9901.jpg,1
image_9902.jpg,0
image_9903.jpg,1
image_9904.jpg,1
image_9905.jpg,0
image_9906.jpg,1
image_9907.jpg,1
image_9908.jpg,1
image_9909.jpg,0
image_9910.jpg,1
image_9911.jpg,1
image_9912.jpg,0
image_9913.jpg,1
image_9914.jpg,1
image_9915.jpg,1
image_9916.jpg,1
image_9917.jpg,1
image_9918.jpg,1
image_9919.jpg,1
image_9920.jpg,1
image_9921.jpg,1
image_9922.jpg,0
image_9923.jpg,1
image_9924.jpg,0
image_9925.jpg,1
image_9926.jpg,0
image_9927.jpg,1
image_9928.jpg,1
image_9929.jpg,1
image_9930.jpg,0
image_9931.jpg,1
image_9932.jpg,1
image_9933.jpg,1
image_9934.jpg,1
image_9935.jpg,1
image_9936.jpg,0
image_9937.jpg,0
image_9938.jpg,1
image_9939.jpg,1
image_9940.jpg,1
image_9941.jpg,1
image_9942.jpg,1
image_9943.jpg,1
image_9944.jpg,1
image_9945.jpg,1
image_9946.jpg,1
image_9947.jpg,0
image_9948.jpg,0
image_9949.jpg,0
image_9950.jpg,1
image_9951.jpg,0
image_9952.jpg,0
image_9953.jpg,1
image_9954.jpg,1
image_9955.jpg,1
image_9956.jpg,1
image_9957.jpg,1
image_9958.jpg,0
image_9959.jpg,0
image_9960.jpg,0
image_9961.jpg,1
image_9962.jpg,1
image_9963.jpg,1
image_9964.jpg,1
image_9965.jpg,0
image_9966.jpg,1
image_9967.jpg,1
image_9968.jpg,1
image_9969.jpg,0
image_9970.jpg,0
image_9971.jpg,0
image_9972.jpg,0
image_9973.jpg,1
image_9974.jpg,1
image_9975.jpg,1
image_9976.jpg,1
image_9977.jpg,0
image_9978.jpg,1
image_9979.jpg,1
image_9980.jpg,1
image_9981.jpg,1
image_9982.jpg,1
image_9983.jpg,1
image_9984.jpg,1
image_9985.jpg,1
image_9986.jpg,1
image_9987.jpg,0
image_9988.jpg,1
image_9989.jpg,1
image_9990.jpg,1
image_9991.jpg,0
image_9992.jpg,1
image_9993.jpg,0
image_9994.jpg,1
image_9995.jpg,0
image_9996.jpg,1
image_9997.jpg,1
image_9998.jpg,1
image_9999.jpg,0
image_10000.jpg,1
image_10001.jpg,0
image_10002.jpg,1
image_10003.jpg,1
image_10004.jpg,1
image_10005.jpg,0
image_10006.jpg,0
image_10007.jpg,0
image_10008.jpg,1
image_10009.jpg,1
image_10010.jpg,1
image_10011.jpg,1
image_10012.jpg,1
image_10013.jpg,1
image_10014.jpg,1
image_10015.jpg,1
image_10016.jpg,1
image_10017.jpg,1
image_10018.jpg,0
image_10019.jpg,1
image_10020.jpg,1
image_10021.jpg,1
image_10022.jpg,1
image_10023.jpg,0
image_10024.jpg,1
image_10025.jpg,1
image_10026.jpg,0
image_10027.jpg,1
image_10028.jpg,1
image_10029.jpg,1
image_10030.jpg,1
image_10031.jpg,1
image_10032.jpg,1
image_10033.jpg,1
image_10034.jpg,0
image_10035.jpg,1
image_10036.jpg,0
image_10037.jpg,0
image_10038.jpg,1
image_10039.jpg,1
image_10040.jpg,0
image_10041.jpg,0
image_10042.jpg,0
image_10043.jpg,1
image_10044.jpg,1
image_10045.jpg,1
image_10046.jpg,0
image_10047.jpg,1
image_10048.jpg,1
image_10049.jpg,1
image_10050.jpg,1
image_10051.jpg,1
image_10052.jpg,1
image_10053.jpg,0
image_10054.jpg,1
image_10055.jpg,1
image_10056.jpg,1
image_10057.jpg,1
image_10058.jpg,1
image_10059.jpg,1
image_10060.jpg,1
image_10061.jpg,1
image_10062.jpg,1
image_10063.jpg,1
image_10064.jpg,1
image_10065.jpg,1
image_10066.jpg,1
image_10067.jpg,1
image_10068.jpg,1
image_10069.jpg,1
image_10070.jpg,1
image_10071.jpg,0
image_10072.jpg,1
image_10073.jpg,1
image_10074.jpg,1
image_10075.jpg,1
image_10076.jpg,0
image_10077.jpg,1
image_10078.jpg,1
image_10079.jpg,1
image_10080.jpg,0
image_10081.jpg,1
image_10082.jpg,1
image_10083.jpg,1
image_10084.jpg,1
image_10085.jpg,0
image_10086.jpg,1
image_10087.jpg,1
image_10088.jpg,1
image_10089.jpg,1
image_10090.jpg,1
image_10091.jpg,1
image_10092.jpg,1
image_10093.jpg,1
image_10094.jpg,1
image_10095.jpg,1
image_10096.jpg,1
image_10097.jpg,1
image_10098.jpg,1
image_10099.jpg,1
image_10100.jpg,1
image_10101.jpg,1
image_10102.jpg,0
image_10103.jpg,1
image_10104.jpg,1
image_10105.jpg,1
image_10106.jpg,1
image_10107.jpg,1
image_10108.jpg,1
image_10109.jpg,1
image_10110.jpg,0
image_10111.jpg,1
image_10112.jpg,1
image_10113.jpg,1
image_10114.jpg,1
image_10115.jpg,1
image_10116.jpg,1
image_10117.jpg,1
image_10118.jpg,0
image_10119.jpg,1
image_10120.jpg,1
image_10121.jpg,0
image_10122.jpg,1
image_10123.jpg,1
image_10124.jpg,0
image_10125.jpg,1
image_10126.jpg,0
image_10127.jpg,1
image_10128.jpg,0
image_10129.jpg,1
image_10130.jpg,0
image_10131.jpg,1
image_10132.jpg,1
image_10133.jpg,1
image_10134.jpg,1
image_10135.jpg,1
image_10136.jpg,1
image_10137.jpg,1
image_10138.jpg,1
image_10139.jpg,0
image_10140.jpg,0
image_10141.jpg,0
image_10142.jpg,0
image_10143.jpg,1
image_10144.jpg,1
image_10145.jpg,1
image_10146.jpg,1
image_10147.jpg,1
image_10148.jpg,1
image_10149.jpg,1
image_10150.jpg,0
image_10151.jpg,0
image_10152.jpg,1
image_10153.jpg,1
image_10154.jpg,0
image_10155.jpg,0
image_10156.jpg,1
image_10157.jpg,1
image_10158.jpg,1
image_10159.jpg,1
image_10160.jpg,1
image_10161.jpg,1
image_10162.jpg,0
image_10163.jpg,1
image_10164.jpg,1
image_10165.jpg,0
image_10166.jpg,1
image_10167.jpg,1
image_10168.jpg,0
image_10169.jpg,1
image_10170.jpg,1
image_10171.jpg,1
image_10172.jpg,0
image_10173.jpg,1
image_10174.jpg,1
image_10175.jpg,1
image_10176.jpg,1
image_10177.jpg,0
image_10178.jpg,1
image_10179.jpg,1
image_10180.jpg,1
image_10181.jpg,1
image_10182.jpg,0
image_10183.jpg,1
image_10184.jpg,1
image_10185.jpg,1
image_10186.jpg,1
image_10187.jpg,1
image_10188.jpg,1
image_10189.jpg,1
image_10190.jpg,0
image_10191.jpg,1
image_10192.jpg,1
image_10193.jpg,0
image_10194.jpg,1
image_10195.jpg,1
image_10196.jpg,1
image_10197.jpg,0
image_10198.jpg,1
image_10199.jpg,1
image_10200.jpg,1
image_10201.jpg,1
image_10202.jpg,1
image_10203.jpg,1
image_10204.jpg,0
image_10205.jpg,1
image_10206.jpg,1
image_10207.jpg,1
image_10208.jpg,1
image_10209.jpg,1
image_10210.jpg,0
image_10211.jpg,0
image_10212.jpg,0
image_10213.jpg,0
image_10214.jpg,1
image_10215.jpg,1
image_10216.jpg,0
image_10217.jpg,1
image_10218.jpg,0
image_10219.jpg,1
image_10220.jpg,1
image_10221.jpg,0
image_10222.jpg,1
image_10223.jpg,0
image_10224.jpg,0
image_10225.jpg,0
image_10226.jpg,0
image_10227.jpg,1
image_10228.jpg,0
image_10229.jpg,0
image_10230.jpg,0
image_10231.jpg,0
image_10232.jpg,0
image_10233.jpg,1
image_10234.jpg,0
image_10235.jpg,0
image_10236.jpg,1
image_10237.jpg,1
image_10238.jpg,0
image_10239.jpg,1
image_10240.jpg,1
image_10241.jpg,0
image_10242.jpg,0
image_10243.jpg,1
image_10244.jpg,1
image_10245.jpg,1
image_10246.jpg,1
image_10247.jpg,1
image_10248.jpg,0
image_10249.jpg,1
image_10250.jpg,1
image_10251.jpg,1
image_10252.jpg,1
image_10253.jpg,1
image_10254.jpg,1
image_10255.jpg,1
image_10256.jpg,1
image_10257.jpg,1
image_10258.jpg,0
image_10259.jpg,1
image_10260.jpg,1
image_10261.jpg,1
image_10262.jpg,1
image_10263.jpg,1
image_10264.jpg,1
image_10265.jpg,0
image_10266.jpg,0
image_10267.jpg,0
image_10268.jpg,0
image_10269.jpg,0
image_10270.jpg,1
image_10271.jpg,0
image_10272.jpg,0
image_10273.jpg,0
image_10274.jpg,1
image_10275.jpg,1
image_10276.jpg,1
image_10277.jpg,0
image_10278.jpg,0
image_10279.jpg,1
image_10280.jpg,1
image_10281.jpg,1
image_10282.jpg,1
image_10283.jpg,1
image_10284.jpg,1
image_10285.jpg,1
image_10286.jpg,1
image_10287.jpg,1
image_10288.jpg,1
image_10289.jpg,1
image_10290.jpg,1
image_10291.jpg,1
image_10292.jpg,1
image_10293.jpg,1
image_10294.jpg,0
image_10295.jpg,0
image_10296.jpg,1
image_10297.jpg,0
image_10298.jpg,1
image_10299.jpg,1
image_10300.jpg,1
image_10301.jpg,1
image_10302.jpg,1
image_10303.jpg,0
image_10304.jpg,1
image_10305.jpg,0
image_10306.jpg,1
image_10307.jpg,1
image_10308.jpg,0
image_10309.jpg,1
image_10310.jpg,1
image_10311.jpg,1
image_10312.jpg,0
image_10313.jpg,1
image_10314.jpg,1
image_10315.jpg,1
image_10316.jpg,0
image_10317.jpg,1
image_10318.jpg,0
image_10319.jpg,1
image_10320.jpg,1
image_10321.jpg,1
image_10322.jpg,0
image_10323.jpg,1
image_10324.jpg,1
image_10325.jpg,1
image_10326.jpg,1
image_10327.jpg,0
image_10328.jpg,0
image_10329.jpg,1
image_10330.jpg,0
image_10331.jpg,0
image_10332.jpg,1
image_10333.jpg,1
image_10334.jpg,1
image_10335.jpg,0
image_10336.jpg,1
image_10337.jpg,0
image_10338.jpg,1
image_10339.jpg,1
image_10340.jpg,0
image_10341.jpg,0
image_10342.jpg,1
image_10343.jpg,1
image_10344.jpg,1
image_10345.jpg,1
image_10346.jpg,1
image_10347.jpg,1
image_10348.jpg,1
image_10349.jpg,0
image_10350.jpg,1
image_10351.jpg,0
image_10352.jpg,1
image_10353.jpg,1
image_10354.jpg,0
image_10355.jpg,1
image_10356.jpg,1
image_10357.jpg,0
image_10358.jpg,1
image_10359.jpg,0
image_10360.jpg,0
image_10361.jpg,1
image_10362.jpg,1
image_10363.jpg,1
image_10364.jpg,1
image_10365.jpg,0
image_10366.jpg,1
image_10367.jpg,1
image_10368.jpg,1
image_10369.jpg,1
image_10370.jpg,1
image_10371.jpg,1
image_10372.jpg,1
image_10373.jpg,1
image_10374.jpg,0
image_10375.jpg,1
image_10376.jpg,1
image_10377.jpg,0
image_10378.jpg,1
image_10379.jpg,1
image_10380.jpg,1
image_10381.jpg,1
image_10382.jpg,1
image_10383.jpg,1
image_10384.jpg,1
image_10385.jpg,0
image_10386.jpg,1
image_10387.jpg,1
image_10388.jpg,1
image_10389.jpg,1
image_10390.jpg,0
image_10391.jpg,1
image_10392.jpg,1
image_10393.jpg,1
image_10394.jpg,0
image_10395.jpg,1
image_10396.jpg,1
image_10397.jpg,1
image_10398.jpg,1
image_10399.jpg,0
image_10400.jpg,1
image_10401.jpg,0
image_10402.jpg,1
image_10403.jpg,1
image_10404.jpg,0
image_10405.jpg,1
image_10406.jpg,0
image_10407.jpg,1
image_10408.jpg,0
image_10409.jpg,1
image_10410.jpg,1
image_10411.jpg,1
image_10412.jpg,1
image_10413.jpg,0
image_10414.jpg,1
image_10415.jpg,0
image_10416.jpg,1
image_10417.jpg,1
image_10418.jpg,1
image_10419.jpg,0
image_10420.jpg,0
image_10421.jpg,1
image_10422.jpg,0
image_10423.jpg,1
image_10424.jpg,1
image_10425.jpg,1
image_10426.jpg,1
image_10427.jpg,0
image_10428.jpg,1
image_10429.jpg,1
image_10430.jpg,1
image_10431.jpg,1
image_10432.jpg,1
image_10433.jpg,1
image_10434.jpg,1
image_10435.jpg,1
image_10436.jpg,1
image_10437.jpg,0
image_10438.jpg,1
image_10439.jpg,1
image_10440.jpg,0
image_10441.jpg,0
image_10442.jpg,1
image_10443.jpg,1
image_10444.jpg,1
image_10445.jpg,1
image_10446.jpg,1
image_10447.jpg,1
image_10448.jpg,0
image_10449.jpg,0
image_10450.jpg,0
image_10451.jpg,0
image_10452.jpg,0
image_10453.jpg,1
image_10454.jpg,0
image_10455.jpg,0
image_10456.jpg,1
image_10457.jpg,1
image_10458.jpg,1
image_10459.jpg,0
image_10460.jpg,1
image_10461.jpg,1
image_10462.jpg,1
image_10463.jpg,0
image_10464.jpg,0
image_10465.jpg,1
image_10466.jpg,1
image_10467.jpg,1
image_10468.jpg,1
image_10469.jpg,1
image_10470.jpg,1
image_10471.jpg,0
image_10472.jpg,1
image_10473.jpg,1
image_10474.jpg,1
image_10475.jpg,1
image_10476.jpg,1
image_10477.jpg,0
image_10478.jpg,1
image_10479.jpg,1
image_10480.jpg,0
image_10481.jpg,0
image_10482.jpg,1
image_10483.jpg,0
image_10484.jpg,0
image_10485.jpg,1
image_10486.jpg,1
image_10487.jpg,1
image_10488.jpg,1
image_10489.jpg,1
image_10490.jpg,0
image_10491.jpg,0
image_10492.jpg,1
image_10493.jpg,1
image_10494.jpg,1
image_10495.jpg,1
image_10496.jpg,1
image_10497.jpg,1
image_10498.jpg,1
image_10499.jpg,1
image_10500.jpg,1
image_10501.jpg,0
image_10502.jpg,1
image_10503.jpg,0
image_10504.jpg,0
image_10505.jpg,1
image_10506.jpg,1
image_10507.jpg,1
image_10508.jpg,0
image_10509.jpg,0
image_10510.jpg,1
image_10511.jpg,1
image_10512.jpg,1
image_10513.jpg,0
image_10514.jpg,1
image_10515.jpg,1
image_10516.jpg,0
image_10517.jpg,0
image_10518.jpg,1
image_10519.jpg,0
image_10520.jpg,1
image_10521.jpg,0
image_10522.jpg,0
image_10523.jpg,0
image_10524.jpg,0
image_10525.jpg,1
image_10526.jpg,1
image_10527.jpg,0
image_10528.jpg,0
image_10529.jpg,1
image_10530.jpg,1
image_10531.jpg,1
image_10532.jpg,1
image_10533.jpg,1
image_10534.jpg,0
image_10535.jpg,1
image_10536.jpg,1
image_10537.jpg,1
image_10538.jpg,1
image_10539.jpg,1
image_10540.jpg,1
image_10541.jpg,0
image_10542.jpg,0
image_10543.jpg,1
image_10544.jpg,1
image_10545.jpg,0
image_10546.jpg,1
image_10547.jpg,1
image_10548.jpg,0
image_10549.jpg,0
image_10550.jpg,1
image_10551.jpg,1
image_10552.jpg,1
image_10553.jpg,0
image_10554.jpg,1
image_10555.jpg,1
image_10556.jpg,1
image_10557.jpg,0
image_10558.jpg,1
image_10559.jpg,1
image_10560.jpg,0
image_10561.jpg,1
image_10562.jpg,1
image_10563.jpg,1
image_10564.jpg,1
image_10565.jpg,1
image_10566.jpg,1
image_10567.jpg,1
image_10568.jpg,1
image_10569.jpg,0
image_10570.jpg,0
image_10571.jpg,1
image_10572.jpg,1
image_10573.jpg,1
image_10574.jpg,1
image_10575.jpg,1
image_10576.jpg,1
image_10577.jpg,0
image_10578.jpg,0
image_10579.jpg,1
image_10580.jpg,0
image_10581.jpg,1
image_10582.jpg,1
image_10583.jpg,1
image_10584.jpg,0
image_10585.jpg,1
image_10586.jpg,0
image_10587.jpg,0
image_10588.jpg,1
image_10589.jpg,1
image_10590.jpg,0
image_10591.jpg,1
image_10592.jpg,1
image_10593.jpg,1
image_10594.jpg,1
image_10595.jpg,1
image_10596.jpg,1
image_10597.jpg,0
image_10598.jpg,1
image_10599.jpg,1
image_10600.jpg,1
image_10601.jpg,1
image_10602.jpg,1
image_10603.jpg,1
image_10604.jpg,1
image_10605.jpg,0
image_10606.jpg,1
image_10607.jpg,1
image_10608.jpg,1
image_10609.jpg,1
image_10610.jpg,1
image_10611.jpg,1
image_10612.jpg,0
image_10613.jpg,1
image_10614.jpg,1
image_10615.jpg,1
image_10616.jpg,1
image_10617.jpg,1
image_10618.jpg,0
image_10619.jpg,1
image_10620.jpg,1
image_10621.jpg,1
image_10622.jpg,1
image_10623.jpg,0
image_10624.jpg,1
image_10625.jpg,1
image_10626.jpg,1
image_10627.jpg,0
image_10628.jpg,0
image_10629.jpg,1
image_10630.jpg,1
image_10631.jpg,0
image_10632.jpg,0
image_10633.jpg,0
image_10634.jpg,1
image_10635.jpg,1
image_10636.jpg,0
image_10637.jpg,0
image_10638.jpg,1
image_10639.jpg,1
image_10640.jpg,1
image_10641.jpg,0
image_10642.jpg,1
image_10643.jpg,0
image_10644.jpg,1
image_10645.jpg,1
image_10646.jpg,1
image_10647.jpg,0
image_10648.jpg,1
image_10649.jpg,1
image_10650.jpg,0
image_10651.jpg,0
image_10652.jpg,1
image_10653.jpg,0
image_10654.jpg,1
image_10655.jpg,0
image_10656.jpg,0
image_10657.jpg,0
image_10658.jpg,1
image_10659.jpg,1
image_10660.jpg,1
image_10661.jpg,0
image_10662.jpg,1
image_10663.jpg,1
image_10664.jpg,0
image_10665.jpg,0
image_10666.jpg,1
image_10667.jpg,0
image_10668.jpg,1
image_10669.jpg,0
image_10670.jpg,1
image_10671.jpg,0
image_10672.jpg,0
image_10673.jpg,1
image_10674.jpg,0
image_10675.jpg,1
image_10676.jpg,0
image_10677.jpg,0
image_10678.jpg,1
image_10679.jpg,0
image_10680.jpg,0
image_10681.jpg,0
image_10682.jpg,1
image_10683.jpg,0
image_10684.jpg,0
image_10685.jpg,1
image_10686.jpg,0
image_10687.jpg,0
image_10688.jpg,1
image_10689.jpg,1
image_10690.jpg,1
image_10691.jpg,1
image_10692.jpg,1
image_10693.jpg,0
image_10694.jpg,1
image_10695.jpg,0
image_10696.jpg,0
image_10697.jpg,1
image_10698.jpg,0
image_10699.jpg,1
image_10700.jpg,1
image_10701.jpg,0
image_10702.jpg,1
image_10703.jpg,1
image_10704.jpg,1
image_10705.jpg,1
image_10706.jpg,0
image_10707.jpg,1
image_10708.jpg,1
image_10709.jpg,0
image_10710.jpg,0
image_10711.jpg,1
image_10712.jpg,1
image_10713.jpg,1
image_10714.jpg,1
image_10715.jpg,1
image_10716.jpg,1
image_10717.jpg,1
image_10718.jpg,1
image_10719.jpg,0
image_10720.jpg,1
image_10721.jpg,1
image_10722.jpg,1
image_10723.jpg,0
image_10724.jpg,0
image_10725.jpg,1
image_10726.jpg,0
image_10727.jpg,1
image_10728.jpg,1
image_10729.jpg,1
image_10730.jpg,0
image_10731.jpg,0
image_10732.jpg,1
image_10733.jpg,1
image_10734.jpg,0
image_10735.jpg,1
image_10736.jpg,0
image_10737.jpg,0
image_10738.jpg,1
image_10739.jpg,1
image_10740.jpg,1
image_10741.jpg,1
image_10742.jpg,0
image_10743.jpg,1
image_10744.jpg,1
image_10745.jpg,0
image_10746.jpg,1
image_10747.jpg,1
image_10748.jpg,1
image_10749.jpg,0
image_10750.jpg,1
image_10751.jpg,1
image_10752.jpg,1
image_10753.jpg,1
image_10754.jpg,0
image_10755.jpg,0
image_10756.jpg,1
image_10757.jpg,0
image_10758.jpg,1
image_10759.jpg,0
image_10760.jpg,1
image_10761.jpg,1
image_10762.jpg,1
image_10763.jpg,1
image_10764.jpg,1
image_10765.jpg,1
image_10766.jpg,1
image_10767.jpg,0
image_10768.jpg,1
image_10769.jpg,0
image_10770.jpg,1
image_10771.jpg,0
image_10772.jpg,1
image_10773.jpg,1
image_10774.jpg,1
image_10775.jpg,1
image_10776.jpg,1
image_10777.jpg,0
image_10778.jpg,0
image_10779.jpg,1
image_10780.jpg,0
image_10781.jpg,1
image_10782.jpg,0
image_10783.jpg,1
image_10784.jpg,1
image_10785.jpg,1
image_10786.jpg,0
image_10787.jpg,1
image_10788.jpg,1
image_10789.jpg,0
image_10790.jpg,0
image_10791.jpg,1
image_10792.jpg,0
image_10793.jpg,1
image_10794.jpg,1
image_10795.jpg,1
image_10796.jpg,1
image_10797.jpg,0
image_10798.jpg,1
image_10799.jpg,0
image_10800.jpg,1
image_10801.jpg,1
image_10802.jpg,1
image_10803.jpg,1
image_10804.jpg,1
image_10805.jpg,1
image_10806.jpg,1
image_10807.jpg,1
image_10808.jpg,0
image_10809.jpg,1
image_10810.jpg,0
image_10811.jpg,1
image_10812.jpg,0
image_10813.jpg,0
image_10814.jpg,1
image_10815.jpg,0
image_10816.jpg,1
image_10817.jpg,1
image_10818.jpg,1
image_10819.jpg,1
image_10820.jpg,1
image_10821.jpg,0
image_10822.jpg,1
image_10823.jpg,1
image_10824.jpg,1
image_10825.jpg,1
image_10826.jpg,1
image_10827.jpg,1
image_10828.jpg,1
image_10829.jpg,1
image_10830.jpg,1
image_10831.jpg,1
image_10832.jpg,1
image_10833.jpg,0
image_10834.jpg,1
image_10835.jpg,1
image_10836.jpg,1
image_10837.jpg,1
image_10838.jpg,1
image_10839.jpg,0
image_10840.jpg,1
image_10841.jpg,1
image_10842.jpg,1
image_10843.jpg,0
image_10844.jpg,1
image_10845.jpg,0
image_10846.jpg,1
image_10847.jpg,1
image_10848.jpg,0
image_10849.jpg,1
image_10850.jpg,1
image_10851.jpg,1
image_10852.jpg,1
image_10853.jpg,1
image_10854.jpg,1
image_10855.jpg,1
image_10856.jpg,1
image_10857.jpg,1
image_10858.jpg,1
image_10859.jpg,0
image_10860.jpg,1
image_10861.jpg,1
image_10862.jpg,1
image_10863.jpg,0
image_10864.jpg,0
image_10865.jpg,1
image_10866.jpg,1
image_10867.jpg,1
image_10868.jpg,1
image_10869.jpg,0
image_10870.jpg,1
image_10871.jpg,0
image_10872.jpg,1
image_10873.jpg,1
image_10874.jpg,0
image_10875.jpg,1
image_10876.jpg,0
image_10877.jpg,0
image_10878.jpg,1
image_10879.jpg,0
image_10880.jpg,1
image_10881.jpg,1
image_10882.jpg,0
image_10883.jpg,0
image_10884.jpg,0
image_10885.jpg,1
image_10886.jpg,1
image_10887.jpg,1
image_10888.jpg,1
image_10889.jpg,0
image_10890.jpg,0
image_10891.jpg,1
image_10892.jpg,1
image_10893.jpg,0
image_10894.jpg,1
image_10895.jpg,0
image_10896.jpg,1
image_10897.jpg,1
image_10898.jpg,0
image_10899.jpg,1
image_10900.jpg,0
image_10901.jpg,1
image_10902.jpg,1
image_10903.jpg,1
image_10904.jpg,0
image_10905.jpg,1
image_10906.jpg,1
image_10907.jpg,1
image_10908.jpg,1
image_10909.jpg,1
image_10910.jpg,1
image_10911.jpg,1
image_10912.jpg,1
image_10913.jpg,1
image_10914.jpg,0
image_10915.jpg,0
image_10916.jpg,1
image_10917.jpg,1
image_10918.jpg,1
image_10919.jpg,1
image_10920.jpg,0
image_10921.jpg,0
image_10922.jpg,1
image_10923.jpg,1
image_10924.jpg,0
image_10925.jpg,1
image_10926.jpg,0
image_10927.jpg,1
image_10928.jpg,0
image_10929.jpg,0
image_10930.jpg,1
image_10931.jpg,1
image_10932.jpg,1
image_10933.jpg,1
image_10934.jpg,1
image_10935.jpg,1
image_10936.jpg,1
image_10937.jpg,1
image_10938.jpg,1
image_10939.jpg,0
image_10940.jpg,0
image_10941.jpg,0
image_10942.jpg,1
image_10943.jpg,1
image_10944.jpg,1
image_10945.jpg,0
image_10946.jpg,1
image_10947.jpg,1
image_10948.jpg,1
image_10949.jpg,1
image_10950.jpg,1
image_10951.jpg,1
image_10952.jpg,0
image_10953.jpg,1
image_10954.jpg,1
image_10955.jpg,1
image_10956.jpg,1
image_10957.jpg,0
image_10958.jpg,1
image_10959.jpg,1
image_10960.jpg,0
image_10961.jpg,1
image_10962.jpg,1
image_10963.jpg,1
image_10964.jpg,1
image_10965.jpg,0
image_10966.jpg,1
image_10967.jpg,0
image_10968.jpg,1
image_10969.jpg,0
image_10970.jpg,0
image_10971.jpg,1
image_10972.jpg,1
image_10973.jpg,0
image_10974.jpg,1
image_10975.jpg,1
image_10976.jpg,1
image_10977.jpg,1
image_10978.jpg,1
image_10979.jpg,0
image_10980.jpg,1
image_10981.jpg,1
image_10982.jpg,1
image_10983.jpg,0
image_10984.jpg,1
image_10985.jpg,1
image_10986.jpg,0
image_10987.jpg,1
image_10988.jpg,1
image_10989.jpg,1
image_10990.jpg,1
image_10991.jpg,1
image_10992.jpg,1
image_10993.jpg,1
image_10994.jpg,1
image_10995.jpg,1
image_10996.jpg,1
image_10997.jpg,0
image_10998.jpg,0
image_10999.jpg,1
image_11000.jpg,1
image_11001.jpg,1
image_11002.jpg,0
image_11003.jpg,1
image_11004.jpg,1
image_11005.jpg,1
image_11006.jpg,1
image_11007.jpg,1
image_11008.jpg,1
image_11009.jpg,1
image_11010.jpg,1
image_11011.jpg,1
image_11012.jpg,0
image_11013.jpg,1
image_11014.jpg,0
image_11015.jpg,1
image_11016.jpg,1
image_11017.jpg,1
image_11018.jpg,1
image_11019.jpg,0
image_11020.jpg,1
image_11021.jpg,1
image_11022.jpg,1
image_11023.jpg,0
image_11024.jpg,0
image_11025.jpg,0
image_11026.jpg,0
image_11027.jpg,1
image_11028.jpg,1
image_11029.jpg,1
image_11030.jpg,0
image_11031.jpg,0
image_11032.jpg,0
image_11033.jpg,1
image_11034.jpg,1
image_11035.jpg,1
image_11036.jpg,1
image_11037.jpg,0
image_11038.jpg,1
image_11039.jpg,1
image_11040.jpg,0
image_11041.jpg,1
image_11042.jpg,0
image_11043.jpg,1
image_11044.jpg,1
image_11045.jpg,1
image_11046.jpg,1
image_11047.jpg,0
image_11048.jpg,1
image_11049.jpg,1
image_11050.jpg,1
image_11051.jpg,1
image_11052.jpg,1
image_11053.jpg,1
image_11054.jpg,0
image_11055.jpg,1
image_11056.jpg,1
image_11057.jpg,1
image_11058.jpg,1
image_11059.jpg,1
image_11060.jpg,0
image_11061.jpg,1
image_11062.jpg,0
image_11063.jpg,0
image_11064.jpg,1
image_11065.jpg,1
image_11066.jpg,0
image_11067.jpg,0
image_11068.jpg,0
image_11069.jpg,0
image_11070.jpg,0
image_11071.jpg,1
image_11072.jpg,1
image_11073.jpg,1
image_11074.jpg,1
image_11075.jpg,1
image_11076.jpg,1
image_11077.jpg,1
image_11078.jpg,0
image_11079.jpg,0
image_11080.jpg,1
image_11081.jpg,0
image_11082.jpg,0
image_11083.jpg,1
image_11084.jpg,0
image_11085.jpg,1
image_11086.jpg,0
image_11087.jpg,0
image_11088.jpg,1
image_11089.jpg,1
image_11090.jpg,1
image_11091.jpg,0
image_11092.jpg,0
image_11093.jpg,0
image_11094.jpg,0
image_11095.jpg,1
image_11096.jpg,1
image_11097.jpg,1
image_11098.jpg,1
image_11099.jpg,1
image_11100.jpg,1
image_11101.jpg,0
image_11102.jpg,1
image_11103.jpg,1
image_11104.jpg,1
image_11105.jpg,1
image_11106.jpg,1
image_11107.jpg,1
image_11108.jpg,0
image_11109.jpg,1
image_11110.jpg,1
image_11111.jpg,0
image_11112.jpg,0
image_11113.jpg,1
image_11114.jpg,0
image_11115.jpg,0
image_11116.jpg,0
image_11117.jpg,1
image_11118.jpg,1
image_11119.jpg,1
image_11120.jpg,1
image_11121.jpg,1
image_11122.jpg,0
image_11123.jpg,1
image_11124.jpg,1
image_11125.jpg,1
image_11126.jpg,0
image_11127.jpg,1
image_11128.jpg,1
image_11129.jpg,0
image_11130.jpg,0
image_11131.jpg,1
image_11132.jpg,0
image_11133.jpg,0
image_11134.jpg,1
image_11135.jpg,1
image_11136.jpg,0
image_11137.jpg,1
image_11138.jpg,1
image_11139.jpg,1
image_11140.jpg,1
image_11141.jpg,0
image_11142.jpg,1
image_11143.jpg,1
image_11144.jpg,1
image_11145.jpg,0
image_11146.jpg,0
image_11147.jpg,1
image_11148.jpg,1
image_11149.jpg,0
image_11150.jpg,1
image_11151.jpg,1
image_11152.jpg,1
image_11153.jpg,1
image_11154.jpg,1
image_11155.jpg,0
image_11156.jpg,0
image_11157.jpg,1
image_11158.jpg,1
image_11159.jpg,1
image_11160.jpg,0
image_11161.jpg,1
image_11162.jpg,1
image_11163.jpg,1
image_11164.jpg,0
image_11165.jpg,1
image_11166.jpg,0
image_11167.jpg,0
image_11168.jpg,1
image_11169.jpg,1
image_11170.jpg,0
image_11171.jpg,0
image_11172.jpg,1
image_11173.jpg,1
image_11174.jpg,1
image_11175.jpg,1
image_11176.jpg,0
image_11177.jpg,1
image_11178.jpg,0
image_11179.jpg,1
image_11180.jpg,1
image_11181.jpg,1
image_11182.jpg,1
image_11183.jpg,0
image_11184.jpg,1
image_11185.jpg,1
image_11186.jpg,1
image_11187.jpg,1
image_11188.jpg,1
image_11189.jpg,1
image_11190.jpg,0
image_11191.jpg,1
image_11192.jpg,1
image_11193.jpg,0
image_11194.jpg,0
image_11195.jpg,1
image_11196.jpg,1
image_11197.jpg,1
image_11198.jpg,0
image_11199.jpg,0
image_11200.jpg,0
image_11201.jpg,1
image_11202.jpg,0
image_11203.jpg,1
image_11204.jpg,1
image_11205.jpg,0
image_11206.jpg,0
image_11207.jpg,1
image_11208.jpg,1
image_11209.jpg,1
image_11210.jpg,1
image_11211.jpg,1
image_11212.jpg,1
image_11213.jpg,1
image_11214.jpg,0
image_11215.jpg,1
image_11216.jpg,0
image_11217.jpg,0
image_11218.jpg,0
image_11219.jpg,1
image_11220.jpg,0
image_11221.jpg,0
image_11222.jpg,1
image_11223.jpg,1
image_11224.jpg,1
image_11225.jpg,0
image_11226.jpg,1
image_11227.jpg,0
image_11228.jpg,1
image_11229.jpg,1
image_11230.jpg,1
image_11231.jpg,0
image_11232.jpg,1
image_11233.jpg,1
image_11234.jpg,1
image_11235.jpg,1
image_11236.jpg,1
image_11237.jpg,0
image_11238.jpg,1
image_11239.jpg,1
image_11240.jpg,1
image_11241.jpg,1
image_11242.jpg,1
image_11243.jpg,0
image_11244.jpg,0
image_11245.jpg,1
image_11246.jpg,1
image_11247.jpg,1
image_11248.jpg,1
image_11249.jpg,1
image_11250.jpg,1
image_11251.jpg,0
image_11252.jpg,0
image_11253.jpg,0
image_11254.jpg,1
image_11255.jpg,1
image_11256.jpg,1
image_11257.jpg,1
image_11258.jpg,1
image_11259.jpg,1
image_11260.jpg,1
image_11261.jpg,0
image_11262.jpg,0
image_11263.jpg,1
image_11264.jpg,1
image_11265.jpg,1
image_11266.jpg,1
image_11267.jpg,0
image_11268.jpg,0
image_11269.jpg,1
image_11270.jpg,1
image_11271.jpg,1
image_11272.jpg,0
image_11273.jpg,0
image_11274.jpg,1
image_11275.jpg,1
image_11276.jpg,1
image_11277.jpg,1
image_11278.jpg,1
image_11279.jpg,1
image_11280.jpg,1
image_11281.jpg,0
image_11282.jpg,1
image_11283.jpg,1
image_11284.jpg,1
image_11285.jpg,0
image_11286.jpg,0
image_11287.jpg,1
image_11288.jpg,0
image_11289.jpg,1
image_11290.jpg,0
image_11291.jpg,1
image_11292.jpg,1
image_11293.jpg,0
image_11294.jpg,1
image_11295.jpg,1
image_11296.jpg,0
image_11297.jpg,0
image_11298.jpg,1
image_11299.jpg,1
image_11300.jpg,0
image_11301.jpg,0
image_11302.jpg,0
image_11303.jpg,0
image_11304.jpg,0
image_11305.jpg,1
image_11306.jpg,1
image_11307.jpg,1
image_11308.jpg,1
image_11309.jpg,1
image_11310.jpg,1
image_11311.jpg,1
image_11312.jpg,1
image_11313.jpg,1
image_11314.jpg,1
image_11315.jpg,1
image_11316.jpg,0
image_11317.jpg,0
image_11318.jpg,0
image_11319.jpg,1
image_11320.jpg,1
image_11321.jpg,1
image_11322.jpg,1
image_11323.jpg,1
image_11324.jpg,1
image_11325.jpg,1
image_11326.jpg,0
image_11327.jpg,0
image_11328.jpg,1
image_11329.jpg,0
image_11330.jpg,1
image_11331.jpg,0
image_11332.jpg,0
image_11333.jpg,1
image_11334.jpg,1
image_11335.jpg,1
image_11336.jpg,0
image_11337.jpg,0
image_11338.jpg,1
image_11339.jpg,1
image_11340.jpg,1
image_11341.jpg,1
image_11342.jpg,1
image_11343.jpg,1
image_11344.jpg,0
image_11345.jpg,1
image_11346.jpg,1
image_11347.jpg,1
image_11348.jpg,1
image_11349.jpg,0
image_11350.jpg,1
image_11351.jpg,1
image_11352.jpg,0
image_11353.jpg,1
image_11354.jpg,1
image_11355.jpg,0
image_11356.jpg,1
image_11357.jpg,1
image_11358.jpg,0
image_11359.jpg,1
image_11360.jpg,1
image_11361.jpg,0
image_11362.jpg,1
image_11363.jpg,1
image_11364.jpg,1
image_11365.jpg,1
image_11366.jpg,1
image_11367.jpg,0
image_11368.jpg,0
image_11369.jpg,0
image_11370.jpg,0
image_11371.jpg,0
image_11372.jpg,1
image_11373.jpg,1
image_11374.jpg,1
image_11375.jpg,0
image_11376.jpg,0
image_11377.jpg,1
image_11378.jpg,1
image_11379.jpg,0
image_11380.jpg,1
image_11381.jpg,0
image_11382.jpg,1
image_11383.jpg,1
image_11384.jpg,0
image_11385.jpg,0
image_11386.jpg,1
image_11387.jpg,1
image_11388.jpg,1
image_11389.jpg,1
image_11390.jpg,1
image_11391.jpg,0
image_11392.jpg,1
image_11393.jpg,1
image_11394.jpg,1
image_11395.jpg,0
image_11396.jpg,1
image_11397.jpg,1
image_11398.jpg,0
image_11399.jpg,1
image_11400.jpg,1
image_11401.jpg,1
image_11402.jpg,1
image_11403.jpg,1
image_11404.jpg,1
image_11405.jpg,1
image_11406.jpg,1
image_11407.jpg,1
image_11408.jpg,0
image_11409.jpg,1
image_11410.jpg,1
image_11411.jpg,1
image_11412.jpg,0
image_11413.jpg,0
image_11414.jpg,1
image_11415.jpg,1
image_11416.jpg,1
image_11417.jpg,1
image_11418.jpg,0
image_11419.jpg,0
image_11420.jpg,0
image_11421.jpg,1
image_11422.jpg,0
image_11423.jpg,0
image_11424.jpg,0
image_11425.jpg,1
image_11426.jpg,0
image_11427.jpg,1
image_11428.jpg,1
image_11429.jpg,1
image_11430.jpg,1
image_11431.jpg,1
image_11432.jpg,1
image_11433.jpg,0
image_11434.jpg,1
image_11435.jpg,1
image_11436.jpg,0
image_11437.jpg,1
image_11438.jpg,1
image_11439.jpg,1
image_11440.jpg,0
image_11441.jpg,1
image_11442.jpg,0
image_11443.jpg,0
image_11444.jpg,1
image_11445.jpg,0
image_11446.jpg,1
image_11447.jpg,1
image_11448.jpg,0
image_11449.jpg,1
image_11450.jpg,1
image_11451.jpg,0
image_11452.jpg,1
image_11453.jpg,1
image_11454.jpg,1
image_11455.jpg,1
image_11456.jpg,1
image_11457.jpg,1
image_11458.jpg,1
image_11459.jpg,1
image_11460.jpg,1
image_11461.jpg,1
image_11462.jpg,1
image_11463.jpg,0
image_11464.jpg,1
image_11465.jpg,1
image_11466.jpg,0
image_11467.jpg,1
image_11468.jpg,1
image_11469.jpg,1
image_11470.jpg,1
image_11471.jpg,0
image_11472.jpg,1
image_11473.jpg,0
image_11474.jpg,1
image_11475.jpg,1
image_11476.jpg,1
image_11477.jpg,1
image_11478.jpg,0
image_11479.jpg,1
image_11480.jpg,1
image_11481.jpg,0
image_11482.jpg,1
image_11483.jpg,0
image_11484.jpg,1
image_11485.jpg,1
image_11486.jpg,1
image_11487.jpg,1
image_11488.jpg,0
image_11489.jpg,1
image_11490.jpg,1
image_11491.jpg,0
image_11492.jpg,1
image_11493.jpg,1
image_11494.jpg,1
image_11495.jpg,1
image_11496.jpg,0
image_11497.jpg,1
image_11498.jpg,1
image_11499.jpg,0
image_11500.jpg,1
image_11501.jpg,1
image_11502.jpg,1
image_11503.jpg,0
image_11504.jpg,1
image_11505.jpg,1
image_11506.jpg,1
image_11507.jpg,1
image_11508.jpg,1
image_11509.jpg,1
image_11510.jpg,0
image_11511.jpg,1
image_11512.jpg,0
image_11513.jpg,0
image_11514.jpg,1
image_11515.jpg,0
image_11516.jpg,1
image_11517.jpg,1
image_11518.jpg,1
image_11519.jpg,1
image_11520.jpg,1
image_11521.jpg,1
image_11522.jpg,0
image_11523.jpg,0
image_11524.jpg,1
image_11525.jpg,1
image_11526.jpg,1
image_11527.jpg,0
image_11528.jpg,1
image_11529.jpg,1
image_11530.jpg,1
image_11531.jpg,1
image_11532.jpg,1
image_11533.jpg,1
image_11534.jpg,1
image_11535.jpg,0
image_11536.jpg,1
image_11537.jpg,1
image_11538.jpg,0
image_11539.jpg,1
image_11540.jpg,1
image_11541.jpg,1
image_11542.jpg,0
image_11543.jpg,0
image_11544.jpg,1
image_11545.jpg,0
image_11546.jpg,0
image_11547.jpg,0
image_11548.jpg,0
image_11549.jpg,0
image_11550.jpg,1
image_11551.jpg,1
image_11552.jpg,0
image_11553.jpg,1
image_11554.jpg,1
image_11555.jpg,0
image_11556.jpg,1
image_11557.jpg,0
image_11558.jpg,1
image_11559.jpg,1
image_11560.jpg,0
image_11561.jpg,1
image_11562.jpg,1
image_11563.jpg,1
image_11564.jpg,1
image_11565.jpg,1
image_11566.jpg,1
image_11567.jpg,0
image_11568.jpg,0
image_11569.jpg,1
image_11570.jpg,0
image_11571.jpg,0
image_11572.jpg,1
image_11573.jpg,1
image_11574.jpg,1
image_11575.jpg,1
image_11576.jpg,0
image_11577.jpg,0
image_11578.jpg,1
image_11579.jpg,0
image_11580.jpg,1
image_11581.jpg,1
image_11582.jpg,0
image_11583.jpg,1
image_11584.jpg,1
image_11585.jpg,1
image_11586.jpg,0
image_11587.jpg,0
image_11588.jpg,0
image_11589.jpg,0
image_11590.jpg,1
image_11591.jpg,1
image_11592.jpg,1
image_11593.jpg,0
image_11594.jpg,0
image_11595.jpg,0
image_11596.jpg,0
image_11597.jpg,1
image_11598.jpg,1
image_11599.jpg,0
image_11600.jpg,1
image_11601.jpg,1
image_11602.jpg,1
image_11603.jpg,1
image_11604.jpg,0
image_11605.jpg,1
image_11606.jpg,1
image_11607.jpg,0
image_11608.jpg,1
image_11609.jpg,1
image_11610.jpg,0
image_11611.jpg,1
image_11612.jpg,1
image_11613.jpg,1
image_11614.jpg,1
image_11615.jpg,0
image_11616.jpg,1
image_11617.jpg,1
image_11618.jpg,1
image_11619.jpg,1
image_11620.jpg,1
image_11621.jpg,0
image_11622.jpg,1
image_11623.jpg,1
image_11624.jpg,0
image_11625.jpg,1
image_11626.jpg,1
image_11627.jpg,0
image_11628.jpg,1
image_11629.jpg,0
image_11630.jpg,1
image_11631.jpg,0
image_11632.jpg,0
image_11633.jpg,1
image_11634.jpg,1
image_11635.jpg,1
image_11636.jpg,0
image_11637.jpg,0
image_11638.jpg,0
image_11639.jpg,0
image_11640.jpg,0
image_11641.jpg,1
image_11642.jpg,0
image_11643.jpg,1
image_11644.jpg,0
image_11645.jpg,0
image_11646.jpg,1
image_11647.jpg,1
image_11648.jpg,1
image_11649.jpg,1
image_11650.jpg,1
image_11651.jpg,1
image_11652.jpg,1
image_11653.jpg,1
image_11654.jpg,1
image_11655.jpg,1
image_11656.jpg,1
image_11657.jpg,1
image_11658.jpg,1
image_11659.jpg,1
image_11660.jpg,0
image_11661.jpg,0
image_11662.jpg,1
image_11663.jpg,0
image_11664.jpg,1
image_11665.jpg,1
image_11666.jpg,1
image_11667.jpg,1
image_11668.jpg,1
image_11669.jpg,1
image_11670.jpg,0
image_11671.jpg,1
image_11672.jpg,1
image_11673.jpg,1
image_11674.jpg,1
image_11675.jpg,1
image_11676.jpg,1
image_11677.jpg,1
image_11678.jpg,0
image_11679.jpg,1
image_11680.jpg,1
image_11681.jpg,1
image_11682.jpg,0
image_11683.jpg,1
image_11684.jpg,1
image_11685.jpg,1
image_11686.jpg,0
image_11687.jpg,1
image_11688.jpg,0
image_11689.jpg,1
image_11690.jpg,1
image_11691.jpg,1
image_11692.jpg,0
image_11693.jpg,1
image_11694.jpg,0
image_11695.jpg,1
image_11696.jpg,1
image_11697.jpg,1
image_11698.jpg,1
image_11699.jpg,1
image_11700.jpg,0
image_11701.jpg,1
image_11702.jpg,1
image_11703.jpg,0
image_11704.jpg,1
image_11705.jpg,1
image_11706.jpg,1
image_11707.jpg,0
image_11708.jpg,1
image_11709.jpg,1
image_11710.jpg,0
image_11711.jpg,1
image_11712.jpg,0
image_11713.jpg,1
image_11714.jpg,0
image_11715.jpg,1
image_11716.jpg,1
image_11717.jpg,1
image_11718.jpg,0
image_11719.jpg,0
image_11720.jpg,1
image_11721.jpg,1
image_11722.jpg,1
image_11723.jpg,0
image_11724.jpg,1
image_11725.jpg,0
image_11726.jpg,1
image_11727.jpg,1
image_11728.jpg,1
image_11729.jpg,1
image_11730.jpg,0
image_11731.jpg,0
image_11732.jpg,1
image_11733.jpg,0
image_11734.jpg,1
image_11735.jpg,1
image_11736.jpg,1
image_11737.jpg,1
image_11738.jpg,0
image_11739.jpg,1
image_11740.jpg,0
image_11741.jpg,1
image_11742.jpg,1
image_11743.jpg,1
image_11744.jpg,0
image_11745.jpg,0
image_11746.jpg,1
image_11747.jpg,1
image_11748.jpg,1
image_11749.jpg,1
image_11750.jpg,0
image_11751.jpg,1
image_11752.jpg,0
image_11753.jpg,1
image_11754.jpg,0
image_11755.jpg,1
image_11756.jpg,1
image_11757.jpg,0
image_11758.jpg,0
image_11759.jpg,0
image_11760.jpg,1
image_11761.jpg,1
image_11762.jpg,1
image_11763.jpg,1
image_11764.jpg,0
image_11765.jpg,0
image_11766.jpg,1
image_11767.jpg,1
image_11768.jpg,1
image_11769.jpg,0
image_11770.jpg,1
image_11771.jpg,1
image_11772.jpg,0
image_11773.jpg,1
image_11774.jpg,1
image_11775.jpg,1
image_11776.jpg,0
image_11777.jpg,1
image_11778.jpg,0
image_11779.jpg,1
image_11780.jpg,0
image_11781.jpg,1
image_11782.jpg,1
image_11783.jpg,0
image_11784.jpg,1
image_11785.jpg,1
image_11786.jpg,1
image_11787.jpg,1
image_11788.jpg,1
image_11789.jpg,1
image_11790.jpg,1
image_11791.jpg,1
image_11792.jpg,0
image_11793.jpg,0
image_11794.jpg,1
image_11795.jpg,1
image_11796.jpg,1
image_11797.jpg,1
image_11798.jpg,1
image_11799.jpg,1
image_11800.jpg,1
image_11801.jpg,1
image_11802.jpg,1
image_11803.jpg,0
image_11804.jpg,1
image_11805.jpg,1
image_11806.jpg,1
image_11807.jpg,1
image_11808.jpg,1
image_11809.jpg,1
image_11810.jpg,0
image_11811.jpg,1
image_11812.jpg,1
image_11813.jpg,1
image_11814.jpg,1
image_11815.jpg,1
image_11816.jpg,0
image_11817.jpg,0
image_11818.jpg,1
image_11819.jpg,1
image_11820.jpg,1
image_11821.jpg,1
image_11822.jpg,1
image_11823.jpg,1
image_11824.jpg,1
image_11825.jpg,0
image_11826.jpg,1
image_11827.jpg,1
image_11828.jpg,1
image_11829.jpg,1
image_11830.jpg,1
image_11831.jpg,1
image_11832.jpg,1
image_11833.jpg,1
image_11834.jpg,1
image_11835.jpg,1
image_11836.jpg,0
image_11837.jpg,1
image_11838.jpg,1
image_11839.jpg,1
image_11840.jpg,0
image_11841.jpg,1
image_11842.jpg,0
image_11843.jpg,1
image_11844.jpg,1
image_11845.jpg,1
image_11846.jpg,0
image_11847.jpg,1
image_11848.jpg,0
image_11849.jpg,1
image_11850.jpg,0
image_11851.jpg,1
image_11852.jpg,1
image_11853.jpg,0
image_11854.jpg,0
image_11855.jpg,1
image_11856.jpg,0
image_11857.jpg,0
image_11858.jpg,1
image_11859.jpg,1
image_11860.jpg,0
image_11861.jpg,1
image_11862.jpg,1
image_11863.jpg,1
image_11864.jpg,1
image_11865.jpg,1
image_11866.jpg,0
image_11867.jpg,1
image_11868.jpg,0
image_11869.jpg,0
image_11870.jpg,0
image_11871.jpg,0
image_11872.jpg,0
image_11873.jpg,1
image_11874.jpg,1
image_11875.jpg,1
image_11876.jpg,1
image_11877.jpg,1
image_11878.jpg,1
image_11879.jpg,1
image_11880.jpg,1
image_11881.jpg,1
image_11882.jpg,1
image_11883.jpg,1
image_11884.jpg,1
image_11885.jpg,1
image_11886.jpg,1
image_11887.jpg,1
image_11888.jpg,0
image_11889.jpg,1
image_11890.jpg,1
image_11891.jpg,0
image_11892.jpg,0
image_11893.jpg,0
image_11894.jpg,1
image_11895.jpg,0
image_11896.jpg,1
image_11897.jpg,1
image_11898.jpg,1
image_11899.jpg,1
image_11900.jpg,1
image_11901.jpg,1
image_11902.jpg,0
image_11903.jpg,1
image_11904.jpg,1
image_11905.jpg,0
image_11906.jpg,1
image_11907.jpg,1
image_11908.jpg,1
image_11909.jpg,1
image_11910.jpg,1
image_11911.jpg,1
image_11912.jpg,1
image_11913.jpg,1
image_11914.jpg,1
image_11915.jpg,0
image_11916.jpg,0
image_11917.jpg,1
image_11918.jpg,1
image_11919.jpg,1
image_11920.jpg,1
image_11921.jpg,1
image_11922.jpg,1
image_11923.jpg,1
image_11924.jpg,1
image_11925.jpg,1
image_11926.jpg,0
image_11927.jpg,1
image_11928.jpg,0
image_11929.jpg,1
image_11930.jpg,1
image_11931.jpg,1
image_11932.jpg,0
image_11933.jpg,1
image_11934.jpg,1
image_11935.jpg,1
image_11936.jpg,0
image_11937.jpg,1
image_11938.jpg,1
image_11939.jpg,1
image_11940.jpg,0
image_11941.jpg,1
image_11942.jpg,0
image_11943.jpg,1
image_11944.jpg,1
image_11945.jpg,0
image_11946.jpg,0
image_11947.jpg,1
image_11948.jpg,1
image_11949.jpg,1
image_11950.jpg,0
image_11951.jpg,1
image_11952.jpg,1
image_11953.jpg,0
image_11954.jpg,1
image_11955.jpg,0
image_11956.jpg,1
image_11957.jpg,0
image_11958.jpg,0
image_11959.jpg,1
image_11960.jpg,0
image_11961.jpg,0
image_11962.jpg,0
image_11963.jpg,1
image_11964.jpg,1
image_11965.jpg,1
image_11966.jpg,1
image_11967.jpg,1
image_11968.jpg,1
image_11969.jpg,0
image_11970.jpg,1
image_11971.jpg,1
image_11972.jpg,1
image_11973.jpg,1
image_11974.jpg,0
image_11975.jpg,1
image_11976.jpg,1
image_11977.jpg,0
image_11978.jpg,1
image_11979.jpg,1
image_11980.jpg,1
image_11981.jpg,1
image_11982.jpg,1
image_11983.jpg,0
image_11984.jpg,0
image_11985.jpg,1
image_11986.jpg,1
image_11987.jpg,1
image_11988.jpg,1
image_11989.jpg,0
image_11990.jpg,1
image_11991.jpg,1
image_11992.jpg,1
image_11993.jpg,1
image_11994.jpg,1
image_11995.jpg,1
image_11996.jpg,1
image_11997.jpg,1
image_11998.jpg,1
image_11999.jpg,0
image_12000.jpg,1
image_12001.jpg,1
image_12002.jpg,0
image_12003.jpg,1
image_12004.jpg,0
image_12005.jpg,0
image_12006.jpg,0
image_12007.jpg,1
image_12008.jpg,1
image_12009.jpg,1
image_12010.jpg,1
image_12011.jpg,0
image_12012.jpg,0
image_12013.jpg,0
image_12014.jpg,0
image_12015.jpg,1
image_12016.jpg,1
image_12017.jpg,0
image_12018.jpg,1
image_12019.jpg,1
image_12020.jpg,1
image_12021.jpg,1
image_12022.jpg,1
image_12023.jpg,1
image_12024.jpg,1
image_12025.jpg,1
image_12026.jpg,1
image_12027.jpg,1
image_12028.jpg,1
image_12029.jpg,1
image_12030.jpg,1
image_12031.jpg,1
image_12032.jpg,1
image_12033.jpg,0
image_12034.jpg,1
image_12035.jpg,1
image_12036.jpg,0
image_12037.jpg,0
image_12038.jpg,1
image_12039.jpg,1
image_12040.jpg,1
image_12041.jpg,1
image_12042.jpg,0
image_12043.jpg,0
image_12044.jpg,0
image_12045.jpg,1
image_12046.jpg,0
image_12047.jpg,1
image_12048.jpg,1
image_12049.jpg,0
image_12050.jpg,1
image_12051.jpg,1
image_12052.jpg,0
image_12053.jpg,0
image_12054.jpg,0
image_12055.jpg,1
image_12056.jpg,1
image_12057.jpg,1
image_12058.jpg,1
image_12059.jpg,0
image_12060.jpg,0
image_12061.jpg,1
image_12062.jpg,1
image_12063.jpg,0
image_12064.jpg,1
image_12065.jpg,1
image_12066.jpg,0
image_12067.jpg,1
image_12068.jpg,0
image_12069.jpg,1
image_12070.jpg,1
image_12071.jpg,1
image_12072.jpg,1
image_12073.jpg,0
image_12074.jpg,0
image_12075.jpg,1
image_12076.jpg,1
image_12077.jpg,1
image_12078.jpg,1
image_12079.jpg,0
image_12080.jpg,1
image_12081.jpg,0
image_12082.jpg,0
image_12083.jpg,1
image_12084.jpg,1
image_12085.jpg,1
image_12086.jpg,1
image_12087.jpg,1
image_12088.jpg,1
image_12089.jpg,1
image_12090.jpg,0
image_12091.jpg,0
image_12092.jpg,1
image_12093.jpg,1
image_12094.jpg,1
image_12095.jpg,1
image_12096.jpg,1
image_12097.jpg,1
image_12098.jpg,1
image_12099.jpg,1
image_12100.jpg,1
image_12101.jpg,1
image_12102.jpg,1
image_12103.jpg,0
image_12104.jpg,1
image_12105.jpg,1
image_12106.jpg,1
image_12107.jpg,0
image_12108.jpg,1
image_12109.jpg,1
image_12110.jpg,0
image_12111.jpg,1
image_12112.jpg,1
image_12113.jpg,1
image_12114.jpg,0
image_12115.jpg,1
image_12116.jpg,1
image_12117.jpg,0
image_12118.jpg,1
image_12119.jpg,1
image_12120.jpg,1
image_12121.jpg,1
image_12122.jpg,1
image_12123.jpg,0
image_12124.jpg,1
image_12125.jpg,1
image_12126.jpg,1
image_12127.jpg,1
image_12128.jpg,1
image_12129.jpg,1
image_12130.jpg,1
image_12131.jpg,0
image_12132.jpg,0
image_12133.jpg,0
image_12134.jpg,0
image_12135.jpg,0
image_12136.jpg,1
image_12137.jpg,1
image_12138.jpg,0
image_12139.jpg,0
image_12140.jpg,1
image_12141.jpg,1
image_12142.jpg,1
image_12143.jpg,1
image_12144.jpg,0
image_12145.jpg,1
image_12146.jpg,1
image_12147.jpg,1
image_12148.jpg,1
image_12149.jpg,1
image_12150.jpg,1
image_12151.jpg,1
image_12152.jpg,0
image_12153.jpg,1
image_12154.jpg,1
image_12155.jpg,1
image_12156.jpg,1
image_12157.jpg,0
image_12158.jpg,1
image_12159.jpg,0
image_12160.jpg,1
image_12161.jpg,1
image_12162.jpg,1
image_12163.jpg,1
image_12164.jpg,1
image_12165.jpg,0
image_12166.jpg,1
image_12167.jpg,1
image_12168.jpg,1
image_12169.jpg,0
image_12170.jpg,1
image_12171.jpg,0
image_12172.jpg,0
image_12173.jpg,1
image_12174.jpg,1
image_12175.jpg,0
image_12176.jpg,1
image_12177.jpg,1
image_12178.jpg,1
image_12179.jpg,1
image_12180.jpg,0
image_12181.jpg,1
image_12182.jpg,1
image_12183.jpg,1
image_12184.jpg,1
image_12185.jpg,1
image_12186.jpg,0
image_12187.jpg,1
image_12188.jpg,1
image_12189.jpg,1
image_12190.jpg,1
image_12191.jpg,1
image_12192.jpg,0
image_12193.jpg,0
image_12194.jpg,1
image_12195.jpg,1
image_12196.jpg,0
image_12197.jpg,1
image_12198.jpg,1
image_12199.jpg,1
image_12200.jpg,1
image_12201.jpg,1
image_12202.jpg,0
image_12203.jpg,1
image_12204.jpg,0
image_12205.jpg,0
image_12206.jpg,1
image_12207.jpg,1
image_12208.jpg,1
image_12209.jpg,0
image_12210.jpg,1
image_12211.jpg,0
image_12212.jpg,0
image_12213.jpg,1
image_12214.jpg,0
image_12215.jpg,1
image_12216.jpg,1
image_12217.jpg,1
image_12218.jpg,0
image_12219.jpg,1
image_12220.jpg,1
image_12221.jpg,1
image_12222.jpg,1
image_12223.jpg,1
image_12224.jpg,1
image_12225.jpg,1
image_12226.jpg,0
image_12227.jpg,0
image_12228.jpg,1
image_12229.jpg,1
image_12230.jpg,1
image_12231.jpg,0
image_12232.jpg,0
image_12233.jpg,0
image_12234.jpg,1
image_12235.jpg,1
image_12236.jpg,1
image_12237.jpg,1
image_12238.jpg,1
image_12239.jpg,1
image_12240.jpg,1
image_12241.jpg,1
image_12242.jpg,0
image_12243.jpg,1
image_12244.jpg,1
image_12245.jpg,1
image_12246.jpg,1
image_12247.jpg,1
image_12248.jpg,1
image_12249.jpg,0
image_12250.jpg,1
image_12251.jpg,1
image_12252.jpg,1
image_12253.jpg,1
image_12254.jpg,1
image_12255.jpg,1
image_12256.jpg,1
image_12257.jpg,1
image_12258.jpg,1
image_12259.jpg,1
image_12260.jpg,1
image_12261.jpg,1
image_12262.jpg,1
image_12263.jpg,1
image_12264.jpg,0
image_12265.jpg,1
image_12266.jpg,1
image_12267.jpg,1
image_12268.jpg,1
image_12269.jpg,0
image_12270.jpg,0
image_12271.jpg,1
image_12272.jpg,1
image_12273.jpg,1
image_12274.jpg,1
image_12275.jpg,1
image_12276.jpg,1
image_12277.jpg,1
image_12278.jpg,1
image_12279.jpg,0
image_12280.jpg,0
image_12281.jpg,1
image_12282.jpg,1
image_12283.jpg,0
image_12284.jpg,0
image_12285.jpg,1
image_12286.jpg,1
image_12287.jpg,1
image_12288.jpg,1
image_12289.jpg,0
image_12290.jpg,1
image_12291.jpg,1
image_12292.jpg,1
image_12293.jpg,1
image_12294.jpg,0
image_12295.jpg,0
image_12296.jpg,0
image_12297.jpg,1
image_12298.jpg,1
image_12299.jpg,0
image_12300.jpg,1
image_12301.jpg,0
image_12302.jpg,1
image_12303.jpg,1
image_12304.jpg,1
image_12305.jpg,1
image_12306.jpg,1
image_12307.jpg,0
image_12308.jpg,1
image_12309.jpg,1
image_12310.jpg,0
image_12311.jpg,1
image_12312.jpg,0
image_12313.jpg,1
image_12314.jpg,1
image_12315.jpg,1
image_12316.jpg,1
image_12317.jpg,0
image_12318.jpg,0
image_12319.jpg,1
image_12320.jpg,1
image_12321.jpg,1
image_12322.jpg,1
image_12323.jpg,0
image_12324.jpg,1
image_12325.jpg,0
image_12326.jpg,0
image_12327.jpg,1
image_12328.jpg,0
image_12329.jpg,1
image_12330.jpg,1
image_12331.jpg,0
image_12332.jpg,0
image_12333.jpg,0
image_12334.jpg,1
image_12335.jpg,0
image_12336.jpg,1
image_12337.jpg,1
image_12338.jpg,1
image_12339.jpg,0
image_12340.jpg,0
image_12341.jpg,1
image_12342.jpg,0
image_12343.jpg,1
image_12344.jpg,1
image_12345.jpg,0
image_12346.jpg,1
image_12347.jpg,1
image_12348.jpg,1
image_12349.jpg,1
image_12350.jpg,0
image_12351.jpg,1
image_12352.jpg,1
image_12353.jpg,1
image_12354.jpg,1
image_12355.jpg,0
image_12356.jpg,1
image_12357.jpg,1
image_12358.jpg,0
image_12359.jpg,1
image_12360.jpg,1
image_12361.jpg,0
image_12362.jpg,0
image_12363.jpg,0
image_12364.jpg,1
image_12365.jpg,1
image_12366.jpg,0
image_12367.jpg,1
image_12368.jpg,1
image_12369.jpg,1
image_12370.jpg,1
image_12371.jpg,1
image_12372.jpg,1
image_12373.jpg,1
image_12374.jpg,0
image_12375.jpg,1
image_12376.jpg,0
image_12377.jpg,1
image_12378.jpg,0
image_12379.jpg,1
image_12380.jpg,1
image_12381.jpg,1
image_12382.jpg,1
image_12383.jpg,0
image_12384.jpg,1
image_12385.jpg,1
image_12386.jpg,1
image_12387.jpg,0
image_12388.jpg,1
image_12389.jpg,0
image_12390.jpg,1
image_12391.jpg,1
image_12392.jpg,1
image_12393.jpg,1
image_12394.jpg,1
image_12395.jpg,1
image_12396.jpg,0
image_12397.jpg,0
image_12398.jpg,0
image_12399.jpg,1
image_12400.jpg,1
image_12401.jpg,1
image_12402.jpg,1
image_12403.jpg,1
image_12404.jpg,1
image_12405.jpg,1
image_12406.jpg,0
image_12407.jpg,1
image_12408.jpg,1
image_12409.jpg,0
image_12410.jpg,1
image_12411.jpg,1
image_12412.jpg,1
image_12413.jpg,1
image_12414.jpg,1
image_12415.jpg,1
image_12416.jpg,0
image_12417.jpg,1
image_12418.jpg,1
image_12419.jpg,1
image_12420.jpg,1
image_12421.jpg,0
image_12422.jpg,1
image_12423.jpg,1
image_12424.jpg,1
image_12425.jpg,0
image_12426.jpg,0
image_12427.jpg,1
image_12428.jpg,1
image_12429.jpg,1
image_12430.jpg,1
image_12431.jpg,1
image_12432.jpg,1
image_12433.jpg,0
image_12434.jpg,1
image_12435.jpg,0
image_12436.jpg,1
image_12437.jpg,0
image_12438.jpg,1
image_12439.jpg,1
image_12440.jpg,1
image_12441.jpg,1
image_12442.jpg,1
image_12443.jpg,1
image_12444.jpg,1
image_12445.jpg,0
image_12446.jpg,1
image_12447.jpg,1
image_12448.jpg,1
image_12449.jpg,1
image_12450.jpg,0
image_12451.jpg,1
image_12452.jpg,1
image_12453.jpg,1
image_12454.jpg,1
image_12455.jpg,0
image_12456.jpg,1
image_12457.jpg,1
image_12458.jpg,1
image_12459.jpg,1
image_12460.jpg,1
image_12461.jpg,1
image_12462.jpg,1
image_12463.jpg,0
image_12464.jpg,1
image_12465.jpg,1
image_12466.jpg,1
image_12467.jpg,1
image_12468.jpg,1
image_12469.jpg,1
image_12470.jpg,1
image_12471.jpg,1
image_12472.jpg,1
image_12473.jpg,0
image_12474.jpg,0
image_12475.jpg,1
image_12476.jpg,1
image_12477.jpg,1
image_12478.jpg,0
image_12479.jpg,0
image_12480.jpg,1
image_12481.jpg,0
image_12482.jpg,1
image_12483.jpg,1
image_12484.jpg,0
image_12485.jpg,1
image_12486.jpg,0
image_12487.jpg,1
image_12488.jpg,1
image_12489.jpg,1
image_12490.jpg,0
image_12491.jpg,1
image_12492.jpg,1
image_12493.jpg,0
image_12494.jpg,0
image_12495.jpg,0
image_12496.jpg,1
image_12497.jpg,0
image_12498.jpg,1
image_12499.jpg,0
image_12500.jpg,1
image_12501.jpg,1
image_12502.jpg,0
image_12503.jpg,0
image_12504.jpg,1
image_12505.jpg,1
image_12506.jpg,1
image_12507.jpg,0
image_12508.jpg,1
image_12509.jpg,0
image_12510.jpg,1
image_12511.jpg,1
image_12512.jpg,0
image_12513.jpg,0
image_12514.jpg,1
image_12515.jpg,0
image_12516.jpg,1
image_12517.jpg,1
image_12518.jpg,0
image_12519.jpg,1
image_12520.jpg,0
image_12521.jpg,1
image_12522.jpg,1
image_12523.jpg,1
image_12524.jpg,0
image_12525.jpg,1
image_12526.jpg,1
image_12527.jpg,1
image_12528.jpg,1
image_12529.jpg,0
image_12530.jpg,0
image_12531.jpg,0
image_12532.jpg,0
image_12533.jpg,0
image_12534.jpg,1
image_12535.jpg,0
image_12536.jpg,0
image_12537.jpg,0
image_12538.jpg,0
image_12539.jpg,1
image_12540.jpg,0
image_12541.jpg,1
image_12542.jpg,0
image_12543.jpg,0
image_12544.jpg,1
image_12545.jpg,1
image_12546.jpg,1
image_12547.jpg,0
image_12548.jpg,1
image_12549.jpg,1
image_12550.jpg,1
image_12551.jpg,1
image_12552.jpg,1
image_12553.jpg,1
image_12554.jpg,1
image_12555.jpg,1
image_12556.jpg,1
image_12557.jpg,1
image_12558.jpg,1
image_12559.jpg,1
image_12560.jpg,1
image_12561.jpg,1
image_12562.jpg,1
image_12563.jpg,1
image_12564.jpg,0
image_12565.jpg,1
image_12566.jpg,1
image_12567.jpg,1
image_12568.jpg,1
image_12569.jpg,0
image_12570.jpg,1
image_12571.jpg,1
image_12572.jpg,1
image_12573.jpg,1
image_12574.jpg,1
image_12575.jpg,0
image_12576.jpg,1
image_12577.jpg,1
image_12578.jpg,0
image_12579.jpg,1
image_12580.jpg,0
image_12581.jpg,1
image_12582.jpg,1
image_12583.jpg,0
image_12584.jpg,1
image_12585.jpg,1
image_12586.jpg,1
image_12587.jpg,1
image_12588.jpg,1
image_12589.jpg,1
image_12590.jpg,0
image_12591.jpg,1
image_12592.jpg,1
image_12593.jpg,0
image_12594.jpg,1
image_12595.jpg,1
image_12596.jpg,1
image_12597.jpg,0
image_12598.jpg,0
image_12599.jpg,1
image_12600.jpg,1
image_12601.jpg,1
image_12602.jpg,1
image_12603.jpg,1
image_12604.jpg,0
image_12605.jpg,0
image_12606.jpg,1
image_12607.jpg,0
image_12608.jpg,1
image_12609.jpg,1
image_12610.jpg,1
image_12611.jpg,1
image_12612.jpg,1
image_12613.jpg,1
image_12614.jpg,1
image_12615.jpg,1
image_12616.jpg,1
image_12617.jpg,1
image_12618.jpg,1
image_12619.jpg,1
image_12620.jpg,1
image_12621.jpg,1
image_12622.jpg,1
image_12623.jpg,1
image_12624.jpg,0
image_12625.jpg,1
image_12626.jpg,1
image_12627.jpg,1
image_12628.jpg,1
image_12629.jpg,1
image_12630.jpg,1
image_12631.jpg,1
image_12632.jpg,1
image_12633.jpg,1
image_12634.jpg,1
image_12635.jpg,1
image_12636.jpg,1
image_12637.jpg,1
image_12638.jpg,1
image_12639.jpg,1
image_12640.jpg,1
image_12641.jpg,0
image_12642.jpg,1
image_12643.jpg,1
image_12644.jpg,1
image_12645.jpg,0
image_12646.jpg,1
image_12647.jpg,1
image_12648.jpg,1
image_12649.jpg,0
image_12650.jpg,0
image_12651.jpg,1
image_12652.jpg,1
image_12653.jpg,1
image_12654.jpg,1
image_12655.jpg,0
image_12656.jpg,1
image_12657.jpg,0
image_12658.jpg,0
image_12659.jpg,0
image_12660.jpg,1
image_12661.jpg,0
image_12662.jpg,1
image_12663.jpg,1
image_12664.jpg,1
image_12665.jpg,1
image_12666.jpg,1
image_12667.jpg,0
image_12668.jpg,1
image_12669.jpg,1
image_12670.jpg,0
image_12671.jpg,1
image_12672.jpg,1
image_12673.jpg,1
image_12674.jpg,1
image_12675.jpg,1
image_12676.jpg,1
image_12677.jpg,1
image_12678.jpg,0
image_12679.jpg,1
image_12680.jpg,1
image_12681.jpg,1
image_12682.jpg,0
image_12683.jpg,1
image_12684.jpg,1
image_12685.jpg,0
image_12686.jpg,0
image_12687.jpg,1
image_12688.jpg,1
image_12689.jpg,0
image_12690.jpg,0
image_12691.jpg,1
image_12692.jpg,1
image_12693.jpg,1
image_12694.jpg,1
image_12695.jpg,1
image_12696.jpg,1
image_12697.jpg,1
image_12698.jpg,0
image_12699.jpg,1
image_12700.jpg,1
image_12701.jpg,1
image_12702.jpg,1
image_12703.jpg,1
image_12704.jpg,1
image_12705.jpg,1
image_12706.jpg,1
image_12707.jpg,0
image_12708.jpg,1
image_12709.jpg,1
image_12710.jpg,1
image_12711.jpg,1
image_12712.jpg,1
image_12713.jpg,0
image_12714.jpg,1
image_12715.jpg,1
image_12716.jpg,0
image_12717.jpg,0
image_12718.jpg,1
image_12719.jpg,0
image_12720.jpg,0
image_12721.jpg,1
image_12722.jpg,1
image_12723.jpg,0
image_12724.jpg,1
image_12725.jpg,1
image_12726.jpg,1
image_12727.jpg,0
image_12728.jpg,1
image_12729.jpg,1
image_12730.jpg,1
image_12731.jpg,1
image_12732.jpg,1
image_12733.jpg,0
image_12734.jpg,0
image_12735.jpg,0
image_12736.jpg,1
image_12737.jpg,1
image_12738.jpg,1
image_12739.jpg,1
image_12740.jpg,0
image_12741.jpg,1
image_12742.jpg,1
image_12743.jpg,1
image_12744.jpg,0
image_12745.jpg,1
image_12746.jpg,0
image_12747.jpg,1
image_12748.jpg,1
image_12749.jpg,1
image_12750.jpg,1
image_12751.jpg,0
image_12752.jpg,0
image_12753.jpg,0
image_12754.jpg,0
image_12755.jpg,0
image_12756.jpg,1
image_12757.jpg,1
image_12758.jpg,1
image_12759.jpg,1
image_12760.jpg,0
image_12761.jpg,0
image_12762.jpg,1
image_12763.jpg,0
image_12764.jpg,0
image_12765.jpg,1
image_12766.jpg,1
image_12767.jpg,1
image_12768.jpg,1
image_12769.jpg,0
image_12770.jpg,0
image_12771.jpg,1
image_12772.jpg,1
image_12773.jpg,1
image_12774.jpg,1
image_12775.jpg,1
image_12776.jpg,0
image_12777.jpg,1
image_12778.jpg,1
image_12779.jpg,0
image_12780.jpg,0
image_12781.jpg,1
image_12782.jpg,0
image_12783.jpg,1
image_12784.jpg,1
image_12785.jpg,1
image_12786.jpg,1
image_12787.jpg,1
image_12788.jpg,1
image_12789.jpg,1
image_12790.jpg,1
image_12791.jpg,1
image_12792.jpg,0
image_12793.jpg,0
image_12794.jpg,1
image_12795.jpg,1
image_12796.jpg,0
image_12797.jpg,1
image_12798.jpg,0
image_12799.jpg,1
image_12800.jpg,1
image_12801.jpg,1
image_12802.jpg,1
image_12803.jpg,1
image_12804.jpg,0
image_12805.jpg,0
image_12806.jpg,1
image_12807.jpg,1
image_12808.jpg,0
image_12809.jpg,1
image_12810.jpg,0
image_12811.jpg,0
image_12812.jpg,1
image_12813.jpg,1
image_12814.jpg,0
image_12815.jpg,1
image_12816.jpg,0
image_12817.jpg,1
image_12818.jpg,1
image_12819.jpg,0
image_12820.jpg,1
image_12821.jpg,1
image_12822.jpg,1
image_12823.jpg,1
image_12824.jpg,0
image_12825.jpg,0
image_12826.jpg,0
image_12827.jpg,0
image_12828.jpg,1
image_12829.jpg,0
image_12830.jpg,1
image_12831.jpg,1
image_12832.jpg,1
image_12833.jpg,1
image_12834.jpg,0
image_12835.jpg,1
image_12836.jpg,1
image_12837.jpg,0
image_12838.jpg,1
image_12839.jpg,1
image_12840.jpg,1
image_12841.jpg,1
image_12842.jpg,1
image_12843.jpg,1
image_12844.jpg,0
image_12845.jpg,0
image_12846.jpg,1
image_12847.jpg,1
image_12848.jpg,0
image_12849.jpg,1
image_12850.jpg,0
image_12851.jpg,1
image_12852.jpg,1
image_12853.jpg,1
image_12854.jpg,1
image_12855.jpg,1
image_12856.jpg,1
image_12857.jpg,0
image_12858.jpg,0
image_12859.jpg,0
image_12860.jpg,1
image_12861.jpg,1
image_12862.jpg,1
image_12863.jpg,0
image_12864.jpg,1
image_12865.jpg,0
image_12866.jpg,0
image_12867.jpg,0
image_12868.jpg,0
image_12869.jpg,1
image_12870.jpg,1
image_12871.jpg,1
image_12872.jpg,0
image_12873.jpg,1
image_12874.jpg,1
image_12875.jpg,1
image_12876.jpg,0
image_12877.jpg,0
image_12878.jpg,1
image_12879.jpg,0
image_12880.jpg,1
image_12881.jpg,1
image_12882.jpg,1
image_12883.jpg,1
image_12884.jpg,1
image_12885.jpg,0
image_12886.jpg,0
image_12887.jpg,1
image_12888.jpg,1
image_12889.jpg,1
image_12890.jpg,1
image_12891.jpg,1
image_12892.jpg,1
image_12893.jpg,1
image_12894.jpg,0
image_12895.jpg,1
image_12896.jpg,0
image_12897.jpg,1
image_12898.jpg,0
image_12899.jpg,1
image_12900.jpg,1
image_12901.jpg,0
image_12902.jpg,0
image_12903.jpg,1
image_12904.jpg,1
image_12905.jpg,1
image_12906.jpg,0
image_12907.jpg,1
image_12908.jpg,0
image_12909.jpg,0
image_12910.jpg,1
image_12911.jpg,1
image_12912.jpg,1
image_12913.jpg,1
image_12914.jpg,1
image_12915.jpg,1
image_12916.jpg,1
image_12917.jpg,0
image_12918.jpg,0
image_12919.jpg,0
image_12920.jpg,0
image_12921.jpg,1
image_12922.jpg,1
image_12923.jpg,0
image_12924.jpg,1
image_12925.jpg,1
image_12926.jpg,0
image_12927.jpg,1
image_12928.jpg,0
image_12929.jpg,0
image_12930.jpg,0
image_12931.jpg,1
image_12932.jpg,0
image_12933.jpg,1
image_12934.jpg,1
image_12935.jpg,0
image_12936.jpg,1
image_12937.jpg,0
image_12938.jpg,0
image_12939.jpg,1
image_12940.jpg,0
image_12941.jpg,0
image_12942.jpg,1
image_12943.jpg,1
image_12944.jpg,1
image_12945.jpg,1
image_12946.jpg,1
image_12947.jpg,1
image_12948.jpg,1
image_12949.jpg,0
image_12950.jpg,1
image_12951.jpg,1
image_12952.jpg,0
image_12953.jpg,1
image_12954.jpg,1
image_12955.jpg,0
image_12956.jpg,1
image_12957.jpg,0
image_12958.jpg,1
image_12959.jpg,1
image_12960.jpg,1
image_12961.jpg,1
image_12962.jpg,1
image_12963.jpg,1
image_12964.jpg,1
image_12965.jpg,1
image_12966.jpg,1
image_12967.jpg,1
image_12968.jpg,1
image_12969.jpg,1
image_12970.jpg,1
image_12971.jpg,0
image_12972.jpg,1
image_12973.jpg,1
image_12974.jpg,1
image_12975.jpg,0
image_12976.jpg,0
image_12977.jpg,1
image_12978.jpg,1
image_12979.jpg,1
image_12980.jpg,1
image_12981.jpg,1
image_12982.jpg,1
image_12983.jpg,1
image_12984.jpg,0
image_12985.jpg,1
image_12986.jpg,1
image_12987.jpg,1
image_12988.jpg,1
image_12989.jpg,1
image_12990.jpg,1
image_12991.jpg,1
image_12992.jpg,0
image_12993.jpg,1
image_12994.jpg,1
image_12995.jpg,1
image_12996.jpg,1
image_12997.jpg,1
image_12998.jpg,1
image_12999.jpg,0
image_13000.jpg,0
image_13001.jpg,0
image_13002.jpg,1
image_13003.jpg,1
image_13004.jpg,1
image_13005.jpg,1
image_13006.jpg,1
image_13007.jpg,1
image_13008.jpg,0
image_13009.jpg,1
image_13010.jpg,1
image_13011.jpg,1
image_13012.jpg,1
image_13013.jpg,0
image_13014.jpg,1
image_13015.jpg,1
image_13016.jpg,0
image_13017.jpg,1
image_13018.jpg,1
image_13019.jpg,1
image_13020.jpg,1
image_13021.jpg,1
image_13022.jpg,1
image_13023.jpg,1
image_13024.jpg,1
image_13025.jpg,1
image_13026.jpg,1
image_13027.jpg,1
image_13028.jpg,1
image_13029.jpg,0
image_13030.jpg,1
image_13031.jpg,0
image_13032.jpg,1
image_13033.jpg,1
image_13034.jpg,1
image_13035.jpg,1
image_13036.jpg,1
image_13037.jpg,1
image_13038.jpg,1
image_13039.jpg,1
image_13040.jpg,0
image_13041.jpg,1
image_13042.jpg,1
image_13043.jpg,0
image_13044.jpg,0
image_13045.jpg,0
image_13046.jpg,0
image_13047.jpg,1
image_13048.jpg,1
image_13049.jpg,1
image_13050.jpg,0
image_13051.jpg,1
image_13052.jpg,0
image_13053.jpg,1
image_13054.jpg,1
image_13055.jpg,1
image_13056.jpg,1
image_13057.jpg,1
image_13058.jpg,1
image_13059.jpg,1
image_13060.jpg,1
image_13061.jpg,1
image_13062.jpg,1
image_13063.jpg,1
image_13064.jpg,0
image_13065.jpg,0
image_13066.jpg,1
image_13067.jpg,0
image_13068.jpg,0
image_13069.jpg,1
image_13070.jpg,1
image_13071.jpg,0
image_13072.jpg,1
image_13073.jpg,0
image_13074.jpg,1
image_13075.jpg,1
image_13076.jpg,1
image_13077.jpg,1
image_13078.jpg,1
image_13079.jpg,0
image_13080.jpg,0
image_13081.jpg,1
image_13082.jpg,1
image_13083.jpg,0
image_13084.jpg,1
image_13085.jpg,0
image_13086.jpg,1
image_13087.jpg,0
image_13088.jpg,1
image_13089.jpg,0
image_13090.jpg,1
image_13091.jpg,1
image_13092.jpg,1
image_13093.jpg,1
image_13094.jpg,1
image_13095.jpg,1
image_13096.jpg,0
image_13097.jpg,0
image_13098.jpg,0
image_13099.jpg,1
image_13100.jpg,1
image_13101.jpg,1
image_13102.jpg,0
image_13103.jpg,0
image_13104.jpg,1
image_13105.jpg,1
image_13106.jpg,1
image_13107.jpg,0
image_13108.jpg,1
image_13109.jpg,1
image_13110.jpg,0
image_13111.jpg,0
image_13112.jpg,1
image_13113.jpg,1
image_13114.jpg,1
image_13115.jpg,1
image_13116.jpg,0
image_13117.jpg,1
image_13118.jpg,1
image_13119.jpg,1
image_13120.jpg,1
image_13121.jpg,1
image_13122.jpg,1
image_13123.jpg,1
image_13124.jpg,1
image_13125.jpg,0
image_13126.jpg,0
image_13127.jpg,1
image_13128.jpg,0
image_13129.jpg,1
image_13130.jpg,1
image_13131.jpg,0
image_13132.jpg,1
image_13133.jpg,1
image_13134.jpg,1
image_13135.jpg,1
image_13136.jpg,1
image_13137.jpg,1
image_13138.jpg,0
image_13139.jpg,1
image_13140.jpg,1
image_13141.jpg,1
image_13142.jpg,1
image_13143.jpg,0
image_13144.jpg,1
image_13145.jpg,0
image_13146.jpg,1
image_13147.jpg,1
image_13148.jpg,1
image_13149.jpg,0
image_13150.jpg,1
image_13151.jpg,1
image_13152.jpg,0
image_13153.jpg,1
image_13154.jpg,0
image_13155.jpg,0
image_13156.jpg,1
image_13157.jpg,1
image_13158.jpg,0
image_13159.jpg,1
image_13160.jpg,1
image_13161.jpg,1
image_13162.jpg,1
image_13163.jpg,0
image_13164.jpg,0
image_13165.jpg,1
image_13166.jpg,1
image_13167.jpg,0
image_13168.jpg,0
image_13169.jpg,1
image_13170.jpg,1
image_13171.jpg,1
image_13172.jpg,1
image_13173.jpg,0
image_13174.jpg,1
image_13175.jpg,0
image_13176.jpg,1
image_13177.jpg,0
image_13178.jpg,0
image_13179.jpg,1
image_13180.jpg,1
image_13181.jpg,1
image_13182.jpg,1
image_13183.jpg,1
image_13184.jpg,0
image_13185.jpg,0
image_13186.jpg,1
image_13187.jpg,1
image_13188.jpg,1
image_13189.jpg,0
image_13190.jpg,1
image_13191.jpg,0
image_13192.jpg,1
image_13193.jpg,1
image_13194.jpg,1
image_13195.jpg,1
image_13196.jpg,1
image_13197.jpg,0
image_13198.jpg,1
image_13199.jpg,1
image_13200.jpg,0
image_13201.jpg,1
image_13202.jpg,1
image_13203.jpg,1
image_13204.jpg,0
image_13205.jpg,1
image_13206.jpg,1
image_13207.jpg,1
image_13208.jpg,1
image_13209.jpg,1
image_13210.jpg,1
image_13211.jpg,0
image_13212.jpg,1
image_13213.jpg,0
image_13214.jpg,1
image_13215.jpg,0
image_13216.jpg,1
image_13217.jpg,1
image_13218.jpg,0
image_13219.jpg,0
image_13220.jpg,0
image_13221.jpg,1
image_13222.jpg,1
image_13223.jpg,0
image_13224.jpg,0
image_13225.jpg,1
image_13226.jpg,1
image_13227.jpg,0
image_13228.jpg,1
image_13229.jpg,1
image_13230.jpg,0
image_13231.jpg,1
image_13232.jpg,0
image_13233.jpg,1
image_13234.jpg,1
image_13235.jpg,1
image_13236.jpg,1
image_13237.jpg,1
image_13238.jpg,0
image_13239.jpg,1
image_13240.jpg,1
image_13241.jpg,1
image_13242.jpg,1
image_13243.jpg,0
image_13244.jpg,0
image_13245.jpg,0
image_13246.jpg,1
image_13247.jpg,1
image_13248.jpg,0
image_13249.jpg,1
image_13250.jpg,1
image_13251.jpg,1
image_13252.jpg,0
image_13253.jpg,1
image_13254.jpg,1
image_13255.jpg,1
image_13256.jpg,1
image_13257.jpg,1
image_13258.jpg,1
image_13259.jpg,1
image_13260.jpg,0
image_13261.jpg,0
image_13262.jpg,1
image_13263.jpg,1
image_13264.jpg,1
image_13265.jpg,1
image_13266.jpg,0
image_13267.jpg,1
image_13268.jpg,1
image_13269.jpg,1
image_13270.jpg,0
image_13271.jpg,0
image_13272.jpg,1
image_13273.jpg,1
image_13274.jpg,1
image_13275.jpg,0
image_13276.jpg,0
image_13277.jpg,0
image_13278.jpg,0
image_13279.jpg,0
image_13280.jpg,1
image_13281.jpg,1
image_13282.jpg,1
image_13283.jpg,0
image_13284.jpg,1
image_13285.jpg,1
image_13286.jpg,0
image_13287.jpg,1
image_13288.jpg,0
image_13289.jpg,1
image_13290.jpg,0
image_13291.jpg,1
image_13292.jpg,1
image_13293.jpg,1
image_13294.jpg,1
image_13295.jpg,1
image_13296.jpg,1
image_13297.jpg,1
image_13298.jpg,1
image_13299.jpg,0
image_13300.jpg,1
image_13301.jpg,1
image_13302.jpg,0
image_13303.jpg,1
image_13304.jpg,0
image_13305.jpg,0
image_13306.jpg,1
image_13307.jpg,1
image_13308.jpg,1
image_13309.jpg,0
image_13310.jpg,1
image_13311.jpg,1
image_13312.jpg,1
image_13313.jpg,1
image_13314.jpg,1
image_13315.jpg,0
image_13316.jpg,1
image_13317.jpg,0
image_13318.jpg,1
image_13319.jpg,1
image_13320.jpg,1
image_13321.jpg,1
image_13322.jpg,0
image_13323.jpg,1
image_13324.jpg,1
image_13325.jpg,1
image_13326.jpg,1
image_13327.jpg,0
image_13328.jpg,1
image_13329.jpg,1
image_13330.jpg,1
image_13331.jpg,1
image_13332.jpg,1
image_13333.jpg,1
image_13334.jpg,1
image_13335.jpg,1
image_13336.jpg,0
image_13337.jpg,0
image_13338.jpg,0
image_13339.jpg,0
image_13340.jpg,0
image_13341.jpg,1
image_13342.jpg,0
image_13343.jpg,0
image_13344.jpg,1
image_13345.jpg,0
image_13346.jpg,1
image_13347.jpg,1
image_13348.jpg,0
image_13349.jpg,1
image_13350.jpg,1
image_13351.jpg,0
image_13352.jpg,0
image_13353.jpg,1
image_13354.jpg,1
image_13355.jpg,0
image_13356.jpg,0
image_13357.jpg,1
image_13358.jpg,1
image_13359.jpg,0
image_13360.jpg,1
image_13361.jpg,1
image_13362.jpg,0
image_13363.jpg,0
image_13364.jpg,1
image_13365.jpg,0
image_13366.jpg,0
image_13367.jpg,1
image_13368.jpg,1
image_13369.jpg,1
image_13370.jpg,1
image_13371.jpg,1
image_13372.jpg,0
image_13373.jpg,1
image_13374.jpg,1
image_13375.jpg,1
image_13376.jpg,1
image_13377.jpg,0
image_13378.jpg,1
image_13379.jpg,1
image_13380.jpg,1
image_13381.jpg,1
image_13382.jpg,1
image_13383.jpg,1
image_13384.jpg,1
image_13385.jpg,0
image_13386.jpg,0
image_13387.jpg,1
image_13388.jpg,0
image_13389.jpg,0
image_13390.jpg,1
image_13391.jpg,0
image_13392.jpg,1
image_13393.jpg,1
image_13394.jpg,1
image_13395.jpg,0
image_13396.jpg,1
image_13397.jpg,0
image_13398.jpg,0
image_13399.jpg,0
image_13400.jpg,1
image_13401.jpg,0
image_13402.jpg,1
image_13403.jpg,0
image_13404.jpg,1
image_13405.jpg,0
image_13406.jpg,1
image_13407.jpg,1
image_13408.jpg,1
image_13409.jpg,0
image_13410.jpg,1
image_13411.jpg,1
image_13412.jpg,0
image_13413.jpg,1
image_13414.jpg,0
image_13415.jpg,1
image_13416.jpg,1
image_13417.jpg,1
image_13418.jpg,1
image_13419.jpg,1
image_13420.jpg,0
image_13421.jpg,1
image_13422.jpg,1
image_13423.jpg,0
image_13424.jpg,0
image_13425.jpg,1
image_13426.jpg,1
image_13427.jpg,1
image_13428.jpg,1
image_13429.jpg,0
image_13430.jpg,1
image_13431.jpg,1
image_13432.jpg,1
image_13433.jpg,1
image_13434.jpg,1
image_13435.jpg,0
image_13436.jpg,1
image_13437.jpg,0
image_13438.jpg,1
image_13439.jpg,0
image_13440.jpg,1
image_13441.jpg,1
image_13442.jpg,1
image_13443.jpg,1
image_13444.jpg,1
image_13445.jpg,1
image_13446.jpg,1
image_13447.jpg,1
image_13448.jpg,0
image_13449.jpg,0
image_13450.jpg,1
image_13451.jpg,0
image_13452.jpg,1
image_13453.jpg,1
image_13454.jpg,1
image_13455.jpg,1
image_13456.jpg,0
image_13457.jpg,0
image_13458.jpg,1
image_13459.jpg,1
image_13460.jpg,1
image_13461.jpg,1
image_13462.jpg,0
image_13463.jpg,1
image_13464.jpg,1
image_13465.jpg,1
image_13466.jpg,1
image_13467.jpg,1
image_13468.jpg,1
image_13469.jpg,1
image_13470.jpg,1
image_13471.jpg,1
image_13472.jpg,1
image_13473.jpg,1
image_13474.jpg,0
image_13475.jpg,0
image_13476.jpg,1
image_13477.jpg,0
image_13478.jpg,0
image_13479.jpg,1
image_13480.jpg,0
image_13481.jpg,0
image_13482.jpg,1
image_13483.jpg,1
image_13484.jpg,1
image_13485.jpg,1
image_13486.jpg,0
image_13487.jpg,1
image_13488.jpg,1
image_13489.jpg,1
image_13490.jpg,0
image_13491.jpg,1
image_13492.jpg,0
image_13493.jpg,1
image_13494.jpg,1
image_13495.jpg,1
image_13496.jpg,1
image_13497.jpg,1
image_13498.jpg,1
image_13499.jpg,1
image_13500.jpg,0
image_13501.jpg,0
image_13502.jpg,1
image_13503.jpg,1
image_13504.jpg,1
image_13505.jpg,1
image_13506.jpg,0
image_13507.jpg,1
image_13508.jpg,0
image_13509.jpg,0
image_13510.jpg,1
image_13511.jpg,1
image_13512.jpg,0
image_13513.jpg,1
image_13514.jpg,0
image_13515.jpg,0
image_13516.jpg,1
image_13517.jpg,1
image_13518.jpg,1
image_13519.jpg,0
image_13520.jpg,1
image_13521.jpg,1
image_13522.jpg,1
image_13523.jpg,0
image_13524.jpg,0
image_13525.jpg,1
image_13526.jpg,0
image_13527.jpg,1
image_13528.jpg,1
image_13529.jpg,1
image_13530.jpg,1
image_13531.jpg,0
image_13532.jpg,0
image_13533.jpg,1
image_13534.jpg,1
image_13535.jpg,1
image_13536.jpg,1
image_13537.jpg,0
image_13538.jpg,1
image_13539.jpg,1
image_13540.jpg,1
image_13541.jpg,1
image_13542.jpg,1
image_13543.jpg,1
image_13544.jpg,1
image_13545.jpg,0
image_13546.jpg,1
image_13547.jpg,1
image_13548.jpg,1
image_13549.jpg,0
image_13550.jpg,0
image_13551.jpg,1
image_13552.jpg,1
image_13553.jpg,1
image_13554.jpg,1
image_13555.jpg,0
image_13556.jpg,0
image_13557.jpg,0
image_13558.jpg,1
image_13559.jpg,1
image_13560.jpg,1
image_13561.jpg,1
image_13562.jpg,0
image_13563.jpg,0
image_13564.jpg,1
image_13565.jpg,1
image_13566.jpg,1
image_13567.jpg,1
image_13568.jpg,1
image_13569.jpg,1
image_13570.jpg,1
image_13571.jpg,0
image_13572.jpg,1
image_13573.jpg,1
image_13574.jpg,0
image_13575.jpg,0
image_13576.jpg,1
image_13577.jpg,1
image_13578.jpg,0
image_13579.jpg,1
image_13580.jpg,1
image_13581.jpg,0
image_13582.jpg,1
image_13583.jpg,0
image_13584.jpg,1
image_13585.jpg,1
image_13586.jpg,1
image_13587.jpg,1
image_13588.jpg,1
image_13589.jpg,1
image_13590.jpg,1
image_13591.jpg,1
image_13592.jpg,1
image_13593.jpg,1
image_13594.jpg,1
image_13595.jpg,1
image_13596.jpg,0
image_13597.jpg,1
image_13598.jpg,0
image_13599.jpg,1
image_13600.jpg,1
image_13601.jpg,1
image_13602.jpg,1
image_13603.jpg,0
image_13604.jpg,0
image_13605.jpg,0
image_13606.jpg,0
image_13607.jpg,1
image_13608.jpg,1
image_13609.jpg,1
image_13610.jpg,0
image_13611.jpg,1
image_13612.jpg,1
image_13613.jpg,0
image_13614.jpg,1
image_13615.jpg,1
image_13616.jpg,0
image_13617.jpg,1
image_13618.jpg,0
image_13619.jpg,1
image_13620.jpg,1
image_13621.jpg,0
image_13622.jpg,1
image_13623.jpg,1
image_13624.jpg,1
image_13625.jpg,0
image_13626.jpg,1
image_13627.jpg,0
image_13628.jpg,1
image_13629.jpg,1
image_13630.jpg,1
image_13631.jpg,1
image_13632.jpg,1
image_13633.jpg,1
image_13634.jpg,1
image_13635.jpg,0
image_13636.jpg,1
image_13637.jpg,0
image_13638.jpg,1
image_13639.jpg,1
image_13640.jpg,1
image_13641.jpg,1
image_13642.jpg,1
image_13643.jpg,1
image_13644.jpg,0
image_13645.jpg,0
image_13646.jpg,1
image_13647.jpg,1
image_13648.jpg,1
image_13649.jpg,1
image_13650.jpg,0
image_13651.jpg,1
image_13652.jpg,1
image_13653.jpg,1
image_13654.jpg,1
image_13655.jpg,1
image_13656.jpg,0
image_13657.jpg,1
image_13658.jpg,1
image_13659.jpg,0
image_13660.jpg,1
image_13661.jpg,1
image_13662.jpg,1
image_13663.jpg,1
image_13664.jpg,0
image_13665.jpg,1
image_13666.jpg,1
image_13667.jpg,0
image_13668.jpg,1
image_13669.jpg,0
image_13670.jpg,1
image_13671.jpg,1
image_13672.jpg,1
image_13673.jpg,1
image_13674.jpg,1
image_13675.jpg,1
image_13676.jpg,0
image_13677.jpg,0
image_13678.jpg,0
image_13679.jpg,1
image_13680.jpg,1
image_13681.jpg,1
image_13682.jpg,1
image_13683.jpg,1
image_13684.jpg,1
image_13685.jpg,1
image_13686.jpg,1
image_13687.jpg,0
image_13688.jpg,0
image_13689.jpg,1
image_13690.jpg,1
image_13691.jpg,1
image_13692.jpg,1
image_13693.jpg,0
image_13694.jpg,1
image_13695.jpg,0
image_13696.jpg,1
image_13697.jpg,1
image_13698.jpg,1
image_13699.jpg,0
image_13700.jpg,1
image_13701.jpg,1
image_13702.jpg,0
image_13703.jpg,0
image_13704.jpg,1
image_13705.jpg,1
image_13706.jpg,1
image_13707.jpg,1
image_13708.jpg,1
image_13709.jpg,1
image_13710.jpg,1
image_13711.jpg,1
image_13712.jpg,1
image_13713.jpg,0
image_13714.jpg,1
image_13715.jpg,1
image_13716.jpg,1
image_13717.jpg,1
image_13718.jpg,1
image_13719.jpg,1
image_13720.jpg,0
image_13721.jpg,1
image_13722.jpg,1
image_13723.jpg,0
image_13724.jpg,1
image_13725.jpg,1
image_13726.jpg,0
image_13727.jpg,0
image_13728.jpg,1
image_13729.jpg,1
image_13730.jpg,1
image_13731.jpg,1
image_13732.jpg,1
image_13733.jpg,1
image_13734.jpg,1
image_13735.jpg,0
image_13736.jpg,1
image_13737.jpg,1
image_13738.jpg,1
image_13739.jpg,1
image_13740.jpg,1
image_13741.jpg,1
image_13742.jpg,1
image_13743.jpg,1
image_13744.jpg,1
image_13745.jpg,0
image_13746.jpg,0
image_13747.jpg,1
image_13748.jpg,1
image_13749.jpg,0
image_13750.jpg,0
image_13751.jpg,1
image_13752.jpg,1
image_13753.jpg,1
image_13754.jpg,0
image_13755.jpg,0
image_13756.jpg,0
image_13757.jpg,1
image_13758.jpg,1
image_13759.jpg,1
image_13760.jpg,1
image_13761.jpg,1
image_13762.jpg,1
image_13763.jpg,0
image_13764.jpg,1
image_13765.jpg,1
image_13766.jpg,0
image_13767.jpg,1
image_13768.jpg,1
image_13769.jpg,1
image_13770.jpg,0
image_13771.jpg,1
image_13772.jpg,1
image_13773.jpg,1
image_13774.jpg,1
image_13775.jpg,0
image_13776.jpg,0
image_13777.jpg,1
image_13778.jpg,1
image_13779.jpg,0
image_13780.jpg,0
image_13781.jpg,0
image_13782.jpg,0
image_13783.jpg,0
image_13784.jpg,1
image_13785.jpg,0
image_13786.jpg,0
image_13787.jpg,1
image_13788.jpg,1
image_13789.jpg,1
image_13790.jpg,1
image_13791.jpg,1
image_13792.jpg,0
image_13793.jpg,1
image_13794.jpg,1
image_13795.jpg,1
image_13796.jpg,1
image_13797.jpg,0
image_13798.jpg,0
image_13799.jpg,1
image_13800.jpg,1
image_13801.jpg,0
image_13802.jpg,0
image_13803.jpg,0
image_13804.jpg,1
image_13805.jpg,0
image_13806.jpg,1
image_13807.jpg,1
image_13808.jpg,1
image_13809.jpg,1
image_13810.jpg,0
image_13811.jpg,1
image_13812.jpg,1
image_13813.jpg,1
image_13814.jpg,1
image_13815.jpg,1
image_13816.jpg,1
image_13817.jpg,1
image_13818.jpg,1
image_13819.jpg,1
image_13820.jpg,1
image_13821.jpg,0
image_13822.jpg,1
image_13823.jpg,0
image_13824.jpg,0
image_13825.jpg,1
image_13826.jpg,0
image_13827.jpg,1
image_13828.jpg,1
image_13829.jpg,1
image_13830.jpg,0
image_13831.jpg,1
image_13832.jpg,0
image_13833.jpg,0
image_13834.jpg,1
image_13835.jpg,0
image_13836.jpg,1
image_13837.jpg,0
image_13838.jpg,0
image_13839.jpg,0
image_13840.jpg,1
image_13841.jpg,0
image_13842.jpg,1
image_13843.jpg,1
image_13844.jpg,1
image_13845.jpg,0
image_13846.jpg,1
image_13847.jpg,1
image_13848.jpg,0
image_13849.jpg,1
image_13850.jpg,0
image_13851.jpg,1
image_13852.jpg,1
image_13853.jpg,1
image_13854.jpg,1
image_13855.jpg,0
image_13856.jpg,1
image_13857.jpg,0
image_13858.jpg,0
image_13859.jpg,1
image_13860.jpg,1
image_13861.jpg,1
image_13862.jpg,0
image_13863.jpg,1
image_13864.jpg,1
image_13865.jpg,1
image_13866.jpg,1
image_13867.jpg,1
image_13868.jpg,1
image_13869.jpg,1
image_13870.jpg,0
image_13871.jpg,1
image_13872.jpg,1
image_13873.jpg,1
image_13874.jpg,0
image_13875.jpg,0
image_13876.jpg,0
image_13877.jpg,0
image_13878.jpg,1
image_13879.jpg,1
image_13880.jpg,1
image_13881.jpg,0
image_13882.jpg,0
image_13883.jpg,1
image_13884.jpg,1
image_13885.jpg,1
image_13886.jpg,0
image_13887.jpg,0
image_13888.jpg,1
image_13889.jpg,1
image_13890.jpg,1
image_13891.jpg,0
image_13892.jpg,0
image_13893.jpg,1
image_13894.jpg,0
image_13895.jpg,1
image_13896.jpg,0
image_13897.jpg,1
image_13898.jpg,1
image_13899.jpg,1
image_13900.jpg,0
image_13901.jpg,0
image_13902.jpg,0
image_13903.jpg,0
image_13904.jpg,0
image_13905.jpg,1
image_13906.jpg,0
image_13907.jpg,1
image_13908.jpg,0
image_13909.jpg,1
image_13910.jpg,0
image_13911.jpg,1
image_13912.jpg,0
image_13913.jpg,1
image_13914.jpg,0
image_13915.jpg,1
image_13916.jpg,1
image_13917.jpg,1
image_13918.jpg,1
image_13919.jpg,1
image_13920.jpg,1
image_13921.jpg,0
image_13922.jpg,0
image_13923.jpg,1
image_13924.jpg,0
image_13925.jpg,1
image_13926.jpg,1
image_13927.jpg,1
image_13928.jpg,1
image_13929.jpg,1
image_13930.jpg,0
image_13931.jpg,1
image_13932.jpg,1
image_13933.jpg,1
image_13934.jpg,1
image_13935.jpg,1
image_13936.jpg,1
image_13937.jpg,1
image_13938.jpg,0
image_13939.jpg,1
image_13940.jpg,1
image_13941.jpg,1
image_13942.jpg,1
image_13943.jpg,1
image_13944.jpg,1
image_13945.jpg,1
image_13946.jpg,0
image_13947.jpg,1
image_13948.jpg,1
image_13949.jpg,1
image_13950.jpg,1
image_13951.jpg,0
image_13952.jpg,1
image_13953.jpg,0
image_13954.jpg,1
image_13955.jpg,1
image_13956.jpg,1
image_13957.jpg,0
image_13958.jpg,1
image_13959.jpg,1
image_13960.jpg,1
image_13961.jpg,0
image_13962.jpg,1
image_13963.jpg,1
image_13964.jpg,1
image_13965.jpg,1
image_13966.jpg,1
image_13967.jpg,0
image_13968.jpg,1
image_13969.jpg,1
image_13970.jpg,1
image_13971.jpg,1
image_13972.jpg,1
image_13973.jpg,1
image_13974.jpg,1
image_13975.jpg,0
image_13976.jpg,0
image_13977.jpg,1
image_13978.jpg,1
image_13979.jpg,1
image_13980.jpg,1
image_13981.jpg,1
image_13982.jpg,1
image_13983.jpg,0
image_13984.jpg,1
image_13985.jpg,1
image_13986.jpg,1
image_13987.jpg,0
image_13988.jpg,1
image_13989.jpg,1
image_13990.jpg,1
image_13991.jpg,1
image_13992.jpg,0
image_13993.jpg,1
image_13994.jpg,0
image_13995.jpg,1
image_13996.jpg,0
image_13997.jpg,1
image_13998.jpg,1
image_13999.jpg,1
image_14000.jpg,1
image_14001.jpg,1
image_14002.jpg,1
image_14003.jpg,0
image_14004.jpg,0
image_14005.jpg,1
image_14006.jpg,0
image_14007.jpg,1
image_14008.jpg,1
image_14009.jpg,1
image_14010.jpg,1
image_14011.jpg,0
image_14012.jpg,1
image_14013.jpg,1
image_14014.jpg,0
image_14015.jpg,1
image_14016.jpg,0
image_14017.jpg,1
image_14018.jpg,0
image_14019.jpg,1
image_14020.jpg,1
image_14021.jpg,0
image_14022.jpg,1
image_14023.jpg,1
image_14024.jpg,1
image_14025.jpg,1
image_14026.jpg,0
image_14027.jpg,1
image_14028.jpg,0
image_14029.jpg,1
image_14030.jpg,0
image_14031.jpg,1
image_14032.jpg,1
image_14033.jpg,0
image_14034.jpg,1
image_14035.jpg,1
image_14036.jpg,1
image_14037.jpg,1
image_14038.jpg,0
image_14039.jpg,1
image_14040.jpg,1
image_14041.jpg,0
image_14042.jpg,1
image_14043.jpg,0
image_14044.jpg,1
image_14045.jpg,0
image_14046.jpg,1
image_14047.jpg,0
image_14048.jpg,1
image_14049.jpg,1
image_14050.jpg,0
image_14051.jpg,1
image_14052.jpg,1
image_14053.jpg,0
image_14054.jpg,1
image_14055.jpg,1
image_14056.jpg,1
image_14057.jpg,0
image_14058.jpg,1
image_14059.jpg,1
image_14060.jpg,1
image_14061.jpg,1
image_14062.jpg,1
image_14063.jpg,1
image_14064.jpg,1
image_14065.jpg,1
image_14066.jpg,1
image_14067.jpg,1
image_14068.jpg,1
image_14069.jpg,1
image_14070.jpg,1
image_14071.jpg,1
image_14072.jpg,0
image_14073.jpg,1
image_14074.jpg,1
image_14075.jpg,0
image_14076.jpg,0
image_14077.jpg,1
image_14078.jpg,1
image_14079.jpg,1
image_14080.jpg,1
image_14081.jpg,0
image_14082.jpg,1
image_14083.jpg,1
image_14084.jpg,1
image_14085.jpg,1
image_14086.jpg,0
image_14087.jpg,0
image_14088.jpg,1
image_14089.jpg,1
image_14090.jpg,0
image_14091.jpg,0
image_14092.jpg,1
image_14093.jpg,0
image_14094.jpg,1
image_14095.jpg,1
image_14096.jpg,1
image_14097.jpg,1
image_14098.jpg,1
image_14099.jpg,0
image_14100.jpg,1
image_14101.jpg,0
image_14102.jpg,1
image_14103.jpg,1
image_14104.jpg,1
image_14105.jpg,1
image_14106.jpg,1
image_14107.jpg,1
image_14108.jpg,0
image_14109.jpg,0
image_14110.jpg,0
image_14111.jpg,1
image_14112.jpg,1
image_14113.jpg,1
image_14114.jpg,1
image_14115.jpg,1
image_14116.jpg,1
image_14117.jpg,1
image_14118.jpg,1
image_14119.jpg,1
image_14120.jpg,1
image_14121.jpg,1
image_14122.jpg,1
image_14123.jpg,1
image_14124.jpg,0
image_14125.jpg,1
image_14126.jpg,1
image_14127.jpg,0
image_14128.jpg,0
image_14129.jpg,1
image_14130.jpg,0
image_14131.jpg,1
image_14132.jpg,1
image_14133.jpg,1
image_14134.jpg,1
image_14135.jpg,1
image_14136.jpg,0
image_14137.jpg,1
image_14138.jpg,1
image_14139.jpg,0
image_14140.jpg,1
image_14141.jpg,0
image_14142.jpg,1
image_14143.jpg,0
image_14144.jpg,1
image_14145.jpg,1
image_14146.jpg,0
image_14147.jpg,0
image_14148.jpg,0
image_14149.jpg,1
image_14150.jpg,0
image_14151.jpg,1
image_14152.jpg,1
image_14153.jpg,1
image_14154.jpg,1
image_14155.jpg,1
image_14156.jpg,0
image_14157.jpg,0
image_14158.jpg,0
image_14159.jpg,1
image_14160.jpg,1
image_14161.jpg,1
image_14162.jpg,1
image_14163.jpg,1
image_14164.jpg,1
image_14165.jpg,1
image_14166.jpg,1
image_14167.jpg,1
image_14168.jpg,1
image_14169.jpg,0
image_14170.jpg,0
image_14171.jpg,1
image_14172.jpg,1
image_14173.jpg,1
image_14174.jpg,0
image_14175.jpg,0
image_14176.jpg,0
image_14177.jpg,1
image_14178.jpg,1
image_14179.jpg,1
image_14180.jpg,1
image_14181.jpg,1
image_14182.jpg,1
image_14183.jpg,1
image_14184.jpg,0
image_14185.jpg,0
image_14186.jpg,0
image_14187.jpg,0
image_14188.jpg,1
image_14189.jpg,1
image_14190.jpg,1
image_14191.jpg,0
image_14192.jpg,1
image_14193.jpg,1
image_14194.jpg,1
image_14195.jpg,0
image_14196.jpg,1
image_14197.jpg,1
image_14198.jpg,0
image_14199.jpg,1
image_14200.jpg,1
image_14201.jpg,0
image_14202.jpg,1
image_14203.jpg,1
image_14204.jpg,1
image_14205.jpg,1
image_14206.jpg,0
image_14207.jpg,1
image_14208.jpg,0
image_14209.jpg,1
image_14210.jpg,0
image_14211.jpg,0
image_14212.jpg,1
image_14213.jpg,1
image_14214.jpg,1
image_14215.jpg,0
image_14216.jpg,1
image_14217.jpg,1
image_14218.jpg,0
image_14219.jpg,1
image_14220.jpg,1
image_14221.jpg,1
image_14222.jpg,1
image_14223.jpg,0
image_14224.jpg,1
image_14225.jpg,1
image_14226.jpg,1
image_14227.jpg,1
image_14228.jpg,1
image_14229.jpg,1
image_14230.jpg,1
image_14231.jpg,0
image_14232.jpg,1
image_14233.jpg,1
image_14234.jpg,0
image_14235.jpg,1
image_14236.jpg,1
image_14237.jpg,1
image_14238.jpg,1
image_14239.jpg,1
image_14240.jpg,1
image_14241.jpg,0
image_14242.jpg,1
image_14243.jpg,1
image_14244.jpg,1
image_14245.jpg,1
image_14246.jpg,1
image_14247.jpg,0
image_14248.jpg,1
image_14249.jpg,0
image_14250.jpg,0
image_14251.jpg,1
image_14252.jpg,1
image_14253.jpg,0
image_14254.jpg,0
image_14255.jpg,1
image_14256.jpg,1
image_14257.jpg,1
image_14258.jpg,1
image_14259.jpg,0
image_14260.jpg,1
image_14261.jpg,0
image_14262.jpg,1
image_14263.jpg,0
image_14264.jpg,0
image_14265.jpg,1
image_14266.jpg,1
image_14267.jpg,1
image_14268.jpg,1
image_14269.jpg,0
image_14270.jpg,1
image_14271.jpg,1
image_14272.jpg,1
image_14273.jpg,1
image_14274.jpg,0
image_14275.jpg,0
image_14276.jpg,1
image_14277.jpg,1
image_14278.jpg,1
image_14279.jpg,0
image_14280.jpg,0
image_14281.jpg,1
image_14282.jpg,1
image_14283.jpg,0
image_14284.jpg,1
image_14285.jpg,1
image_14286.jpg,0
image_14287.jpg,0
image_14288.jpg,1
image_14289.jpg,1
image_14290.jpg,1
image_14291.jpg,0
image_14292.jpg,0
image_14293.jpg,1
image_14294.jpg,1
image_14295.jpg,1
image_14296.jpg,1
image_14297.jpg,1
image_14298.jpg,0
image_14299.jpg,1
image_14300.jpg,1
image_14301.jpg,1
image_14302.jpg,1
image_14303.jpg,0
image_14304.jpg,0
image_14305.jpg,1
image_14306.jpg,1
image_14307.jpg,1
image_14308.jpg,1
image_14309.jpg,0
image_14310.jpg,1
image_14311.jpg,1
image_14312.jpg,1
image_14313.jpg,1
image_14314.jpg,1
image_14315.jpg,0
image_14316.jpg,0
image_14317.jpg,1
image_14318.jpg,1
image_14319.jpg,1
image_14320.jpg,1
image_14321.jpg,0
image_14322.jpg,1
image_14323.jpg,1
image_14324.jpg,1
image_14325.jpg,1
image_14326.jpg,1
image_14327.jpg,1
image_14328.jpg,1
image_14329.jpg,0
image_14330.jpg,0
image_14331.jpg,1
image_14332.jpg,0
image_14333.jpg,1
image_14334.jpg,1
image_14335.jpg,0
image_14336.jpg,1
image_14337.jpg,1
image_14338.jpg,1
image_14339.jpg,1
image_14340.jpg,1
image_14341.jpg,1
image_14342.jpg,1
image_14343.jpg,1
image_14344.jpg,1
image_14345.jpg,1
image_14346.jpg,1
image_14347.jpg,1
image_14348.jpg,1
image_14349.jpg,1
image_14350.jpg,0
image_14351.jpg,1
image_14352.jpg,1
image_14353.jpg,1
image_14354.jpg,1
image_14355.jpg,1
image_14356.jpg,1
image_14357.jpg,0
image_14358.jpg,1
image_14359.jpg,0
image_14360.jpg,1
image_14361.jpg,0
image_14362.jpg,1
image_14363.jpg,1
image_14364.jpg,1
image_14365.jpg,0
image_14366.jpg,1
image_14367.jpg,0
image_14368.jpg,1
image_14369.jpg,1
image_14370.jpg,0
image_14371.jpg,1
image_14372.jpg,0
image_14373.jpg,1
image_14374.jpg,1
image_14375.jpg,0
image_14376.jpg,1
image_14377.jpg,1
image_14378.jpg,1
image_14379.jpg,0
image_14380.jpg,1
image_14381.jpg,0
image_14382.jpg,1
image_14383.jpg,1
image_14384.jpg,0
image_14385.jpg,1
image_14386.jpg,1
image_14387.jpg,0
image_14388.jpg,0
image_14389.jpg,1
image_14390.jpg,1
image_14391.jpg,1
image_14392.jpg,1
image_14393.jpg,0
image_14394.jpg,1
image_14395.jpg,1
image_14396.jpg,1
image_14397.jpg,1
image_14398.jpg,1
image_14399.jpg,1
image_14400.jpg,1
image_14401.jpg,1
image_14402.jpg,1
image_14403.jpg,0
image_14404.jpg,1
image_14405.jpg,1
image_14406.jpg,1
image_14407.jpg,1
image_14408.jpg,0
image_14409.jpg,0
image_14410.jpg,0
image_14411.jpg,1
image_14412.jpg,1
image_14413.jpg,1
image_14414.jpg,1
image_14415.jpg,1
image_14416.jpg,0
image_14417.jpg,1
image_14418.jpg,1
image_14419.jpg,1
image_14420.jpg,1
image_14421.jpg,0
image_14422.jpg,1
image_14423.jpg,1
image_14424.jpg,0
image_14425.jpg,1
image_14426.jpg,0
image_14427.jpg,1
image_14428.jpg,1
image_14429.jpg,0
image_14430.jpg,1
image_14431.jpg,1
image_14432.jpg,0
image_14433.jpg,0
image_14434.jpg,1
image_14435.jpg,1
image_14436.jpg,1
image_14437.jpg,1
image_14438.jpg,1
image_14439.jpg,1
image_14440.jpg,1
image_14441.jpg,0
image_14442.jpg,1
image_14443.jpg,1
image_14444.jpg,1
image_14445.jpg,1
image_14446.jpg,1
image_14447.jpg,1
image_14448.jpg,0
image_14449.jpg,0
image_14450.jpg,0
image_14451.jpg,0
image_14452.jpg,1
image_14453.jpg,1
image_14454.jpg,1
image_14455.jpg,1
image_14456.jpg,1
image_14457.jpg,1
image_14458.jpg,0
image_14459.jpg,1
image_14460.jpg,0
image_14461.jpg,1
image_14462.jpg,1
image_14463.jpg,0
image_14464.jpg,1
image_14465.jpg,1
image_14466.jpg,0
image_14467.jpg,0
image_14468.jpg,0
image_14469.jpg,1
image_14470.jpg,1
image_14471.jpg,1
image_14472.jpg,1
image_14473.jpg,1
image_14474.jpg,1
image_14475.jpg,1
image_14476.jpg,1
image_14477.jpg,1
image_14478.jpg,0
image_14479.jpg,1
image_14480.jpg,1
image_14481.jpg,0
image_14482.jpg,1
image_14483.jpg,1
image_14484.jpg,0
image_14485.jpg,1
image_14486.jpg,1
image_14487.jpg,0
image_14488.jpg,1
image_14489.jpg,0
image_14490.jpg,0
image_14491.jpg,1
image_14492.jpg,1
image_14493.jpg,0
image_14494.jpg,0
image_14495.jpg,1
image_14496.jpg,1
image_14497.jpg,1
image_14498.jpg,1
image_14499.jpg,0
image_14500.jpg,1
image_14501.jpg,0
image_14502.jpg,1
image_14503.jpg,1
image_14504.jpg,0
image_14505.jpg,0
image_14506.jpg,1
image_14507.jpg,0
image_14508.jpg,0
image_14509.jpg,0
image_14510.jpg,1
image_14511.jpg,0
image_14512.jpg,1
image_14513.jpg,1
image_14514.jpg,0
image_14515.jpg,0
image_14516.jpg,0
image_14517.jpg,1
image_14518.jpg,1
image_14519.jpg,0
image_14520.jpg,1
image_14521.jpg,0
image_14522.jpg,1
image_14523.jpg,0
image_14524.jpg,1
image_14525.jpg,1
image_14526.jpg,1
image_14527.jpg,1
image_14528.jpg,0
image_14529.jpg,1
image_14530.jpg,1
image_14531.jpg,1
image_14532.jpg,1
image_14533.jpg,1
image_14534.jpg,1
image_14535.jpg,1
image_14536.jpg,1
image_14537.jpg,1
image_14538.jpg,1
image_14539.jpg,1
image_14540.jpg,1
image_14541.jpg,1
image_14542.jpg,1
image_14543.jpg,0
image_14544.jpg,0
image_14545.jpg,0
image_14546.jpg,1
image_14547.jpg,1
image_14548.jpg,0
image_14549.jpg,0
image_14550.jpg,1
image_14551.jpg,0
image_14552.jpg,1
image_14553.jpg,0
image_14554.jpg,1
image_14555.jpg,1
image_14556.jpg,1
image_14557.jpg,0
image_14558.jpg,0
image_14559.jpg,1
image_14560.jpg,0
image_14561.jpg,1
image_14562.jpg,1
image_14563.jpg,0
image_14564.jpg,1
image_14565.jpg,0
image_14566.jpg,1
image_14567.jpg,1
image_14568.jpg,1
image_14569.jpg,0
image_14570.jpg,1
image_14571.jpg,0
image_14572.jpg,1
image_14573.jpg,1
image_14574.jpg,1
image_14575.jpg,0
image_14576.jpg,1
image_14577.jpg,0
image_14578.jpg,1
image_14579.jpg,0
image_14580.jpg,1
image_14581.jpg,0
image_14582.jpg,1
image_14583.jpg,1
image_14584.jpg,1
image_14585.jpg,0
image_14586.jpg,1
image_14587.jpg,1
image_14588.jpg,0
image_14589.jpg,0
image_14590.jpg,0
image_14591.jpg,1
image_14592.jpg,0
image_14593.jpg,0
image_14594.jpg,1
image_14595.jpg,0
image_14596.jpg,0
image_14597.jpg,0
image_14598.jpg,0
image_14599.jpg,1
image_14600.jpg,1
image_14601.jpg,1
image_14602.jpg,0
image_14603.jpg,1
image_14604.jpg,1
image_14605.jpg,1
image_14606.jpg,0
image_14607.jpg,1
image_14608.jpg,0
image_14609.jpg,1
image_14610.jpg,0
image_14611.jpg,1
image_14612.jpg,0
image_14613.jpg,1
image_14614.jpg,1
image_14615.jpg,1
image_14616.jpg,0
image_14617.jpg,0
image_14618.jpg,1
image_14619.jpg,1
image_14620.jpg,1
image_14621.jpg,1
image_14622.jpg,1
image_14623.jpg,1
image_14624.jpg,0
image_14625.jpg,0
image_14626.jpg,1
image_14627.jpg,0
image_14628.jpg,0
image_14629.jpg,0
image_14630.jpg,1
image_14631.jpg,0
image_14632.jpg,0
image_14633.jpg,1
image_14634.jpg,1
image_14635.jpg,1
image_14636.jpg,1
image_14637.jpg,1
image_14638.jpg,1
image_14639.jpg,1
image_14640.jpg,1
image_14641.jpg,1
image_14642.jpg,0
image_14643.jpg,0
image_14644.jpg,1
image_14645.jpg,1
image_14646.jpg,1
image_14647.jpg,1
image_14648.jpg,1
image_14649.jpg,1
image_14650.jpg,1
image_14651.jpg,1
image_14652.jpg,1
image_14653.jpg,1
image_14654.jpg,1
image_14655.jpg,0
image_14656.jpg,0
image_14657.jpg,1
image_14658.jpg,1
image_14659.jpg,1
image_14660.jpg,1
image_14661.jpg,1
image_14662.jpg,1
image_14663.jpg,1
image_14664.jpg,1
image_14665.jpg,0
image_14666.jpg,0
image_14667.jpg,0
image_14668.jpg,1
image_14669.jpg,0
image_14670.jpg,1
image_14671.jpg,1
image_14672.jpg,0
image_14673.jpg,1
image_14674.jpg,1
image_14675.jpg,0
image_14676.jpg,0
image_14677.jpg,0
image_14678.jpg,1
image_14679.jpg,1
image_14680.jpg,1
image_14681.jpg,0
image_14682.jpg,1
image_14683.jpg,0
image_14684.jpg,1
image_14685.jpg,1
image_14686.jpg,1
image_14687.jpg,0
image_14688.jpg,1
image_14689.jpg,1
image_14690.jpg,0
image_14691.jpg,0
image_14692.jpg,0
image_14693.jpg,1
image_14694.jpg,1
image_14695.jpg,1
image_14696.jpg,1
image_14697.jpg,1
image_14698.jpg,0
image_14699.jpg,0
image_14700.jpg,0
image_14701.jpg,1
image_14702.jpg,1
image_14703.jpg,1
image_14704.jpg,1
image_14705.jpg,0
image_14706.jpg,1
image_14707.jpg,1
image_14708.jpg,1
image_14709.jpg,1
image_14710.jpg,1
image_14711.jpg,1
image_14712.jpg,1
image_14713.jpg,1
image_14714.jpg,0
image_14715.jpg,1
image_14716.jpg,1
image_14717.jpg,1
image_14718.jpg,1
image_14719.jpg,1
image_14720.jpg,1
image_14721.jpg,1
image_14722.jpg,0
image_14723.jpg,1
image_14724.jpg,1
image_14725.jpg,1
image_14726.jpg,1
image_14727.jpg,1
image_14728.jpg,1
image_14729.jpg,0
image_14730.jpg,1
image_14731.jpg,1
image_14732.jpg,1
image_14733.jpg,1
image_14734.jpg,0
image_14735.jpg,1
image_14736.jpg,0
image_14737.jpg,1
image_14738.jpg,1
image_14739.jpg,1
image_14740.jpg,0
image_14741.jpg,1
image_14742.jpg,0
image_14743.jpg,1
image_14744.jpg,0
image_14745.jpg,1
image_14746.jpg,1
image_14747.jpg,1
image_14748.jpg,1
image_14749.jpg,1
image_14750.jpg,1
image_14751.jpg,1
image_14752.jpg,1
image_14753.jpg,0
image_14754.jpg,1
image_14755.jpg,1
image_14756.jpg,1
image_14757.jpg,1
image_14758.jpg,1
image_14759.jpg,1
image_14760.jpg,1
image_14761.jpg,1
image_14762.jpg,1
image_14763.jpg,0
image_14764.jpg,1
image_14765.jpg,1
image_14766.jpg,1
image_14767.jpg,0
image_14768.jpg,1
image_14769.jpg,0
image_14770.jpg,0
image_14771.jpg,1
image_14772.jpg,1
image_14773.jpg,1
image_14774.jpg,0
image_14775.jpg,1
image_14776.jpg,0
image_14777.jpg,1
image_14778.jpg,1
image_14779.jpg,1
image_14780.jpg,1
image_14781.jpg,0
image_14782.jpg,0
image_14783.jpg,1
image_14784.jpg,0
image_14785.jpg,1
image_14786.jpg,1
image_14787.jpg,1
image_14788.jpg,0
image_14789.jpg,1
image_14790.jpg,0
image_14791.jpg,1
image_14792.jpg,1
image_14793.jpg,0
image_14794.jpg,1
image_14795.jpg,1
image_14796.jpg,1
image_14797.jpg,1
image_14798.jpg,0
image_14799.jpg,0
image_14800.jpg,1
image_14801.jpg,1
image_14802.jpg,0
image_14803.jpg,1
image_14804.jpg,1
image_14805.jpg,1
image_14806.jpg,1
image_14807.jpg,1
image_14808.jpg,0
image_14809.jpg,0
image_14810.jpg,1
image_14811.jpg,0
image_14812.jpg,1
image_14813.jpg,0
image_14814.jpg,1
image_14815.jpg,0
image_14816.jpg,1
image_14817.jpg,0
image_14818.jpg,1
image_14819.jpg,1
image_14820.jpg,1
image_14821.jpg,1
image_14822.jpg,1
image_14823.jpg,1
image_14824.jpg,0
image_14825.jpg,1
image_14826.jpg,1
image_14827.jpg,0
image_14828.jpg,1
image_14829.jpg,0
image_14830.jpg,0
image_14831.jpg,1
image_14832.jpg,1
image_14833.jpg,1
image_14834.jpg,1
image_14835.jpg,0
image_14836.jpg,1
image_14837.jpg,1
image_14838.jpg,1
image_14839.jpg,1
image_14840.jpg,0
image_14841.jpg,1
image_14842.jpg,0
image_14843.jpg,0
image_14844.jpg,0
image_14845.jpg,1
image_14846.jpg,1
image_14847.jpg,1
image_14848.jpg,1
image_14849.jpg,1
image_14850.jpg,0
image_14851.jpg,1
image_14852.jpg,1
image_14853.jpg,1
image_14854.jpg,1
image_14855.jpg,0
image_14856.jpg,1
image_14857.jpg,1
image_14858.jpg,1
image_14859.jpg,1
image_14860.jpg,1
image_14861.jpg,1
image_14862.jpg,1
image_14863.jpg,1
image_14864.jpg,1
image_14865.jpg,1
image_14866.jpg,1
image_14867.jpg,0
image_14868.jpg,1
image_14869.jpg,1
image_14870.jpg,1
image_14871.jpg,0
image_14872.jpg,1
image_14873.jpg,0
image_14874.jpg,1
image_14875.jpg,1
image_14876.jpg,1
image_14877.jpg,0
image_14878.jpg,0
image_14879.jpg,0
image_14880.jpg,1
image_14881.jpg,1
image_14882.jpg,1
image_14883.jpg,1
image_14884.jpg,0
image_14885.jpg,0
image_14886.jpg,0
image_14887.jpg,0
image_14888.jpg,1
image_14889.jpg,1
image_14890.jpg,0
image_14891.jpg,1
image_14892.jpg,1
image_14893.jpg,1
image_14894.jpg,0
image_14895.jpg,0
image_14896.jpg,1
image_14897.jpg,0
image_14898.jpg,1
image_14899.jpg,1
image_14900.jpg,1
image_14901.jpg,0
image_14902.jpg,1
image_14903.jpg,0
image_14904.jpg,0
image_14905.jpg,1
image_14906.jpg,1
image_14907.jpg,1
image_14908.jpg,1
image_14909.jpg,0
image_14910.jpg,0
image_14911.jpg,1
image_14912.jpg,0
image_14913.jpg,1
image_14914.jpg,1
image_14915.jpg,0
image_14916.jpg,0
image_14917.jpg,0
image_14918.jpg,1
image_14919.jpg,1
image_14920.jpg,0
image_14921.jpg,0
image_14922.jpg,1
image_14923.jpg,1
image_14924.jpg,0
image_14925.jpg,0
image_14926.jpg,1
image_14927.jpg,1
image_14928.jpg,1
image_14929.jpg,1
image_14930.jpg,1
image_14931.jpg,1
image_14932.jpg,1
image_14933.jpg,0
image_14934.jpg,0
image_14935.jpg,1
image_14936.jpg,1
image_14937.jpg,1
image_14938.jpg,0
image_14939.jpg,1
image_14940.jpg,0
image_14941.jpg,1
image_14942.jpg,0
image_14943.jpg,1
image_14944.jpg,0
image_14945.jpg,1
image_14946.jpg,0
image_14947.jpg,0
image_14948.jpg,1
image_14949.jpg,0
image_14950.jpg,0
image_14951.jpg,1
image_14952.jpg,1
image_14953.jpg,0
image_14954.jpg,1
image_14955.jpg,0
image_14956.jpg,0
image_14957.jpg,1
image_14958.jpg,1
image_14959.jpg,0
image_14960.jpg,1
image_14961.jpg,1
image_14962.jpg,1
image_14963.jpg,0
image_14964.jpg,1
image_14965.jpg,1
image_14966.jpg,1
image_14967.jpg,1
image_14968.jpg,0
image_14969.jpg,1
image_14970.jpg,1
image_14971.jpg,1
image_14972.jpg,1
image_14973.jpg,1
image_14974.jpg,1
image_14975.jpg,1
image_14976.jpg,1
image_14977.jpg,1
image_14978.jpg,1
image_14979.jpg,1
image_14980.jpg,1
image_14981.jpg,1
image_14982.jpg,1
image_14983.jpg,1
image_14984.jpg,1
image_14985.jpg,1
image_14986.jpg,0
image_14987.jpg,1
image_14988.jpg,1
image_14989.jpg,0
image_14990.jpg,0
image_14991.jpg,1
image_14992.jpg,1
image_14993.jpg,1
image_14994.jpg,1
image_14995.jpg,0
image_14996.jpg,0
image_14997.jpg,1
image_14998.jpg,0
image_14999.jpg,0
image_15000.jpg,0
image_15001.jpg,0
image_15002.jpg,1
image_15003.jpg,0
image_15004.jpg,1
image_15005.jpg,1
image_15006.jpg,1
image_15007.jpg,1
image_15008.jpg,1
image_15009.jpg,1
image_15010.jpg,0
image_15011.jpg,0
image_15012.jpg,1
image_15013.jpg,1
image_15014.jpg,1
image_15015.jpg,1
image_15016.jpg,1
image_15017.jpg,0
image_15018.jpg,1
image_15019.jpg,1
image_15020.jpg,0
image_15021.jpg,0
image_15022.jpg,0
image_15023.jpg,0
image_15024.jpg,1
image_15025.jpg,1
image_15026.jpg,1
image_15027.jpg,1
image_15028.jpg,1
image_15029.jpg,1
image_15030.jpg,1
image_15031.jpg,1
image_15032.jpg,1
image_15033.jpg,1
image_15034.jpg,0
image_15035.jpg,1
image_15036.jpg,1
image_15037.jpg,1
image_15038.jpg,1
image_15039.jpg,1
image_15040.jpg,1
image_15041.jpg,0
image_15042.jpg,1
image_15043.jpg,1
image_15044.jpg,1
image_15045.jpg,1
image_15046.jpg,1
image_15047.jpg,1
image_15048.jpg,1
image_15049.jpg,0
image_15050.jpg,1
image_15051.jpg,1
image_15052.jpg,1
image_15053.jpg,1
image_15054.jpg,1
image_15055.jpg,1
image_15056.jpg,1
image_15057.jpg,1
image_15058.jpg,1
image_15059.jpg,0
image_15060.jpg,1
image_15061.jpg,0
image_15062.jpg,1
image_15063.jpg,1
image_15064.jpg,1
image_15065.jpg,0
image_15066.jpg,0
image_15067.jpg,1
image_15068.jpg,1
image_15069.jpg,1
image_15070.jpg,1
image_15071.jpg,1
image_15072.jpg,1
image_15073.jpg,1
image_15074.jpg,1
image_15075.jpg,1
image_15076.jpg,0
image_15077.jpg,1
image_15078.jpg,1
image_15079.jpg,1
image_15080.jpg,1
image_15081.jpg,1
image_15082.jpg,1
image_15083.jpg,1
image_15084.jpg,1
image_15085.jpg,1
image_15086.jpg,1
image_15087.jpg,1
image_15088.jpg,0
image_15089.jpg,1
image_15090.jpg,1
image_15091.jpg,1
image_15092.jpg,0
image_15093.jpg,1
image_15094.jpg,0
image_15095.jpg,1
image_15096.jpg,1
image_15097.jpg,0
image_15098.jpg,1
image_15099.jpg,0
image_15100.jpg,0
image_15101.jpg,1
image_15102.jpg,1
image_15103.jpg,1
image_15104.jpg,1
image_15105.jpg,0
image_15106.jpg,0
image_15107.jpg,1
image_15108.jpg,0
image_15109.jpg,1
image_15110.jpg,0
image_15111.jpg,1
image_15112.jpg,0
image_15113.jpg,1
image_15114.jpg,1
image_15115.jpg,0
image_15116.jpg,1
image_15117.jpg,0
image_15118.jpg,1
image_15119.jpg,1
image_15120.jpg,1
image_15121.jpg,0
image_15122.jpg,0
image_15123.jpg,1
image_15124.jpg,1
image_15125.jpg,1
image_15126.jpg,1
image_15127.jpg,1
image_15128.jpg,1
image_15129.jpg,1
image_15130.jpg,1
image_15131.jpg,0
image_15132.jpg,1
image_15133.jpg,1
image_15134.jpg,1
image_15135.jpg,1
image_15136.jpg,1
image_15137.jpg,1
image_15138.jpg,1
image_15139.jpg,1
image_15140.jpg,1
image_15141.jpg,0
image_15142.jpg,1
image_15143.jpg,0
image_15144.jpg,1
image_15145.jpg,1
image_15146.jpg,1
image_15147.jpg,1
image_15148.jpg,1
image_15149.jpg,1
image_15150.jpg,1
image_15151.jpg,0
image_15152.jpg,1
image_15153.jpg,1
image_15154.jpg,1
image_15155.jpg,1
image_15156.jpg,0
image_15157.jpg,1
image_15158.jpg,0
image_15159.jpg,1
image_15160.jpg,1
image_15161.jpg,1
image_15162.jpg,1
image_15163.jpg,1
image_15164.jpg,1
image_15165.jpg,1
image_15166.jpg,1
image_15167.jpg,1
image_15168.jpg,0
image_15169.jpg,1
image_15170.jpg,0
image_15171.jpg,0
image_15172.jpg,1
image_15173.jpg,1
image_15174.jpg,0
image_15175.jpg,1
image_15176.jpg,1
image_15177.jpg,0
image_15178.jpg,1
image_15179.jpg,1
image_15180.jpg,0
image_15181.jpg,0
image_15182.jpg,1
image_15183.jpg,0
image_15184.jpg,1
image_15185.jpg,0
image_15186.jpg,0
image_15187.jpg,1
image_15188.jpg,1
image_15189.jpg,1
image_15190.jpg,1
image_15191.jpg,0
image_15192.jpg,1
image_15193.jpg,0
image_15194.jpg,0
image_15195.jpg,0
image_15196.jpg,1
image_15197.jpg,0
image_15198.jpg,0
image_15199.jpg,1
image_15200.jpg,0
image_15201.jpg,1
image_15202.jpg,1
image_15203.jpg,1
image_15204.jpg,1
image_15205.jpg,1
image_15206.jpg,1
image_15207.jpg,0
image_15208.jpg,0
image_15209.jpg,1
image_15210.jpg,1
image_15211.jpg,0
image_15212.jpg,1
image_15213.jpg,0
image_15214.jpg,1
image_15215.jpg,0
image_15216.jpg,1
image_15217.jpg,1
image_15218.jpg,0
image_15219.jpg,1
image_15220.jpg,1
image_15221.jpg,1
image_15222.jpg,0
image_15223.jpg,1
image_15224.jpg,0
image_15225.jpg,1
image_15226.jpg,1
image_15227.jpg,1
image_15228.jpg,1
image_15229.jpg,1
image_15230.jpg,0
image_15231.jpg,0
image_15232.jpg,1
image_15233.jpg,1
image_15234.jpg,1
image_15235.jpg,0
image_15236.jpg,1
image_15237.jpg,0
image_15238.jpg,1
image_15239.jpg,0
image_15240.jpg,0
image_15241.jpg,1
image_15242.jpg,1
image_15243.jpg,0
image_15244.jpg,0
image_15245.jpg,1
image_15246.jpg,1
image_15247.jpg,0
image_15248.jpg,1
image_15249.jpg,1
image_15250.jpg,1
image_15251.jpg,0
image_15252.jpg,0
image_15253.jpg,0
image_15254.jpg,1
image_15255.jpg,0
image_15256.jpg,0
image_15257.jpg,1
image_15258.jpg,1
image_15259.jpg,0
image_15260.jpg,1
image_15261.jpg,0
image_15262.jpg,1
image_15263.jpg,1
image_15264.jpg,0
image_15265.jpg,1
image_15266.jpg,0
image_15267.jpg,1
image_15268.jpg,1
image_15269.jpg,1
image_15270.jpg,1
image_15271.jpg,1
image_15272.jpg,1
image_15273.jpg,1
image_15274.jpg,1
image_15275.jpg,0
image_15276.jpg,1
image_15277.jpg,1
image_15278.jpg,1
image_15279.jpg,1
image_15280.jpg,1
image_15281.jpg,1
image_15282.jpg,1
image_15283.jpg,1
image_15284.jpg,1
image_15285.jpg,1
image_15286.jpg,1
image_15287.jpg,1
image_15288.jpg,1
image_15289.jpg,1
image_15290.jpg,1
image_15291.jpg,1
image_15292.jpg,0
image_15293.jpg,1
image_15294.jpg,0
image_15295.jpg,1
image_15296.jpg,1
image_15297.jpg,1
image_15298.jpg,1
image_15299.jpg,1
image_15300.jpg,1
image_15301.jpg,1
image_15302.jpg,1
image_15303.jpg,1
image_15304.jpg,1
image_15305.jpg,1
image_15306.jpg,1
image_15307.jpg,1
image_15308.jpg,0
image_15309.jpg,1
image_15310.jpg,1
image_15311.jpg,1
image_15312.jpg,1
image_15313.jpg,1
image_15314.jpg,0
image_15315.jpg,1
image_15316.jpg,1
image_15317.jpg,0
image_15318.jpg,1
image_15319.jpg,1
image_15320.jpg,1
image_15321.jpg,1
image_15322.jpg,0
image_15323.jpg,0
image_15324.jpg,1
image_15325.jpg,1
image_15326.jpg,1
image_15327.jpg,1
image_15328.jpg,0
image_15329.jpg,1
image_15330.jpg,1
image_15331.jpg,1
image_15332.jpg,0
image_15333.jpg,1
image_15334.jpg,1
image_15335.jpg,1
image_15336.jpg,1
image_15337.jpg,1
image_15338.jpg,1
image_15339.jpg,1
image_15340.jpg,1
image_15341.jpg,0
image_15342.jpg,0
image_15343.jpg,1
image_15344.jpg,1
image_15345.jpg,1
image_15346.jpg,1
image_15347.jpg,0
image_15348.jpg,0
image_15349.jpg,1
image_15350.jpg,0
image_15351.jpg,1
image_15352.jpg,1
image_15353.jpg,1
image_15354.jpg,1
image_15355.jpg,1
image_15356.jpg,1
image_15357.jpg,1
image_15358.jpg,1
image_15359.jpg,1
image_15360.jpg,1
image_15361.jpg,1
image_15362.jpg,1
image_15363.jpg,0
image_15364.jpg,0
image_15365.jpg,1
image_15366.jpg,1
image_15367.jpg,1
image_15368.jpg,1
image_15369.jpg,0
image_15370.jpg,0
image_15371.jpg,1
image_15372.jpg,0
image_15373.jpg,1
image_15374.jpg,0
image_15375.jpg,1
image_15376.jpg,1
image_15377.jpg,1
image_15378.jpg,1
image_15379.jpg,1
image_15380.jpg,1
image_15381.jpg,0
image_15382.jpg,1
image_15383.jpg,0
image_15384.jpg,1
image_15385.jpg,1
image_15386.jpg,0
image_15387.jpg,0
image_15388.jpg,0
image_15389.jpg,1
image_15390.jpg,1
image_15391.jpg,1
image_15392.jpg,1
image_15393.jpg,1
image_15394.jpg,1
image_15395.jpg,1
image_15396.jpg,1
image_15397.jpg,0
image_15398.jpg,1
image_15399.jpg,1
image_15400.jpg,0
image_15401.jpg,1
image_15402.jpg,1
image_15403.jpg,1
image_15404.jpg,1
image_15405.jpg,1
image_15406.jpg,1
image_15407.jpg,0
image_15408.jpg,1
image_15409.jpg,0
image_15410.jpg,1
image_15411.jpg,1
image_15412.jpg,1
image_15413.jpg,1
image_15414.jpg,0
image_15415.jpg,1
image_15416.jpg,0
image_15417.jpg,1
image_15418.jpg,0
image_15419.jpg,1
image_15420.jpg,1
image_15421.jpg,0
image_15422.jpg,0
image_15423.jpg,1
image_15424.jpg,1
image_15425.jpg,0
image_15426.jpg,1
image_15427.jpg,1
image_15428.jpg,0
image_15429.jpg,1
image_15430.jpg,1
image_15431.jpg,1
image_15432.jpg,1
image_15433.jpg,1
image_15434.jpg,1
image_15435.jpg,1
image_15436.jpg,1
image_15437.jpg,1
image_15438.jpg,1
image_15439.jpg,1
image_15440.jpg,1
image_15441.jpg,1
image_15442.jpg,1
image_15443.jpg,1
image_15444.jpg,1
image_15445.jpg,0
image_15446.jpg,1
image_15447.jpg,0
image_15448.jpg,1
image_15449.jpg,1
image_15450.jpg,0
image_15451.jpg,0
image_15452.jpg,1
image_15453.jpg,1
image_15454.jpg,1
image_15455.jpg,0
image_15456.jpg,1
image_15457.jpg,0
image_15458.jpg,1
image_15459.jpg,1
image_15460.jpg,0
image_15461.jpg,1
image_15462.jpg,1
image_15463.jpg,1
image_15464.jpg,1
image_15465.jpg,1
image_15466.jpg,1
image_15467.jpg,0
image_15468.jpg,1
image_15469.jpg,1
image_15470.jpg,1
image_15471.jpg,0
image_15472.jpg,1
image_15473.jpg,1
image_15474.jpg,1
image_15475.jpg,0
image_15476.jpg,1
image_15477.jpg,1
image_15478.jpg,0
image_15479.jpg,1
image_15480.jpg,0
image_15481.jpg,1
image_15482.jpg,1
image_15483.jpg,1
image_15484.jpg,1
image_15485.jpg,1
image_15486.jpg,1
image_15487.jpg,1
image_15488.jpg,1
image_15489.jpg,1
image_15490.jpg,1
image_15491.jpg,1
image_15492.jpg,0
image_15493.jpg,1
image_15494.jpg,1
image_15495.jpg,1
image_15496.jpg,1
image_15497.jpg,1
image_15498.jpg,0
image_15499.jpg,1
image_15500.jpg,1
image_15501.jpg,0
image_15502.jpg,1
image_15503.jpg,0
image_15504.jpg,1
image_15505.jpg,1
image_15506.jpg,1
image_15507.jpg,0
image_15508.jpg,1
image_15509.jpg,1
image_15510.jpg,1
image_15511.jpg,1
image_15512.jpg,1
image_15513.jpg,0
image_15514.jpg,1
image_15515.jpg,0
image_15516.jpg,0
image_15517.jpg,0
image_15518.jpg,1
image_15519.jpg,0
image_15520.jpg,1
image_15521.jpg,1
image_15522.jpg,1
image_15523.jpg,0
image_15524.jpg,0
image_15525.jpg,1
image_15526.jpg,0
image_15527.jpg,0
image_15528.jpg,1
image_15529.jpg,1
image_15530.jpg,0
image_15531.jpg,0
image_15532.jpg,0
image_15533.jpg,1
image_15534.jpg,0
image_15535.jpg,0
image_15536.jpg,1
image_15537.jpg,0
image_15538.jpg,0
image_15539.jpg,1
image_15540.jpg,1
image_15541.jpg,1
image_15542.jpg,0
image_15543.jpg,1
image_15544.jpg,0
image_15545.jpg,1
image_15546.jpg,1
image_15547.jpg,1
image_15548.jpg,1
image_15549.jpg,1
image_15550.jpg,0
image_15551.jpg,1
image_15552.jpg,0
image_15553.jpg,1
image_15554.jpg,1
image_15555.jpg,0
image_15556.jpg,1
image_15557.jpg,1
image_15558.jpg,0
image_15559.jpg,1
image_15560.jpg,1
image_15561.jpg,1
image_15562.jpg,0
image_15563.jpg,1
image_15564.jpg,1
image_15565.jpg,1
image_15566.jpg,0
image_15567.jpg,1
image_15568.jpg,0
image_15569.jpg,1
image_15570.jpg,0
image_15571.jpg,1
image_15572.jpg,1
image_15573.jpg,1
image_15574.jpg,1
image_15575.jpg,1
image_15576.jpg,0
image_15577.jpg,0
image_15578.jpg,1
image_15579.jpg,1
image_15580.jpg,1
image_15581.jpg,0
image_15582.jpg,0
image_15583.jpg,1
image_15584.jpg,0
image_15585.jpg,1
image_15586.jpg,1
image_15587.jpg,1
image_15588.jpg,1
image_15589.jpg,0
image_15590.jpg,1
image_15591.jpg,1
image_15592.jpg,1
image_15593.jpg,1
image_15594.jpg,0
image_15595.jpg,1
image_15596.jpg,1
image_15597.jpg,0
image_15598.jpg,1
image_15599.jpg,0
image_15600.jpg,0
image_15601.jpg,1
image_15602.jpg,1
image_15603.jpg,1
image_15604.jpg,1
image_15605.jpg,0
image_15606.jpg,1
image_15607.jpg,1
image_15608.jpg,1
image_15609.jpg,1
image_15610.jpg,1
image_15611.jpg,0
image_15612.jpg,1
image_15613.jpg,1
image_15614.jpg,1
image_15615.jpg,0
image_15616.jpg,1
image_15617.jpg,0
image_15618.jpg,1
image_15619.jpg,1
image_15620.jpg,1
image_15621.jpg,0
image_15622.jpg,0
image_15623.jpg,1
image_15624.jpg,0
image_15625.jpg,1
image_15626.jpg,1
image_15627.jpg,1
image_15628.jpg,1
image_15629.jpg,1
image_15630.jpg,0
image_15631.jpg,0
image_15632.jpg,1
image_15633.jpg,1
image_15634.jpg,1
image_15635.jpg,0
image_15636.jpg,1
image_15637.jpg,1
image_15638.jpg,1
image_15639.jpg,1
image_15640.jpg,1
image_15641.jpg,1
image_15642.jpg,1
image_15643.jpg,1
image_15644.jpg,1
image_15645.jpg,1
image_15646.jpg,1
image_15647.jpg,1
image_15648.jpg,1
image_15649.jpg,0
image_15650.jpg,0
image_15651.jpg,0
image_15652.jpg,1
image_15653.jpg,1
image_15654.jpg,1
image_15655.jpg,1
image_15656.jpg,1
image_15657.jpg,1
image_15658.jpg,0
image_15659.jpg,0
image_15660.jpg,1
image_15661.jpg,0
image_15662.jpg,1
image_15663.jpg,1
image_15664.jpg,1
image_15665.jpg,0
image_15666.jpg,0
image_15667.jpg,1
image_15668.jpg,1
image_15669.jpg,1
image_15670.jpg,0
image_15671.jpg,1
image_15672.jpg,1
image_15673.jpg,0
image_15674.jpg,1
image_15675.jpg,1
image_15676.jpg,1
image_15677.jpg,1
image_15678.jpg,0
image_15679.jpg,0
image_15680.jpg,1
image_15681.jpg,1
image_15682.jpg,0
image_15683.jpg,1
image_15684.jpg,1
image_15685.jpg,1
image_15686.jpg,0
image_15687.jpg,1
image_15688.jpg,1
image_15689.jpg,1
image_15690.jpg,0
image_15691.jpg,1
image_15692.jpg,1
image_15693.jpg,1
image_15694.jpg,1
image_15695.jpg,1
image_15696.jpg,1
image_15697.jpg,0
image_15698.jpg,1
image_15699.jpg,1
image_15700.jpg,1
image_15701.jpg,1
image_15702.jpg,1
image_15703.jpg,0
image_15704.jpg,1
image_15705.jpg,1
image_15706.jpg,1
image_15707.jpg,1
image_15708.jpg,1
image_15709.jpg,1
image_15710.jpg,0
image_15711.jpg,1
image_15712.jpg,1
image_15713.jpg,1
image_15714.jpg,1
image_15715.jpg,1
image_15716.jpg,1
image_15717.jpg,1
image_15718.jpg,1
image_15719.jpg,0
image_15720.jpg,1
image_15721.jpg,1
image_15722.jpg,1
image_15723.jpg,1
image_15724.jpg,1
image_15725.jpg,1
image_15726.jpg,0
image_15727.jpg,1
image_15728.jpg,0
image_15729.jpg,0
image_15730.jpg,1
image_15731.jpg,0
image_15732.jpg,1
image_15733.jpg,0
image_15734.jpg,0
image_15735.jpg,0
image_15736.jpg,1
image_15737.jpg,0
image_15738.jpg,0
image_15739.jpg,0
image_15740.jpg,1
image_15741.jpg,0
image_15742.jpg,1
image_15743.jpg,0
image_15744.jpg,1
image_15745.jpg,0
image_15746.jpg,1
image_15747.jpg,1
image_15748.jpg,1
image_15749.jpg,1
image_15750.jpg,1
image_15751.jpg,0
image_15752.jpg,1
image_15753.jpg,1
image_15754.jpg,1
image_15755.jpg,0
image_15756.jpg,0
image_15757.jpg,1
image_15758.jpg,1
image_15759.jpg,0
image_15760.jpg,1
image_15761.jpg,1
image_15762.jpg,0
image_15763.jpg,1
image_15764.jpg,0
image_15765.jpg,0
image_15766.jpg,0
image_15767.jpg,0
image_15768.jpg,1
image_15769.jpg,1
image_15770.jpg,0
image_15771.jpg,1
image_15772.jpg,1
image_15773.jpg,1
image_15774.jpg,1
image_15775.jpg,1
image_15776.jpg,1
image_15777.jpg,1
image_15778.jpg,1
image_15779.jpg,1
image_15780.jpg,0
image_15781.jpg,1
image_15782.jpg,1
image_15783.jpg,1
image_15784.jpg,1
image_15785.jpg,1
image_15786.jpg,1
image_15787.jpg,0
image_15788.jpg,1
image_15789.jpg,0
image_15790.jpg,1
image_15791.jpg,1
image_15792.jpg,0
image_15793.jpg,1
image_15794.jpg,0
image_15795.jpg,1
image_15796.jpg,0
image_15797.jpg,1
image_15798.jpg,1
image_15799.jpg,1
image_15800.jpg,1
image_15801.jpg,0
image_15802.jpg,0
image_15803.jpg,1
image_15804.jpg,1
image_15805.jpg,0
image_15806.jpg,1
image_15807.jpg,1
image_15808.jpg,1
image_15809.jpg,1
image_15810.jpg,1
image_15811.jpg,1
image_15812.jpg,1
image_15813.jpg,0
image_15814.jpg,1
image_15815.jpg,1
image_15816.jpg,1
image_15817.jpg,1
image_15818.jpg,1
image_15819.jpg,1
image_15820.jpg,1
image_15821.jpg,1
image_15822.jpg,1
image_15823.jpg,1
image_15824.jpg,1
image_15825.jpg,1
image_15826.jpg,0
image_15827.jpg,1
image_15828.jpg,1
image_15829.jpg,0
image_15830.jpg,0
image_15831.jpg,0
image_15832.jpg,1
image_15833.jpg,1
image_15834.jpg,0
image_15835.jpg,1
image_15836.jpg,1
image_15837.jpg,1
image_15838.jpg,1
image_15839.jpg,1
image_15840.jpg,1
image_15841.jpg,1
image_15842.jpg,1
image_15843.jpg,1
image_15844.jpg,1
image_15845.jpg,1
image_15846.jpg,0
image_15847.jpg,1
image_15848.jpg,1
image_15849.jpg,1
image_15850.jpg,1
image_15851.jpg,1
image_15852.jpg,1
image_15853.jpg,1
image_15854.jpg,0
image_15855.jpg,1
image_15856.jpg,1
image_15857.jpg,0
image_15858.jpg,0
image_15859.jpg,1
image_15860.jpg,0
image_15861.jpg,1
image_15862.jpg,0
image_15863.jpg,1
image_15864.jpg,1
image_15865.jpg,1
image_15866.jpg,0
image_15867.jpg,1
image_15868.jpg,1
image_15869.jpg,0
image_15870.jpg,0
image_15871.jpg,1
image_15872.jpg,1
image_15873.jpg,1
image_15874.jpg,1
image_15875.jpg,1
image_15876.jpg,1
image_15877.jpg,1
image_15878.jpg,0
image_15879.jpg,1
image_15880.jpg,0
image_15881.jpg,1
image_15882.jpg,1
image_15883.jpg,1
image_15884.jpg,1
image_15885.jpg,1
image_15886.jpg,0
image_15887.jpg,0
image_15888.jpg,1
image_15889.jpg,1
image_15890.jpg,0
image_15891.jpg,1
image_15892.jpg,1
image_15893.jpg,1
image_15894.jpg,0
image_15895.jpg,1
image_15896.jpg,1
image_15897.jpg,1
image_15898.jpg,0
image_15899.jpg,0
image_15900.jpg,1
image_15901.jpg,1
image_15902.jpg,1
image_15903.jpg,0
image_15904.jpg,1
image_15905.jpg,1
image_15906.jpg,1
image_15907.jpg,1
image_15908.jpg,0
image_15909.jpg,1
image_15910.jpg,1
image_15911.jpg,1
image_15912.jpg,1
image_15913.jpg,1
image_15914.jpg,0
image_15915.jpg,1
image_15916.jpg,1
image_15917.jpg,1
image_15918.jpg,1
image_15919.jpg,1
image_15920.jpg,1
image_15921.jpg,1
image_15922.jpg,1
image_15923.jpg,1
image_15924.jpg,0
image_15925.jpg,0
image_15926.jpg,1
image_15927.jpg,0
image_15928.jpg,1
image_15929.jpg,0
image_15930.jpg,1
image_15931.jpg,1
image_15932.jpg,1
image_15933.jpg,1
image_15934.jpg,1
image_15935.jpg,1
image_15936.jpg,1
image_15937.jpg,1
image_15938.jpg,1
image_15939.jpg,1
image_15940.jpg,0
image_15941.jpg,1
image_15942.jpg,1
image_15943.jpg,0
image_15944.jpg,1
image_15945.jpg,1
image_15946.jpg,0
image_15947.jpg,1
image_15948.jpg,1
image_15949.jpg,0
image_15950.jpg,0
image_15951.jpg,1
image_15952.jpg,1
image_15953.jpg,1
image_15954.jpg,1
image_15955.jpg,1
image_15956.jpg,0
image_15957.jpg,0
image_15958.jpg,1
image_15959.jpg,0
image_15960.jpg,0
image_15961.jpg,1
image_15962.jpg,1
image_15963.jpg,1
image_15964.jpg,0
image_15965.jpg,1
image_15966.jpg,1
image_15967.jpg,0
image_15968.jpg,1
image_15969.jpg,1
image_15970.jpg,1
image_15971.jpg,0
image_15972.jpg,1
image_15973.jpg,1
image_15974.jpg,1
image_15975.jpg,1
image_15976.jpg,1
image_15977.jpg,1
image_15978.jpg,1
image_15979.jpg,1
image_15980.jpg,1
image_15981.jpg,1
image_15982.jpg,1
image_15983.jpg,1
image_15984.jpg,1
image_15985.jpg,1
image_15986.jpg,0
image_15987.jpg,0
image_15988.jpg,1
image_15989.jpg,0
image_15990.jpg,1
image_15991.jpg,0
image_15992.jpg,1
image_15993.jpg,0
image_15994.jpg,1
image_15995.jpg,1
image_15996.jpg,0
image_15997.jpg,0
image_15998.jpg,1
image_15999.jpg,1
image_16000.jpg,1
image_16001.jpg,1
image_16002.jpg,0
image_16003.jpg,1
image_16004.jpg,1
image_16005.jpg,0
image_16006.jpg,1
image_16007.jpg,1
image_16008.jpg,1
image_16009.jpg,1
image_16010.jpg,1
image_16011.jpg,1
image_16012.jpg,0
image_16013.jpg,0
image_16014.jpg,1
image_16015.jpg,1
image_16016.jpg,0
image_16017.jpg,1
image_16018.jpg,0
image_16019.jpg,1
image_16020.jpg,1
image_16021.jpg,0
image_16022.jpg,1
image_16023.jpg,0
image_16024.jpg,1
image_16025.jpg,1
image_16026.jpg,0
image_16027.jpg,1
image_16028.jpg,1
image_16029.jpg,1
image_16030.jpg,1
image_16031.jpg,1
image_16032.jpg,0
image_16033.jpg,1
image_16034.jpg,1
image_16035.jpg,1
image_16036.jpg,1
image_16037.jpg,1
image_16038.jpg,1
image_16039.jpg,1
image_16040.jpg,1
image_16041.jpg,1
image_16042.jpg,1
image_16043.jpg,1
image_16044.jpg,1
image_16045.jpg,0
image_16046.jpg,1
image_16047.jpg,1
image_16048.jpg,0
image_16049.jpg,1
image_16050.jpg,1
image_16051.jpg,1
image_16052.jpg,0
image_16053.jpg,1
image_16054.jpg,1
image_16055.jpg,1
image_16056.jpg,1
image_16057.jpg,1
image_16058.jpg,1
image_16059.jpg,1
image_16060.jpg,1
image_16061.jpg,0
image_16062.jpg,0
image_16063.jpg,1
image_16064.jpg,1
image_16065.jpg,1
image_16066.jpg,0
image_16067.jpg,0
image_16068.jpg,0
image_16069.jpg,1
image_16070.jpg,0
image_16071.jpg,0
image_16072.jpg,1
image_16073.jpg,1
image_16074.jpg,1
image_16075.jpg,1
image_16076.jpg,1
image_16077.jpg,1
image_16078.jpg,1
image_16079.jpg,0
image_16080.jpg,0
image_16081.jpg,1
image_16082.jpg,1
image_16083.jpg,0
image_16084.jpg,0
image_16085.jpg,1
image_16086.jpg,1
image_16087.jpg,1
image_16088.jpg,1
image_16089.jpg,1
image_16090.jpg,1
image_16091.jpg,0
image_16092.jpg,1
image_16093.jpg,1
image_16094.jpg,1
image_16095.jpg,0
image_16096.jpg,1
image_16097.jpg,1
image_16098.jpg,0
image_16099.jpg,1
image_16100.jpg,0
image_16101.jpg,0
image_16102.jpg,1
image_16103.jpg,1
image_16104.jpg,1
image_16105.jpg,1
image_16106.jpg,0
image_16107.jpg,1
image_16108.jpg,0
image_16109.jpg,1
image_16110.jpg,1
image_16111.jpg,1
image_16112.jpg,0
image_16113.jpg,1
image_16114.jpg,1
image_16115.jpg,1
image_16116.jpg,0
image_16117.jpg,1
image_16118.jpg,1
image_16119.jpg,1
image_16120.jpg,0
image_16121.jpg,1
image_16122.jpg,1
image_16123.jpg,0
image_16124.jpg,0
image_16125.jpg,1
image_16126.jpg,0
image_16127.jpg,1
image_16128.jpg,1
image_16129.jpg,0
image_16130.jpg,1
image_16131.jpg,0
image_16132.jpg,1
image_16133.jpg,0
image_16134.jpg,0
image_16135.jpg,1
image_16136.jpg,1
image_16137.jpg,1
image_16138.jpg,1
image_16139.jpg,1
image_16140.jpg,1
image_16141.jpg,1
image_16142.jpg,1
image_16143.jpg,1
image_16144.jpg,1
image_16145.jpg,1
image_16146.jpg,1
image_16147.jpg,1
image_16148.jpg,1
image_16149.jpg,1
image_16150.jpg,1
image_16151.jpg,0
image_16152.jpg,1
image_16153.jpg,1
image_16154.jpg,1
image_16155.jpg,1
image_16156.jpg,0
image_16157.jpg,1
image_16158.jpg,1
image_16159.jpg,0
image_16160.jpg,1
image_16161.jpg,1
image_16162.jpg,1
image_16163.jpg,1
image_16164.jpg,1
image_16165.jpg,1
image_16166.jpg,1
image_16167.jpg,1
image_16168.jpg,1
image_16169.jpg,0
image_16170.jpg,0
image_16171.jpg,1
image_16172.jpg,0
image_16173.jpg,0
image_16174.jpg,0
image_16175.jpg,0
image_16176.jpg,1
image_16177.jpg,1
image_16178.jpg,0
image_16179.jpg,1
image_16180.jpg,1
image_16181.jpg,1
image_16182.jpg,0
image_16183.jpg,0
image_16184.jpg,1
image_16185.jpg,1
image_16186.jpg,1
image_16187.jpg,1
image_16188.jpg,0
image_16189.jpg,1
image_16190.jpg,1
image_16191.jpg,1
image_16192.jpg,1
image_16193.jpg,1
image_16194.jpg,0
image_16195.jpg,1
image_16196.jpg,0
image_16197.jpg,1
image_16198.jpg,1
image_16199.jpg,0
image_16200.jpg,1
image_16201.jpg,1
image_16202.jpg,1
image_16203.jpg,0
image_16204.jpg,1
image_16205.jpg,1
image_16206.jpg,0
image_16207.jpg,1
image_16208.jpg,0
image_16209.jpg,0
image_16210.jpg,1
image_16211.jpg,1
image_16212.jpg,1
image_16213.jpg,0
image_16214.jpg,1
image_16215.jpg,1
image_16216.jpg,1
image_16217.jpg,1
image_16218.jpg,0
image_16219.jpg,1
image_16220.jpg,1
image_16221.jpg,0
image_16222.jpg,1
image_16223.jpg,1
image_16224.jpg,1
image_16225.jpg,0
image_16226.jpg,0
image_16227.jpg,0
image_16228.jpg,1
image_16229.jpg,1
image_16230.jpg,1
image_16231.jpg,1
image_16232.jpg,0
image_16233.jpg,1
image_16234.jpg,1
image_16235.jpg,1
image_16236.jpg,0
image_16237.jpg,0
image_16238.jpg,1
image_16239.jpg,0
image_16240.jpg,0
image_16241.jpg,0
image_16242.jpg,0
image_16243.jpg,0
image_16244.jpg,1
image_16245.jpg,0
image_16246.jpg,0
image_16247.jpg,0
image_16248.jpg,0
image_16249.jpg,1
image_16250.jpg,1
image_16251.jpg,0
image_16252.jpg,1
image_16253.jpg,0
image_16254.jpg,0
image_16255.jpg,1
image_16256.jpg,1
image_16257.jpg,0
image_16258.jpg,1
image_16259.jpg,1
image_16260.jpg,1
image_16261.jpg,1
image_16262.jpg,1
image_16263.jpg,1
image_16264.jpg,0
image_16265.jpg,1
image_16266.jpg,1
image_16267.jpg,1
image_16268.jpg,0
image_16269.jpg,0
image_16270.jpg,1
image_16271.jpg,0
image_16272.jpg,1
image_16273.jpg,1
image_16274.jpg,0
image_16275.jpg,0
image_16276.jpg,0
image_16277.jpg,1
image_16278.jpg,0
image_16279.jpg,1
image_16280.jpg,1
image_16281.jpg,0
image_16282.jpg,1
image_16283.jpg,0
image_16284.jpg,0
image_16285.jpg,1
image_16286.jpg,1
image_16287.jpg,1
image_16288.jpg,0
image_16289.jpg,0
image_16290.jpg,1
image_16291.jpg,0
image_16292.jpg,0
image_16293.jpg,1
image_16294.jpg,1
image_16295.jpg,1
image_16296.jpg,1
image_16297.jpg,0
image_16298.jpg,1
image_16299.jpg,0
image_16300.jpg,1
image_16301.jpg,1
image_16302.jpg,0
image_16303.jpg,1
image_16304.jpg,0
image_16305.jpg,0
image_16306.jpg,1
image_16307.jpg,1
image_16308.jpg,0
image_16309.jpg,0
image_16310.jpg,1
image_16311.jpg,1
image_16312.jpg,1
image_16313.jpg,1
image_16314.jpg,0
image_16315.jpg,1
image_16316.jpg,1
image_16317.jpg,1
image_16318.jpg,1
image_16319.jpg,1
image_16320.jpg,1
image_16321.jpg,1
image_16322.jpg,1
image_16323.jpg,0
image_16324.jpg,1
image_16325.jpg,1
image_16326.jpg,1
image_16327.jpg,0
image_16328.jpg,1
image_16329.jpg,1
image_16330.jpg,1
image_16331.jpg,0
image_16332.jpg,1
image_16333.jpg,0
image_16334.jpg,1
image_16335.jpg,1
image_16336.jpg,1
image_16337.jpg,0
image_16338.jpg,1
image_16339.jpg,0
image_16340.jpg,0
image_16341.jpg,0
image_16342.jpg,0
image_16343.jpg,0
image_16344.jpg,1
image_16345.jpg,0
image_16346.jpg,0
image_16347.jpg,1
image_16348.jpg,1
image_16349.jpg,1
image_16350.jpg,1
image_16351.jpg,1
image_16352.jpg,0
image_16353.jpg,1
image_16354.jpg,1
image_16355.jpg,1
image_16356.jpg,1
image_16357.jpg,1
image_16358.jpg,1
image_16359.jpg,1
image_16360.jpg,1
image_16361.jpg,1
image_16362.jpg,1
image_16363.jpg,1
image_16364.jpg,1
image_16365.jpg,1
image_16366.jpg,0
image_16367.jpg,1
image_16368.jpg,1
image_16369.jpg,1
image_16370.jpg,1
image_16371.jpg,0
image_16372.jpg,1
image_16373.jpg,1
image_16374.jpg,1
image_16375.jpg,1
image_16376.jpg,0
image_16377.jpg,0
image_16378.jpg,1
image_16379.jpg,0
image_16380.jpg,1
image_16381.jpg,1
image_16382.jpg,0
image_16383.jpg,1
image_16384.jpg,0
image_16385.jpg,1
image_16386.jpg,1
image_16387.jpg,1
image_16388.jpg,1
image_16389.jpg,0
image_16390.jpg,1
image_16391.jpg,1
image_16392.jpg,1
image_16393.jpg,0
image_16394.jpg,0
image_16395.jpg,1
image_16396.jpg,1
image_16397.jpg,0
image_16398.jpg,1
image_16399.jpg,0
image_16400.jpg,0
image_16401.jpg,0
image_16402.jpg,1
image_16403.jpg,0
image_16404.jpg,1
image_16405.jpg,1
image_16406.jpg,1
image_16407.jpg,1
image_16408.jpg,1
image_16409.jpg,1
image_16410.jpg,1
image_16411.jpg,0
image_16412.jpg,1
image_16413.jpg,1
image_16414.jpg,0
image_16415.jpg,1
image_16416.jpg,0
image_16417.jpg,0
image_16418.jpg,1
image_16419.jpg,1
image_16420.jpg,1
image_16421.jpg,1
image_16422.jpg,1
image_16423.jpg,0
image_16424.jpg,1
image_16425.jpg,1
image_16426.jpg,1
image_16427.jpg,0
image_16428.jpg,1
image_16429.jpg,0
image_16430.jpg,1
image_16431.jpg,1
image_16432.jpg,1
image_16433.jpg,0
image_16434.jpg,1
image_16435.jpg,0
image_16436.jpg,0
image_16437.jpg,1
image_16438.jpg,1
image_16439.jpg,0
image_16440.jpg,1
image_16441.jpg,1
image_16442.jpg,1
image_16443.jpg,0
image_16444.jpg,0
image_16445.jpg,1
image_16446.jpg,1
image_16447.jpg,1
image_16448.jpg,1
image_16449.jpg,1
image_16450.jpg,1
image_16451.jpg,1
image_16452.jpg,0
image_16453.jpg,1
image_16454.jpg,1
image_16455.jpg,1
image_16456.jpg,0
image_16457.jpg,1
image_16458.jpg,1
image_16459.jpg,1
image_16460.jpg,1
image_16461.jpg,0
image_16462.jpg,1
image_16463.jpg,1
image_16464.jpg,0
image_16465.jpg,1
image_16466.jpg,0
image_16467.jpg,0
image_16468.jpg,1
image_16469.jpg,0
image_16470.jpg,0
image_16471.jpg,1
image_16472.jpg,1
image_16473.jpg,0
image_16474.jpg,1
image_16475.jpg,0
image_16476.jpg,1
image_16477.jpg,0
image_16478.jpg,1
image_16479.jpg,1
image_16480.jpg,1
image_16481.jpg,1
image_16482.jpg,1
image_16483.jpg,0
image_16484.jpg,0
image_16485.jpg,0
image_16486.jpg,1
image_16487.jpg,1
image_16488.jpg,1
image_16489.jpg,1
image_16490.jpg,1
image_16491.jpg,1
image_16492.jpg,1
image_16493.jpg,1
image_16494.jpg,1
image_16495.jpg,1
image_16496.jpg,1
image_16497.jpg,0
image_16498.jpg,1
image_16499.jpg,1
image_16500.jpg,1
image_16501.jpg,1
image_16502.jpg,1
image_16503.jpg,1
image_16504.jpg,0
image_16505.jpg,1
image_16506.jpg,1
image_16507.jpg,1
image_16508.jpg,1
image_16509.jpg,1
image_16510.jpg,0
image_16511.jpg,1
image_16512.jpg,1
image_16513.jpg,1
image_16514.jpg,0
image_16515.jpg,1
image_16516.jpg,1
image_16517.jpg,1
image_16518.jpg,1
image_16519.jpg,1
image_16520.jpg,1
image_16521.jpg,1
image_16522.jpg,1
image_16523.jpg,1
image_16524.jpg,0
image_16525.jpg,1
image_16526.jpg,1
image_16527.jpg,1
image_16528.jpg,1
image_16529.jpg,1
image_16530.jpg,0
image_16531.jpg,1
image_16532.jpg,1
image_16533.jpg,1
image_16534.jpg,1
image_16535.jpg,1
image_16536.jpg,0
image_16537.jpg,1
image_16538.jpg,0
image_16539.jpg,1
image_16540.jpg,1
image_16541.jpg,1
image_16542.jpg,1
image_16543.jpg,1
image_16544.jpg,1
image_16545.jpg,0
image_16546.jpg,1
image_16547.jpg,1
image_16548.jpg,1
image_16549.jpg,1
image_16550.jpg,1
image_16551.jpg,0
image_16552.jpg,0
image_16553.jpg,1
image_16554.jpg,0
image_16555.jpg,0
image_16556.jpg,1
image_16557.jpg,0
image_16558.jpg,1
image_16559.jpg,1
image_16560.jpg,1
image_16561.jpg,0
image_16562.jpg,1
image_16563.jpg,0
image_16564.jpg,1
image_16565.jpg,1
image_16566.jpg,1
image_16567.jpg,0
image_16568.jpg,0
image_16569.jpg,1
image_16570.jpg,1
image_16571.jpg,1
image_16572.jpg,0
image_16573.jpg,1
image_16574.jpg,1
image_16575.jpg,0
image_16576.jpg,1
image_16577.jpg,1
image_16578.jpg,1
image_16579.jpg,0
image_16580.jpg,1
image_16581.jpg,0
image_16582.jpg,1
image_16583.jpg,0
image_16584.jpg,1
image_16585.jpg,1
image_16586.jpg,1
image_16587.jpg,1
image_16588.jpg,1
image_16589.jpg,1
image_16590.jpg,0
image_16591.jpg,1
image_16592.jpg,0
image_16593.jpg,1
image_16594.jpg,1
image_16595.jpg,1
image_16596.jpg,1
image_16597.jpg,1
image_16598.jpg,1
image_16599.jpg,0
image_16600.jpg,1
image_16601.jpg,1
image_16602.jpg,0
image_16603.jpg,1
image_16604.jpg,1
image_16605.jpg,1
image_16606.jpg,1
image_16607.jpg,1
image_16608.jpg,0
image_16609.jpg,1
image_16610.jpg,1
image_16611.jpg,1
image_16612.jpg,1
image_16613.jpg,1
image_16614.jpg,1
image_16615.jpg,0
image_16616.jpg,1
image_16617.jpg,0
image_16618.jpg,1
image_16619.jpg,0
image_16620.jpg,1
image_16621.jpg,1
image_16622.jpg,0
image_16623.jpg,1
image_16624.jpg,1
image_16625.jpg,1
image_16626.jpg,1
image_16627.jpg,1
image_16628.jpg,1
image_16629.jpg,1
image_16630.jpg,1
image_16631.jpg,0
image_16632.jpg,1
image_16633.jpg,1
image_16634.jpg,1
image_16635.jpg,1
image_16636.jpg,1
image_16637.jpg,1
image_16638.jpg,1
image_16639.jpg,1
image_16640.jpg,1
image_16641.jpg,1
image_16642.jpg,1
image_16643.jpg,1
image_16644.jpg,1
image_16645.jpg,0
image_16646.jpg,0
image_16647.jpg,1
image_16648.jpg,0
image_16649.jpg,1
image_16650.jpg,1
image_16651.jpg,1
image_16652.jpg,1
image_16653.jpg,1
image_16654.jpg,1
image_16655.jpg,1
image_16656.jpg,0
image_16657.jpg,1
image_16658.jpg,1
image_16659.jpg,1
image_16660.jpg,0
image_16661.jpg,1
image_16662.jpg,1
image_16663.jpg,1
image_16664.jpg,1
image_16665.jpg,1
image_16666.jpg,0
image_16667.jpg,1
image_16668.jpg,1
image_16669.jpg,1
image_16670.jpg,1
image_16671.jpg,0
image_16672.jpg,1
image_16673.jpg,1
image_16674.jpg,1
image_16675.jpg,1
image_16676.jpg,0
image_16677.jpg,1
image_16678.jpg,1
image_16679.jpg,1
image_16680.jpg,1
image_16681.jpg,0
image_16682.jpg,1
image_16683.jpg,1
image_16684.jpg,0
image_16685.jpg,0
image_16686.jpg,1
image_16687.jpg,1
image_16688.jpg,0
image_16689.jpg,0
image_16690.jpg,1
image_16691.jpg,1
image_16692.jpg,1
image_16693.jpg,1
image_16694.jpg,1
image_16695.jpg,1
image_16696.jpg,0
image_16697.jpg,1
image_16698.jpg,0
image_16699.jpg,0
image_16700.jpg,0
image_16701.jpg,1
image_16702.jpg,1
image_16703.jpg,1
image_16704.jpg,0
image_16705.jpg,0
image_16706.jpg,1
image_16707.jpg,1
image_16708.jpg,1
image_16709.jpg,0
image_16710.jpg,0
image_16711.jpg,1
image_16712.jpg,1
image_16713.jpg,1
image_16714.jpg,1
image_16715.jpg,1
image_16716.jpg,1
image_16717.jpg,0
image_16718.jpg,1
image_16719.jpg,0
image_16720.jpg,1
image_16721.jpg,1
image_16722.jpg,1
image_16723.jpg,1
image_16724.jpg,0
image_16725.jpg,1
image_16726.jpg,1
image_16727.jpg,1
image_16728.jpg,1
image_16729.jpg,1
image_16730.jpg,0
image_16731.jpg,1
image_16732.jpg,1
image_16733.jpg,1
image_16734.jpg,1
image_16735.jpg,1
image_16736.jpg,1
image_16737.jpg,1
image_16738.jpg,1
image_16739.jpg,0
image_16740.jpg,0
image_16741.jpg,1
image_16742.jpg,1
image_16743.jpg,1
image_16744.jpg,1
image_16745.jpg,0
image_16746.jpg,1
image_16747.jpg,1
image_16748.jpg,0
image_16749.jpg,1
image_16750.jpg,0
image_16751.jpg,1
image_16752.jpg,1
image_16753.jpg,1
image_16754.jpg,1
image_16755.jpg,1
image_16756.jpg,1
image_16757.jpg,0
image_16758.jpg,0
image_16759.jpg,0
image_16760.jpg,0
image_16761.jpg,1
image_16762.jpg,0
image_16763.jpg,0
image_16764.jpg,0
image_16765.jpg,1
image_16766.jpg,1
image_16767.jpg,1
image_16768.jpg,1
image_16769.jpg,0
image_16770.jpg,0
image_16771.jpg,1
image_16772.jpg,0
image_16773.jpg,1
image_16774.jpg,1
image_16775.jpg,1
image_16776.jpg,1
image_16777.jpg,0
image_16778.jpg,0
image_16779.jpg,1
image_16780.jpg,1
image_16781.jpg,1
image_16782.jpg,1
image_16783.jpg,1
image_16784.jpg,1
image_16785.jpg,1
image_16786.jpg,1
image_16787.jpg,1
image_16788.jpg,1
image_16789.jpg,1
image_16790.jpg,1
image_16791.jpg,1
image_16792.jpg,1
image_16793.jpg,1
image_16794.jpg,1
image_16795.jpg,0
image_16796.jpg,1
image_16797.jpg,1
image_16798.jpg,1
image_16799.jpg,1
image_16800.jpg,0
image_16801.jpg,0
image_16802.jpg,1
image_16803.jpg,1
image_16804.jpg,1
image_16805.jpg,1
image_16806.jpg,0
image_16807.jpg,0
image_16808.jpg,1
image_16809.jpg,1
image_16810.jpg,1
image_16811.jpg,1
image_16812.jpg,0
image_16813.jpg,1
image_16814.jpg,1
image_16815.jpg,0
image_16816.jpg,1
image_16817.jpg,0
image_16818.jpg,1
image_16819.jpg,1
image_16820.jpg,1
image_16821.jpg,1
image_16822.jpg,1
image_16823.jpg,1
image_16824.jpg,1
image_16825.jpg,1
image_16826.jpg,1
image_16827.jpg,1
image_16828.jpg,1
image_16829.jpg,1
image_16830.jpg,1
image_16831.jpg,1
image_16832.jpg,0
image_16833.jpg,1
image_16834.jpg,1
image_16835.jpg,1
image_16836.jpg,1
image_16837.jpg,0
image_16838.jpg,0
image_16839.jpg,1
image_16840.jpg,0
image_16841.jpg,1
image_16842.jpg,1
image_16843.jpg,1
image_16844.jpg,0
image_16845.jpg,1
image_16846.jpg,1
image_16847.jpg,1
image_16848.jpg,0
image_16849.jpg,1
image_16850.jpg,1
image_16851.jpg,0
image_16852.jpg,0
image_16853.jpg,1
image_16854.jpg,1
image_16855.jpg,1
image_16856.jpg,0
image_16857.jpg,0
image_16858.jpg,0
image_16859.jpg,1
image_16860.jpg,0
image_16861.jpg,1
image_16862.jpg,1
image_16863.jpg,1
image_16864.jpg,1
image_16865.jpg,0
image_16866.jpg,1
image_16867.jpg,0
image_16868.jpg,1
image_16869.jpg,0
image_16870.jpg,1
image_16871.jpg,0
image_16872.jpg,1
image_16873.jpg,1
image_16874.jpg,1
image_16875.jpg,0
image_16876.jpg,1
image_16877.jpg,1
image_16878.jpg,1
image_16879.jpg,1
image_16880.jpg,1
image_16881.jpg,0
image_16882.jpg,0
image_16883.jpg,0
image_16884.jpg,1
image_16885.jpg,1
image_16886.jpg,0
image_16887.jpg,1
image_16888.jpg,0
image_16889.jpg,1
image_16890.jpg,0
image_16891.jpg,0
image_16892.jpg,1
image_16893.jpg,1
image_16894.jpg,1
image_16895.jpg,1
image_16896.jpg,1
image_16897.jpg,1
image_16898.jpg,1
image_16899.jpg,0
image_16900.jpg,1
image_16901.jpg,1
image_16902.jpg,1
image_16903.jpg,1
image_16904.jpg,1
image_16905.jpg,1
image_16906.jpg,1
image_16907.jpg,1
image_16908.jpg,1
image_16909.jpg,0
image_16910.jpg,0
image_16911.jpg,1
image_16912.jpg,1
image_16913.jpg,1
image_16914.jpg,1
image_16915.jpg,1
image_16916.jpg,0
image_16917.jpg,0
image_16918.jpg,1
image_16919.jpg,0
image_16920.jpg,1
image_16921.jpg,1
image_16922.jpg,1
image_16923.jpg,1
image_16924.jpg,0
image_16925.jpg,1
image_16926.jpg,1
image_16927.jpg,1
image_16928.jpg,1
image_16929.jpg,0
image_16930.jpg,1
image_16931.jpg,0
image_16932.jpg,1
image_16933.jpg,1
image_16934.jpg,0
image_16935.jpg,0
image_16936.jpg,1
image_16937.jpg,1
image_16938.jpg,1
image_16939.jpg,1
image_16940.jpg,0
image_16941.jpg,1
image_16942.jpg,0
image_16943.jpg,0
image_16944.jpg,1
image_16945.jpg,1
image_16946.jpg,1
image_16947.jpg,1
image_16948.jpg,1
image_16949.jpg,1
image_16950.jpg,1
image_16951.jpg,1
image_16952.jpg,1
image_16953.jpg,1
image_16954.jpg,1
image_16955.jpg,1
image_16956.jpg,0
image_16957.jpg,1
image_16958.jpg,1
image_16959.jpg,0
image_16960.jpg,1
image_16961.jpg,1
image_16962.jpg,1
image_16963.jpg,1
image_16964.jpg,1
image_16965.jpg,0
image_16966.jpg,1
image_16967.jpg,1
image_16968.jpg,0
image_16969.jpg,1
image_16970.jpg,1
image_16971.jpg,0
image_16972.jpg,1
image_16973.jpg,1
image_16974.jpg,0
image_16975.jpg,1
image_16976.jpg,1
image_16977.jpg,1
image_16978.jpg,1
image_16979.jpg,1
image_16980.jpg,1
image_16981.jpg,1
image_16982.jpg,0
image_16983.jpg,1
image_16984.jpg,1
image_16985.jpg,1
image_16986.jpg,0
image_16987.jpg,1
image_16988.jpg,1
image_16989.jpg,1
image_16990.jpg,1
image_16991.jpg,1
image_16992.jpg,1
image_16993.jpg,1
image_16994.jpg,1
image_16995.jpg,1
image_16996.jpg,1
image_16997.jpg,1
image_16998.jpg,1
image_16999.jpg,1
image_17000.jpg,1
image_17001.jpg,1
image_17002.jpg,1
image_17003.jpg,0
image_17004.jpg,0
image_17005.jpg,0
image_17006.jpg,1
image_17007.jpg,1
image_17008.jpg,0
image_17009.jpg,0
image_17010.jpg,1
image_17011.jpg,0
image_17012.jpg,1
image_17013.jpg,1
image_17014.jpg,0
image_17015.jpg,0
image_17016.jpg,1
image_17017.jpg,1
image_17018.jpg,0
image_17019.jpg,1
image_17020.jpg,1
image_17021.jpg,1
image_17022.jpg,1
image_17023.jpg,1
image_17024.jpg,0
image_17025.jpg,0
image_17026.jpg,0
image_17027.jpg,1
image_17028.jpg,0
image_17029.jpg,1
image_17030.jpg,0
image_17031.jpg,1
image_17032.jpg,1
image_17033.jpg,0
image_17034.jpg,1
image_17035.jpg,1
image_17036.jpg,0
image_17037.jpg,1
image_17038.jpg,0
image_17039.jpg,1
image_17040.jpg,1
image_17041.jpg,1
image_17042.jpg,1
image_17043.jpg,1
image_17044.jpg,0
image_17045.jpg,0
image_17046.jpg,0
image_17047.jpg,1
image_17048.jpg,0
image_17049.jpg,0
image_17050.jpg,1
image_17051.jpg,1
image_17052.jpg,1
image_17053.jpg,1
image_17054.jpg,0
image_17055.jpg,1
image_17056.jpg,1
image_17057.jpg,1
image_17058.jpg,1
image_17059.jpg,0
image_17060.jpg,1
image_17061.jpg,1
image_17062.jpg,0
image_17063.jpg,0
image_17064.jpg,1
image_17065.jpg,0
image_17066.jpg,1
image_17067.jpg,1
image_17068.jpg,1
image_17069.jpg,0
image_17070.jpg,0
image_17071.jpg,1
image_17072.jpg,0
image_17073.jpg,1
image_17074.jpg,1
image_17075.jpg,1
image_17076.jpg,0
image_17077.jpg,0
image_17078.jpg,0
image_17079.jpg,1
image_17080.jpg,0
image_17081.jpg,1
image_17082.jpg,1
image_17083.jpg,1
image_17084.jpg,1
image_17085.jpg,0
image_17086.jpg,1
image_17087.jpg,1
image_17088.jpg,1
image_17089.jpg,1
image_17090.jpg,1
image_17091.jpg,1
image_17092.jpg,1
image_17093.jpg,0
image_17094.jpg,1
image_17095.jpg,1
image_17096.jpg,1
image_17097.jpg,0
image_17098.jpg,1
image_17099.jpg,0
image_17100.jpg,0
image_17101.jpg,0
image_17102.jpg,1
image_17103.jpg,1
image_17104.jpg,0
image_17105.jpg,1
image_17106.jpg,1
image_17107.jpg,0
image_17108.jpg,1
image_17109.jpg,0
image_17110.jpg,0
image_17111.jpg,0
image_17112.jpg,1
image_17113.jpg,1
image_17114.jpg,1
image_17115.jpg,0
image_17116.jpg,1
image_17117.jpg,0
image_17118.jpg,1
image_17119.jpg,1
image_17120.jpg,0
image_17121.jpg,1
image_17122.jpg,1
image_17123.jpg,1
image_17124.jpg,0
image_17125.jpg,0
image_17126.jpg,0
image_17127.jpg,1
image_17128.jpg,1
image_17129.jpg,1
image_17130.jpg,1
image_17131.jpg,0
image_17132.jpg,1
image_17133.jpg,1
image_17134.jpg,1
image_17135.jpg,1
image_17136.jpg,1
image_17137.jpg,0
image_17138.jpg,0
image_17139.jpg,0
image_17140.jpg,0
image_17141.jpg,1
image_17142.jpg,0
image_17143.jpg,1
image_17144.jpg,1
image_17145.jpg,0
image_17146.jpg,1
image_17147.jpg,1
image_17148.jpg,0
image_17149.jpg,1
image_17150.jpg,1
image_17151.jpg,1
image_17152.jpg,1
image_17153.jpg,1
image_17154.jpg,1
image_17155.jpg,0
image_17156.jpg,1
image_17157.jpg,1
image_17158.jpg,1
image_17159.jpg,1
image_17160.jpg,1
image_17161.jpg,1
image_17162.jpg,1
image_17163.jpg,0
image_17164.jpg,1
image_17165.jpg,1
image_17166.jpg,1
image_17167.jpg,0
image_17168.jpg,1
image_17169.jpg,1
image_17170.jpg,1
image_17171.jpg,1
image_17172.jpg,1
image_17173.jpg,1
image_17174.jpg,0
image_17175.jpg,1
image_17176.jpg,1
image_17177.jpg,1
image_17178.jpg,1
image_17179.jpg,1
image_17180.jpg,1
image_17181.jpg,1
image_17182.jpg,1
image_17183.jpg,1
image_17184.jpg,1
image_17185.jpg,1
image_17186.jpg,0
image_17187.jpg,1
image_17188.jpg,1
image_17189.jpg,1
image_17190.jpg,0
image_17191.jpg,0
image_17192.jpg,1
image_17193.jpg,1
image_17194.jpg,1
image_17195.jpg,1
image_17196.jpg,1
image_17197.jpg,1
image_17198.jpg,0
image_17199.jpg,0
image_17200.jpg,0
image_17201.jpg,0
image_17202.jpg,1
image_17203.jpg,1
image_17204.jpg,1
image_17205.jpg,1
image_17206.jpg,1
image_17207.jpg,1
image_17208.jpg,0
image_17209.jpg,1
image_17210.jpg,0
image_17211.jpg,0
image_17212.jpg,1
image_17213.jpg,1
image_17214.jpg,1
image_17215.jpg,1
image_17216.jpg,1
image_17217.jpg,1
image_17218.jpg,1
image_17219.jpg,0
image_17220.jpg,1
image_17221.jpg,1
image_17222.jpg,0
image_17223.jpg,0
image_17224.jpg,0
image_17225.jpg,1
image_17226.jpg,1
image_17227.jpg,1
image_17228.jpg,1
image_17229.jpg,0
image_17230.jpg,1
image_17231.jpg,1
image_17232.jpg,0
image_17233.jpg,1
image_17234.jpg,1
image_17235.jpg,0
image_17236.jpg,1
image_17237.jpg,1
image_17238.jpg,1
image_17239.jpg,1
image_17240.jpg,1
image_17241.jpg,0
image_17242.jpg,1
image_17243.jpg,1
image_17244.jpg,0
image_17245.jpg,0
image_17246.jpg,0
image_17247.jpg,0
image_17248.jpg,1
image_17249.jpg,1
image_17250.jpg,1
image_17251.jpg,1
image_17252.jpg,0
image_17253.jpg,0
image_17254.jpg,0
image_17255.jpg,1
image_17256.jpg,1
image_17257.jpg,0
image_17258.jpg,1
image_17259.jpg,1
image_17260.jpg,0
image_17261.jpg,1
image_17262.jpg,1
image_17263.jpg,1
image_17264.jpg,1
image_17265.jpg,1
image_17266.jpg,1
image_17267.jpg,1
image_17268.jpg,1
image_17269.jpg,1
image_17270.jpg,0
image_17271.jpg,1
image_17272.jpg,1
image_17273.jpg,1
image_17274.jpg,0
image_17275.jpg,1
image_17276.jpg,0
image_17277.jpg,0
image_17278.jpg,1
image_17279.jpg,1
image_17280.jpg,1
image_17281.jpg,0
image_17282.jpg,1
image_17283.jpg,1
image_17284.jpg,1
image_17285.jpg,0
image_17286.jpg,1
image_17287.jpg,1
image_17288.jpg,1
image_17289.jpg,1
image_17290.jpg,1
image_17291.jpg,1
image_17292.jpg,0
image_17293.jpg,1
image_17294.jpg,1
image_17295.jpg,1
image_17296.jpg,1
image_17297.jpg,1
image_17298.jpg,1
image_17299.jpg,0
image_17300.jpg,1
image_17301.jpg,1
image_17302.jpg,1
image_17303.jpg,1
image_17304.jpg,1
image_17305.jpg,0
image_17306.jpg,0
image_17307.jpg,1
image_17308.jpg,0
image_17309.jpg,1
image_17310.jpg,0
image_17311.jpg,1
image_17312.jpg,0
image_17313.jpg,1
image_17314.jpg,1
image_17315.jpg,0
image_17316.jpg,1
image_17317.jpg,1
image_17318.jpg,0
image_17319.jpg,0
image_17320.jpg,1
image_17321.jpg,1
image_17322.jpg,1
image_17323.jpg,1
image_17324.jpg,1
image_17325.jpg,1
image_17326.jpg,0
image_17327.jpg,0
image_17328.jpg,1
image_17329.jpg,1
image_17330.jpg,1
image_17331.jpg,1
image_17332.jpg,1
image_17333.jpg,1
image_17334.jpg,0
image_17335.jpg,1
image_17336.jpg,1
image_17337.jpg,0
image_17338.jpg,1
image_17339.jpg,1
image_17340.jpg,1
image_17341.jpg,0
image_17342.jpg,1
image_17343.jpg,1
image_17344.jpg,1
image_17345.jpg,1
image_17346.jpg,0
image_17347.jpg,1
image_17348.jpg,0
image_17349.jpg,0
image_17350.jpg,0
image_17351.jpg,0
image_17352.jpg,0
image_17353.jpg,1
image_17354.jpg,1
image_17355.jpg,1
image_17356.jpg,1
image_17357.jpg,1
image_17358.jpg,0
image_17359.jpg,0
image_17360.jpg,1
image_17361.jpg,0
image_17362.jpg,1
image_17363.jpg,1
image_17364.jpg,1
image_17365.jpg,1
image_17366.jpg,1
image_17367.jpg,1
image_17368.jpg,1
image_17369.jpg,0
image_17370.jpg,1
image_17371.jpg,1
image_17372.jpg,0
image_17373.jpg,1
image_17374.jpg,1
image_17375.jpg,1
image_17376.jpg,1
image_17377.jpg,0
image_17378.jpg,1
image_17379.jpg,0
image_17380.jpg,0
image_17381.jpg,1
image_17382.jpg,0
image_17383.jpg,1
image_17384.jpg,0
image_17385.jpg,1
image_17386.jpg,0
image_17387.jpg,1
image_17388.jpg,1
image_17389.jpg,1
image_17390.jpg,1
image_17391.jpg,0
image_17392.jpg,1
image_17393.jpg,1
image_17394.jpg,1
image_17395.jpg,1
image_17396.jpg,0
image_17397.jpg,1
image_17398.jpg,1
image_17399.jpg,1
image_17400.jpg,1
image_17401.jpg,1
image_17402.jpg,0
image_17403.jpg,1
image_17404.jpg,0
image_17405.jpg,0
image_17406.jpg,1
image_17407.jpg,1
image_17408.jpg,0
image_17409.jpg,1
image_17410.jpg,1
image_17411.jpg,1
image_17412.jpg,1
image_17413.jpg,0
image_17414.jpg,1
image_17415.jpg,0
image_17416.jpg,1
image_17417.jpg,1
image_17418.jpg,1
image_17419.jpg,1
image_17420.jpg,1
image_17421.jpg,1
image_17422.jpg,0
image_17423.jpg,1
image_17424.jpg,1
image_17425.jpg,1
image_17426.jpg,1
image_17427.jpg,1
image_17428.jpg,0
image_17429.jpg,0
image_17430.jpg,1
image_17431.jpg,1
image_17432.jpg,0
image_17433.jpg,0
image_17434.jpg,1
image_17435.jpg,0
image_17436.jpg,1
image_17437.jpg,0
image_17438.jpg,1
image_17439.jpg,0
image_17440.jpg,1
image_17441.jpg,1
image_17442.jpg,0
image_17443.jpg,1
image_17444.jpg,1
image_17445.jpg,1
image_17446.jpg,1
image_17447.jpg,1
image_17448.jpg,1
image_17449.jpg,1
image_17450.jpg,1
image_17451.jpg,1
image_17452.jpg,1
image_17453.jpg,0
image_17454.jpg,1
image_17455.jpg,0
image_17456.jpg,1
image_17457.jpg,0
image_17458.jpg,1
image_17459.jpg,0
image_17460.jpg,0
image_17461.jpg,1
image_17462.jpg,1
image_17463.jpg,1
image_17464.jpg,0
image_17465.jpg,1
image_17466.jpg,1
image_17467.jpg,1
image_17468.jpg,0
image_17469.jpg,1
image_17470.jpg,1
image_17471.jpg,0
image_17472.jpg,0
image_17473.jpg,1
image_17474.jpg,0
image_17475.jpg,1
image_17476.jpg,1
image_17477.jpg,1
image_17478.jpg,1
image_17479.jpg,1
image_17480.jpg,1
image_17481.jpg,1
image_17482.jpg,1
image_17483.jpg,1
image_17484.jpg,1
image_17485.jpg,0
image_17486.jpg,0
image_17487.jpg,0
image_17488.jpg,1
image_17489.jpg,1
image_17490.jpg,1
image_17491.jpg,0
image_17492.jpg,0
image_17493.jpg,1
image_17494.jpg,1
image_17495.jpg,1
image_17496.jpg,1
image_17497.jpg,1
image_17498.jpg,1
image_17499.jpg,1
image_17500.jpg,1
image_17501.jpg,0
image_17502.jpg,1
image_17503.jpg,0
image_17504.jpg,0
image_17505.jpg,1
image_17506.jpg,0
image_17507.jpg,1
image_17508.jpg,0
image_17509.jpg,1
image_17510.jpg,1
image_17511.jpg,0
image_17512.jpg,0
image_17513.jpg,1
image_17514.jpg,0
image_17515.jpg,0
image_17516.jpg,0
image_17517.jpg,0
image_17518.jpg,1
image_17519.jpg,0
image_17520.jpg,1
image_17521.jpg,1
image_17522.jpg,1
image_17523.jpg,1
image_17524.jpg,1
image_17525.jpg,0
image_17526.jpg,1
image_17527.jpg,0
image_17528.jpg,1
image_17529.jpg,1
image_17530.jpg,0
image_17531.jpg,1
image_17532.jpg,1
image_17533.jpg,1
image_17534.jpg,1
image_17535.jpg,1
image_17536.jpg,0
image_17537.jpg,0
image_17538.jpg,1
image_17539.jpg,1
image_17540.jpg,1
image_17541.jpg,1
image_17542.jpg,1
image_17543.jpg,1
image_17544.jpg,0
image_17545.jpg,0
image_17546.jpg,0
image_17547.jpg,0
image_17548.jpg,0
image_17549.jpg,1
image_17550.jpg,0
image_17551.jpg,1
image_17552.jpg,1
image_17553.jpg,1
image_17554.jpg,0
image_17555.jpg,1
image_17556.jpg,1
image_17557.jpg,1
image_17558.jpg,0
image_17559.jpg,0
image_17560.jpg,1
image_17561.jpg,1
image_17562.jpg,1
image_17563.jpg,1
image_17564.jpg,0
image_17565.jpg,1
image_17566.jpg,1
image_17567.jpg,1
image_17568.jpg,1
image_17569.jpg,1
image_17570.jpg,1
image_17571.jpg,0
image_17572.jpg,0
image_17573.jpg,1
image_17574.jpg,1
image_17575.jpg,1
image_17576.jpg,1
image_17577.jpg,0
image_17578.jpg,1
image_17579.jpg,1
image_17580.jpg,1
image_17581.jpg,1
image_17582.jpg,0
image_17583.jpg,0
image_17584.jpg,1
image_17585.jpg,1
image_17586.jpg,1
image_17587.jpg,1
image_17588.jpg,0
image_17589.jpg,1
image_17590.jpg,0
image_17591.jpg,1
image_17592.jpg,1
image_17593.jpg,1
image_17594.jpg,1
image_17595.jpg,1
image_17596.jpg,1
image_17597.jpg,1
image_17598.jpg,1
image_17599.jpg,0
image_17600.jpg,0
image_17601.jpg,0
image_17602.jpg,1
image_17603.jpg,1
image_17604.jpg,0
image_17605.jpg,0
image_17606.jpg,0
image_17607.jpg,1
image_17608.jpg,1
image_17609.jpg,1
image_17610.jpg,1
image_17611.jpg,1
image_17612.jpg,0
image_17613.jpg,0
image_17614.jpg,1
image_17615.jpg,1
image_17616.jpg,1
image_17617.jpg,0
image_17618.jpg,0
image_17619.jpg,1
image_17620.jpg,1
image_17621.jpg,1
image_17622.jpg,0
image_17623.jpg,1
image_17624.jpg,0
image_17625.jpg,1
image_17626.jpg,1
image_17627.jpg,1
image_17628.jpg,1
image_17629.jpg,1
image_17630.jpg,1
image_17631.jpg,1
image_17632.jpg,1
image_17633.jpg,1
image_17634.jpg,0
image_17635.jpg,1
image_17636.jpg,1
image_17637.jpg,0
image_17638.jpg,1
image_17639.jpg,1
image_17640.jpg,1
image_17641.jpg,1
image_17642.jpg,1
image_17643.jpg,0
image_17644.jpg,1
image_17645.jpg,1
image_17646.jpg,0
image_17647.jpg,1
image_17648.jpg,1
image_17649.jpg,1
image_17650.jpg,1
image_17651.jpg,1
image_17652.jpg,0
image_17653.jpg,0
image_17654.jpg,1
image_17655.jpg,0
image_17656.jpg,1
image_17657.jpg,0
image_17658.jpg,1
image_17659.jpg,1
image_17660.jpg,1
image_17661.jpg,1
image_17662.jpg,1
image_17663.jpg,1
image_17664.jpg,1
image_17665.jpg,0
image_17666.jpg,1
image_17667.jpg,1
image_17668.jpg,1
image_17669.jpg,1
image_17670.jpg,1
image_17671.jpg,1
image_17672.jpg,1
image_17673.jpg,0
image_17674.jpg,0
image_17675.jpg,0
image_17676.jpg,1
image_17677.jpg,0
image_17678.jpg,1
image_17679.jpg,0
image_17680.jpg,1
image_17681.jpg,1
image_17682.jpg,0
image_17683.jpg,1
image_17684.jpg,1
image_17685.jpg,1
image_17686.jpg,0
image_17687.jpg,1
image_17688.jpg,1
image_17689.jpg,1
image_17690.jpg,1
image_17691.jpg,1
image_17692.jpg,1
image_17693.jpg,1
image_17694.jpg,1
image_17695.jpg,1
image_17696.jpg,1
image_17697.jpg,1
image_17698.jpg,1
image_17699.jpg,0
image_17700.jpg,0
image_17701.jpg,1
image_17702.jpg,0
image_17703.jpg,0
image_17704.jpg,0
image_17705.jpg,1
image_17706.jpg,1
image_17707.jpg,0
image_17708.jpg,1
image_17709.jpg,0
image_17710.jpg,1
image_17711.jpg,1
image_17712.jpg,1
image_17713.jpg,0
image_17714.jpg,0
image_17715.jpg,1
image_17716.jpg,0
image_17717.jpg,0
image_17718.jpg,1
image_17719.jpg,1
image_17720.jpg,0
image_17721.jpg,1
image_17722.jpg,0
image_17723.jpg,0
image_17724.jpg,0
image_17725.jpg,1
image_17726.jpg,1
image_17727.jpg,0
image_17728.jpg,1
image_17729.jpg,1
image_17730.jpg,0
image_17731.jpg,1
image_17732.jpg,1
image_17733.jpg,1
image_17734.jpg,1
image_17735.jpg,1
image_17736.jpg,1
image_17737.jpg,1
image_17738.jpg,0
image_17739.jpg,1
image_17740.jpg,1
image_17741.jpg,1
image_17742.jpg,1
image_17743.jpg,1
image_17744.jpg,1
image_17745.jpg,0
image_17746.jpg,1
image_17747.jpg,0
image_17748.jpg,1
image_17749.jpg,0
image_17750.jpg,1
image_17751.jpg,0
image_17752.jpg,1
image_17753.jpg,1
image_17754.jpg,1
image_17755.jpg,0
image_17756.jpg,1
image_17757.jpg,0
image_17758.jpg,0
image_17759.jpg,1
image_17760.jpg,0
image_17761.jpg,0
image_17762.jpg,0
image_17763.jpg,0
image_17764.jpg,0
image_17765.jpg,1
image_17766.jpg,0
image_17767.jpg,0
image_17768.jpg,1
image_17769.jpg,1
image_17770.jpg,1
image_17771.jpg,1
image_17772.jpg,0
image_17773.jpg,1
image_17774.jpg,1
image_17775.jpg,1
image_17776.jpg,1
image_17777.jpg,1
image_17778.jpg,0
image_17779.jpg,1
image_17780.jpg,0
image_17781.jpg,0
image_17782.jpg,0
image_17783.jpg,0
image_17784.jpg,0
image_17785.jpg,1
image_17786.jpg,1
image_17787.jpg,1
image_17788.jpg,1
image_17789.jpg,1
image_17790.jpg,1
image_17791.jpg,1
image_17792.jpg,0
image_17793.jpg,0
image_17794.jpg,1
image_17795.jpg,1
image_17796.jpg,0
image_17797.jpg,0
image_17798.jpg,0
image_17799.jpg,1
image_17800.jpg,1
image_17801.jpg,0
image_17802.jpg,1
image_17803.jpg,0
image_17804.jpg,1
image_17805.jpg,0
image_17806.jpg,0
image_17807.jpg,1
image_17808.jpg,0
image_17809.jpg,0
image_17810.jpg,0
image_17811.jpg,0
image_17812.jpg,1
image_17813.jpg,1
image_17814.jpg,1
image_17815.jpg,1
image_17816.jpg,0
image_17817.jpg,1
image_17818.jpg,1
image_17819.jpg,0
image_17820.jpg,1
image_17821.jpg,0
image_17822.jpg,1
image_17823.jpg,1
image_17824.jpg,1
image_17825.jpg,1
image_17826.jpg,1
image_17827.jpg,1
image_17828.jpg,1
image_17829.jpg,0
image_17830.jpg,1
image_17831.jpg,0
image_17832.jpg,1
image_17833.jpg,1
image_17834.jpg,1
image_17835.jpg,1
image_17836.jpg,1
image_17837.jpg,0
image_17838.jpg,1
image_17839.jpg,1
image_17840.jpg,1
image_17841.jpg,1
image_17842.jpg,1
image_17843.jpg,1
image_17844.jpg,1
image_17845.jpg,1
image_17846.jpg,1
image_17847.jpg,1
image_17848.jpg,1
image_17849.jpg,1
image_17850.jpg,1
image_17851.jpg,1
image_17852.jpg,1
image_17853.jpg,1
image_17854.jpg,0
image_17855.jpg,1
image_17856.jpg,1
image_17857.jpg,1
image_17858.jpg,1
image_17859.jpg,1
image_17860.jpg,1
image_17861.jpg,1
image_17862.jpg,1
image_17863.jpg,0
image_17864.jpg,0
image_17865.jpg,0
image_17866.jpg,0
image_17867.jpg,1
image_17868.jpg,1
image_17869.jpg,0
image_17870.jpg,1
image_17871.jpg,1
image_17872.jpg,1
image_17873.jpg,0
image_17874.jpg,0
image_17875.jpg,1
image_17876.jpg,1
image_17877.jpg,1
image_17878.jpg,1
image_17879.jpg,1
image_17880.jpg,1
image_17881.jpg,1
image_17882.jpg,1
image_17883.jpg,1
image_17884.jpg,1
image_17885.jpg,1
image_17886.jpg,1
image_17887.jpg,1
image_17888.jpg,0
image_17889.jpg,1
image_17890.jpg,1
image_17891.jpg,1
image_17892.jpg,1
image_17893.jpg,1
image_17894.jpg,1
image_17895.jpg,1
image_17896.jpg,1
image_17897.jpg,0
image_17898.jpg,1
image_17899.jpg,1
image_17900.jpg,0
image_17901.jpg,0
image_17902.jpg,1
image_17903.jpg,1
image_17904.jpg,1
image_17905.jpg,1
image_17906.jpg,1
image_17907.jpg,1
image_17908.jpg,0
image_17909.jpg,0
image_17910.jpg,1
image_17911.jpg,1
image_17912.jpg,1
image_17913.jpg,0
image_17914.jpg,1
image_17915.jpg,1
image_17916.jpg,1
image_17917.jpg,1
image_17918.jpg,1
image_17919.jpg,1
image_17920.jpg,1
image_17921.jpg,1
image_17922.jpg,0
image_17923.jpg,1
image_17924.jpg,1
image_17925.jpg,0
image_17926.jpg,0
image_17927.jpg,1
image_17928.jpg,1
image_17929.jpg,0
image_17930.jpg,1
image_17931.jpg,1
image_17932.jpg,1
image_17933.jpg,1
image_17934.jpg,0
image_17935.jpg,1
image_17936.jpg,1
image_17937.jpg,0
image_17938.jpg,1
image_17939.jpg,0
image_17940.jpg,0
image_17941.jpg,1
image_17942.jpg,1
image_17943.jpg,0
image_17944.jpg,1
image_17945.jpg,1
image_17946.jpg,1
image_17947.jpg,1
image_17948.jpg,1
image_17949.jpg,1
image_17950.jpg,0
image_17951.jpg,1
image_17952.jpg,1
image_17953.jpg,0
image_17954.jpg,0
image_17955.jpg,1
image_17956.jpg,0
image_17957.jpg,1
image_17958.jpg,0
image_17959.jpg,1
image_17960.jpg,1
image_17961.jpg,0
image_17962.jpg,1
image_17963.jpg,1
image_17964.jpg,1
image_17965.jpg,0
image_17966.jpg,0
image_17967.jpg,0
image_17968.jpg,0
image_17969.jpg,0
image_17970.jpg,0
image_17971.jpg,0
image_17972.jpg,0
image_17973.jpg,1
image_17974.jpg,1
image_17975.jpg,1
image_17976.jpg,1
image_17977.jpg,1
image_17978.jpg,1
image_17979.jpg,1
image_17980.jpg,0
image_17981.jpg,0
image_17982.jpg,1
image_17983.jpg,0
image_17984.jpg,0
image_17985.jpg,1
image_17986.jpg,1
image_17987.jpg,1
image_17988.jpg,1
image_17989.jpg,0
image_17990.jpg,1
image_17991.jpg,0
image_17992.jpg,0
image_17993.jpg,1
image_17994.jpg,1
image_17995.jpg,1
image_17996.jpg,0
image_17997.jpg,1
image_17998.jpg,1
image_17999.jpg,0
image_18000.jpg,0
image_18001.jpg,1
image_18002.jpg,1
image_18003.jpg,1
image_18004.jpg,1
image_18005.jpg,1
image_18006.jpg,0
image_18007.jpg,0
image_18008.jpg,1
image_18009.jpg,0
image_18010.jpg,1
image_18011.jpg,1
image_18012.jpg,0
image_18013.jpg,1
image_18014.jpg,1
image_18015.jpg,1
image_18016.jpg,1
image_18017.jpg,1
image_18018.jpg,1
image_18019.jpg,1
image_18020.jpg,1
image_18021.jpg,1
image_18022.jpg,0
image_18023.jpg,1
image_18024.jpg,1
image_18025.jpg,1
image_18026.jpg,1
image_18027.jpg,1
image_18028.jpg,1
image_18029.jpg,1
image_18030.jpg,0
image_18031.jpg,1
image_18032.jpg,0
image_18033.jpg,1
image_18034.jpg,0
image_18035.jpg,1
image_18036.jpg,0
image_18037.jpg,1
image_18038.jpg,1
image_18039.jpg,0
image_18040.jpg,1
image_18041.jpg,1
image_18042.jpg,1
image_18043.jpg,0
image_18044.jpg,1
image_18045.jpg,1
image_18046.jpg,1
image_18047.jpg,1
image_18048.jpg,0
image_18049.jpg,1
image_18050.jpg,1
image_18051.jpg,1
image_18052.jpg,1
image_18053.jpg,1
image_18054.jpg,1
image_18055.jpg,1
image_18056.jpg,0
image_18057.jpg,0
image_18058.jpg,0
image_18059.jpg,1
image_18060.jpg,1
image_18061.jpg,1
image_18062.jpg,0
image_18063.jpg,1
image_18064.jpg,1
image_18065.jpg,0
image_18066.jpg,0
image_18067.jpg,1
image_18068.jpg,1
image_18069.jpg,0
image_18070.jpg,0
image_18071.jpg,1
image_18072.jpg,1
image_18073.jpg,0
image_18074.jpg,1
image_18075.jpg,1
image_18076.jpg,1
image_18077.jpg,1
image_18078.jpg,0
image_18079.jpg,0
image_18080.jpg,0
image_18081.jpg,0
image_18082.jpg,1
image_18083.jpg,1
image_18084.jpg,0
image_18085.jpg,0
image_18086.jpg,1
image_18087.jpg,1
image_18088.jpg,0
image_18089.jpg,1
image_18090.jpg,1
image_18091.jpg,1
image_18092.jpg,0
image_18093.jpg,0
image_18094.jpg,1
image_18095.jpg,1
image_18096.jpg,0
image_18097.jpg,1
image_18098.jpg,0
image_18099.jpg,1
image_18100.jpg,1
image_18101.jpg,1
image_18102.jpg,1
image_18103.jpg,0
image_18104.jpg,0
image_18105.jpg,0
image_18106.jpg,1
image_18107.jpg,1
image_18108.jpg,0
image_18109.jpg,1
image_18110.jpg,1
image_18111.jpg,1
image_18112.jpg,1
image_18113.jpg,1
image_18114.jpg,1
image_18115.jpg,1
image_18116.jpg,1
image_18117.jpg,0
image_18118.jpg,1
image_18119.jpg,1
image_18120.jpg,0
image_18121.jpg,1
image_18122.jpg,1
image_18123.jpg,1
image_18124.jpg,1
image_18125.jpg,1
image_18126.jpg,0
image_18127.jpg,1
image_18128.jpg,1
image_18129.jpg,0
image_18130.jpg,1
image_18131.jpg,0
image_18132.jpg,1
image_18133.jpg,1
image_18134.jpg,1
image_18135.jpg,1
image_18136.jpg,1
image_18137.jpg,1
image_18138.jpg,1
image_18139.jpg,0
image_18140.jpg,0
image_18141.jpg,1
image_18142.jpg,0
image_18143.jpg,1
image_18144.jpg,0
image_18145.jpg,1
image_18146.jpg,0
image_18147.jpg,0
image_18148.jpg,0
image_18149.jpg,1
image_18150.jpg,0
image_18151.jpg,0
image_18152.jpg,0
image_18153.jpg,1
image_18154.jpg,1
image_18155.jpg,1
image_18156.jpg,0
image_18157.jpg,0
image_18158.jpg,0
image_18159.jpg,1
image_18160.jpg,0
image_18161.jpg,1
image_18162.jpg,1
image_18163.jpg,1
image_18164.jpg,1
image_18165.jpg,1
image_18166.jpg,1
image_18167.jpg,1
image_18168.jpg,0
image_18169.jpg,0
image_18170.jpg,0
image_18171.jpg,1
image_18172.jpg,1
image_18173.jpg,1
image_18174.jpg,1
image_18175.jpg,1
image_18176.jpg,0
image_18177.jpg,1
image_18178.jpg,1
image_18179.jpg,0
image_18180.jpg,1
image_18181.jpg,0
image_18182.jpg,0
image_18183.jpg,1
image_18184.jpg,0
image_18185.jpg,1
image_18186.jpg,1
image_18187.jpg,0
image_18188.jpg,1
image_18189.jpg,1
image_18190.jpg,1
image_18191.jpg,1
image_18192.jpg,1
image_18193.jpg,1
image_18194.jpg,1
image_18195.jpg,1
image_18196.jpg,1
image_18197.jpg,1
image_18198.jpg,1
image_18199.jpg,1
image_18200.jpg,1
image_18201.jpg,0
image_18202.jpg,1
image_18203.jpg,1
image_18204.jpg,0
image_18205.jpg,0
image_18206.jpg,1
image_18207.jpg,0
image_18208.jpg,1
image_18209.jpg,1
image_18210.jpg,0
image_18211.jpg,0
image_18212.jpg,0
image_18213.jpg,0
image_18214.jpg,1
image_18215.jpg,1
image_18216.jpg,1
image_18217.jpg,1
image_18218.jpg,0
image_18219.jpg,1
image_18220.jpg,1
image_18221.jpg,1
image_18222.jpg,1
image_18223.jpg,0
image_18224.jpg,1
image_18225.jpg,1
image_18226.jpg,1
image_18227.jpg,1
image_18228.jpg,1
image_18229.jpg,1
image_18230.jpg,1
image_18231.jpg,0
image_18232.jpg,1
image_18233.jpg,1
image_18234.jpg,0
image_18235.jpg,0
image_18236.jpg,1
image_18237.jpg,1
image_18238.jpg,0
image_18239.jpg,0
image_18240.jpg,1
image_18241.jpg,1
image_18242.jpg,0
image_18243.jpg,1
image_18244.jpg,1
image_18245.jpg,0
image_18246.jpg,1
image_18247.jpg,0
image_18248.jpg,0
image_18249.jpg,1
image_18250.jpg,0
image_18251.jpg,1
image_18252.jpg,1
image_18253.jpg,1
image_18254.jpg,1
image_18255.jpg,0
image_18256.jpg,0
image_18257.jpg,1
image_18258.jpg,0
image_18259.jpg,1
image_18260.jpg,0
image_18261.jpg,0
image_18262.jpg,1
image_18263.jpg,0
image_18264.jpg,1
image_18265.jpg,0
image_18266.jpg,1
image_18267.jpg,1
image_18268.jpg,1
image_18269.jpg,1
image_18270.jpg,0
image_18271.jpg,0
image_18272.jpg,1
image_18273.jpg,0
image_18274.jpg,1
image_18275.jpg,1
image_18276.jpg,1
image_18277.jpg,1
image_18278.jpg,1
image_18279.jpg,1
image_18280.jpg,1
image_18281.jpg,1
image_18282.jpg,0
image_18283.jpg,0
image_18284.jpg,1
image_18285.jpg,1
image_18286.jpg,0
image_18287.jpg,0
image_18288.jpg,1
image_18289.jpg,1
image_18290.jpg,1
image_18291.jpg,0
image_18292.jpg,0
image_18293.jpg,0
image_18294.jpg,0
image_18295.jpg,1
image_18296.jpg,1
image_18297.jpg,1
image_18298.jpg,1
image_18299.jpg,1
image_18300.jpg,1
image_18301.jpg,1
image_18302.jpg,1
image_18303.jpg,1
image_18304.jpg,1
image_18305.jpg,1
image_18306.jpg,1
image_18307.jpg,1
image_18308.jpg,0
image_18309.jpg,1
image_18310.jpg,1
image_18311.jpg,0
image_18312.jpg,0
image_18313.jpg,1
image_18314.jpg,1
image_18315.jpg,1
image_18316.jpg,1
image_18317.jpg,1
image_18318.jpg,0
image_18319.jpg,1
image_18320.jpg,0
image_18321.jpg,0
image_18322.jpg,0
image_18323.jpg,1
image_18324.jpg,1
image_18325.jpg,1
image_18326.jpg,1
image_18327.jpg,1
image_18328.jpg,0
image_18329.jpg,1
image_18330.jpg,1
image_18331.jpg,0
image_18332.jpg,1
image_18333.jpg,1
image_18334.jpg,0
image_18335.jpg,0
image_18336.jpg,1
image_18337.jpg,1
image_18338.jpg,0
image_18339.jpg,0
image_18340.jpg,1
image_18341.jpg,1
image_18342.jpg,1
image_18343.jpg,1
image_18344.jpg,0
image_18345.jpg,1
image_18346.jpg,1
image_18347.jpg,1
image_18348.jpg,0
image_18349.jpg,0
image_18350.jpg,1
image_18351.jpg,1
image_18352.jpg,1
image_18353.jpg,1
image_18354.jpg,1
image_18355.jpg,0
image_18356.jpg,1
image_18357.jpg,1
image_18358.jpg,0
image_18359.jpg,1
image_18360.jpg,1
image_18361.jpg,0
image_18362.jpg,0
image_18363.jpg,1
image_18364.jpg,0
image_18365.jpg,1
image_18366.jpg,0
image_18367.jpg,1
image_18368.jpg,0
image_18369.jpg,1
image_18370.jpg,1
image_18371.jpg,1
image_18372.jpg,0
image_18373.jpg,0
image_18374.jpg,1
image_18375.jpg,1
image_18376.jpg,0
image_18377.jpg,1
image_18378.jpg,1
image_18379.jpg,0
image_18380.jpg,0
image_18381.jpg,1
image_18382.jpg,1
image_18383.jpg,1
image_18384.jpg,1
image_18385.jpg,1
image_18386.jpg,1
image_18387.jpg,1
image_18388.jpg,0
image_18389.jpg,1
image_18390.jpg,0
image_18391.jpg,1
image_18392.jpg,1
image_18393.jpg,1
image_18394.jpg,1
image_18395.jpg,1
image_18396.jpg,1
image_18397.jpg,1
image_18398.jpg,1
image_18399.jpg,1
image_18400.jpg,1
image_18401.jpg,1
image_18402.jpg,0
image_18403.jpg,1
image_18404.jpg,1
image_18405.jpg,0
image_18406.jpg,1
image_18407.jpg,1
image_18408.jpg,0
image_18409.jpg,1
image_18410.jpg,1
image_18411.jpg,1
image_18412.jpg,1
image_18413.jpg,0
image_18414.jpg,1
image_18415.jpg,1
image_18416.jpg,1
image_18417.jpg,0
image_18418.jpg,1
image_18419.jpg,1
image_18420.jpg,0
image_18421.jpg,1
image_18422.jpg,1
image_18423.jpg,1
image_18424.jpg,0
image_18425.jpg,1
image_18426.jpg,0
image_18427.jpg,0
image_18428.jpg,1
image_18429.jpg,1
image_18430.jpg,1
image_18431.jpg,1
image_18432.jpg,1
image_18433.jpg,1
image_18434.jpg,1
image_18435.jpg,1
image_18436.jpg,1
image_18437.jpg,1
image_18438.jpg,1
image_18439.jpg,1
image_18440.jpg,0
image_18441.jpg,0
image_18442.jpg,1
image_18443.jpg,1
image_18444.jpg,1
image_18445.jpg,1
image_18446.jpg,1
image_18447.jpg,1
image_18448.jpg,0
image_18449.jpg,0
image_18450.jpg,0
image_18451.jpg,1
image_18452.jpg,1
image_18453.jpg,0
image_18454.jpg,1
image_18455.jpg,0
image_18456.jpg,1
image_18457.jpg,1
image_18458.jpg,1
image_18459.jpg,1
image_18460.jpg,1
image_18461.jpg,0
image_18462.jpg,1
image_18463.jpg,0
image_18464.jpg,1
image_18465.jpg,0
image_18466.jpg,1
image_18467.jpg,1
image_18468.jpg,1
image_18469.jpg,1
image_18470.jpg,1
image_18471.jpg,1
image_18472.jpg,0
image_18473.jpg,1
image_18474.jpg,1
image_18475.jpg,1
image_18476.jpg,1
image_18477.jpg,0
image_18478.jpg,1
image_18479.jpg,0
image_18480.jpg,1
image_18481.jpg,1
image_18482.jpg,0
image_18483.jpg,0
image_18484.jpg,0
image_18485.jpg,0
image_18486.jpg,1
image_18487.jpg,1
image_18488.jpg,1
image_18489.jpg,1
image_18490.jpg,1
image_18491.jpg,0
image_18492.jpg,0
image_18493.jpg,1
image_18494.jpg,1
image_18495.jpg,0
image_18496.jpg,0
image_18497.jpg,1
image_18498.jpg,1
image_18499.jpg,0
image_18500.jpg,0
image_18501.jpg,0
image_18502.jpg,1
image_18503.jpg,0
image_18504.jpg,0
image_18505.jpg,0
image_18506.jpg,1
image_18507.jpg,1
image_18508.jpg,0
image_18509.jpg,1
image_18510.jpg,1
image_18511.jpg,1
image_18512.jpg,0
image_18513.jpg,1
image_18514.jpg,1
image_18515.jpg,1
image_18516.jpg,1
image_18517.jpg,0
image_18518.jpg,1
image_18519.jpg,0
image_18520.jpg,1
image_18521.jpg,1
image_18522.jpg,1
image_18523.jpg,0
image_18524.jpg,1
image_18525.jpg,0
image_18526.jpg,0
image_18527.jpg,1
image_18528.jpg,1
image_18529.jpg,1
image_18530.jpg,1
image_18531.jpg,1
image_18532.jpg,0
image_18533.jpg,1
image_18534.jpg,0
image_18535.jpg,0
image_18536.jpg,0
image_18537.jpg,1
image_18538.jpg,1
image_18539.jpg,1
image_18540.jpg,1
image_18541.jpg,1
image_18542.jpg,1
image_18543.jpg,1
image_18544.jpg,1
image_18545.jpg,1
image_18546.jpg,0
image_18547.jpg,1
image_18548.jpg,0
image_18549.jpg,1
image_18550.jpg,1
image_18551.jpg,1
image_18552.jpg,1
image_18553.jpg,0
image_18554.jpg,0
image_18555.jpg,1
image_18556.jpg,1
image_18557.jpg,1
image_18558.jpg,0
image_18559.jpg,0
image_18560.jpg,1
image_18561.jpg,0
image_18562.jpg,1
image_18563.jpg,1
image_18564.jpg,1
image_18565.jpg,1
image_18566.jpg,1
image_18567.jpg,1
image_18568.jpg,1
image_18569.jpg,1
image_18570.jpg,1
image_18571.jpg,1
image_18572.jpg,0
image_18573.jpg,1
image_18574.jpg,1
image_18575.jpg,1
image_18576.jpg,0
image_18577.jpg,0
image_18578.jpg,0
image_18579.jpg,1
image_18580.jpg,1
image_18581.jpg,1
image_18582.jpg,0
image_18583.jpg,1
image_18584.jpg,1
image_18585.jpg,1
image_18586.jpg,1
image_18587.jpg,1
image_18588.jpg,1
image_18589.jpg,1
image_18590.jpg,1
image_18591.jpg,1
image_18592.jpg,1
image_18593.jpg,0
image_18594.jpg,1
image_18595.jpg,1
image_18596.jpg,1
image_18597.jpg,1
image_18598.jpg,0
image_18599.jpg,0
image_18600.jpg,1
image_18601.jpg,1
image_18602.jpg,1
image_18603.jpg,1
image_18604.jpg,0
image_18605.jpg,1
image_18606.jpg,1
image_18607.jpg,1
image_18608.jpg,1
image_18609.jpg,1
image_18610.jpg,0
image_18611.jpg,0
image_18612.jpg,1
image_18613.jpg,1
image_18614.jpg,0
image_18615.jpg,1
image_18616.jpg,0
image_18617.jpg,1
image_18618.jpg,1
image_18619.jpg,1
image_18620.jpg,1
image_18621.jpg,0
image_18622.jpg,1
image_18623.jpg,1
image_18624.jpg,1
image_18625.jpg,0
image_18626.jpg,1
image_18627.jpg,1
image_18628.jpg,0
image_18629.jpg,1
image_18630.jpg,0
image_18631.jpg,1
image_18632.jpg,0
image_18633.jpg,0
image_18634.jpg,1
image_18635.jpg,1
image_18636.jpg,1
image_18637.jpg,0
image_18638.jpg,1
image_18639.jpg,0
image_18640.jpg,0
image_18641.jpg,1
image_18642.jpg,0
image_18643.jpg,0
image_18644.jpg,1
image_18645.jpg,1
image_18646.jpg,1
image_18647.jpg,1
image_18648.jpg,0
image_18649.jpg,0
image_18650.jpg,1
image_18651.jpg,0
image_18652.jpg,0
image_18653.jpg,1
image_18654.jpg,1
image_18655.jpg,1
image_18656.jpg,0
image_18657.jpg,1
image_18658.jpg,0
image_18659.jpg,1
image_18660.jpg,1
image_18661.jpg,1
image_18662.jpg,0
image_18663.jpg,1
image_18664.jpg,1
image_18665.jpg,0
image_18666.jpg,0
image_18667.jpg,1
image_18668.jpg,1
image_18669.jpg,1
image_18670.jpg,1
image_18671.jpg,1
image_18672.jpg,1
image_18673.jpg,1
image_18674.jpg,1
image_18675.jpg,1
image_18676.jpg,1
image_18677.jpg,1
image_18678.jpg,1
image_18679.jpg,1
image_18680.jpg,1
image_18681.jpg,1
image_18682.jpg,1
image_18683.jpg,1
image_18684.jpg,1
image_18685.jpg,0
image_18686.jpg,0
image_18687.jpg,1
image_18688.jpg,1
image_18689.jpg,1
image_18690.jpg,1
image_18691.jpg,1
image_18692.jpg,1
image_18693.jpg,0
image_18694.jpg,1
image_18695.jpg,1
image_18696.jpg,0
image_18697.jpg,0
image_18698.jpg,1
image_18699.jpg,1
image_18700.jpg,1
image_18701.jpg,1
image_18702.jpg,0
image_18703.jpg,0
image_18704.jpg,1
image_18705.jpg,1
image_18706.jpg,1
image_18707.jpg,1
image_18708.jpg,1
image_18709.jpg,1
image_18710.jpg,0
image_18711.jpg,1
image_18712.jpg,1
image_18713.jpg,1
image_18714.jpg,0
image_18715.jpg,1
image_18716.jpg,1
image_18717.jpg,1
image_18718.jpg,0
image_18719.jpg,1
image_18720.jpg,1
image_18721.jpg,1
image_18722.jpg,1
image_18723.jpg,1
image_18724.jpg,0
image_18725.jpg,1
image_18726.jpg,1
image_18727.jpg,1
image_18728.jpg,1
image_18729.jpg,1
image_18730.jpg,1
image_18731.jpg,1
image_18732.jpg,0
image_18733.jpg,1
image_18734.jpg,1
image_18735.jpg,1
image_18736.jpg,1
image_18737.jpg,1
image_18738.jpg,1
image_18739.jpg,0
image_18740.jpg,1
image_18741.jpg,1
image_18742.jpg,1
image_18743.jpg,0
image_18744.jpg,1
image_18745.jpg,1
image_18746.jpg,1
image_18747.jpg,0
image_18748.jpg,1
image_18749.jpg,0
image_18750.jpg,0
image_18751.jpg,0
image_18752.jpg,1
image_18753.jpg,1
image_18754.jpg,1
image_18755.jpg,1
image_18756.jpg,0
image_18757.jpg,0
image_18758.jpg,1
image_18759.jpg,1
image_18760.jpg,1
image_18761.jpg,0
image_18762.jpg,1
image_18763.jpg,1
image_18764.jpg,0
image_18765.jpg,1
image_18766.jpg,0
image_18767.jpg,1
image_18768.jpg,1
image_18769.jpg,0
image_18770.jpg,1
image_18771.jpg,0
image_18772.jpg,1
image_18773.jpg,1
image_18774.jpg,1
image_18775.jpg,1
image_18776.jpg,1
image_18777.jpg,0
image_18778.jpg,1
image_18779.jpg,1
image_18780.jpg,1
image_18781.jpg,1
image_18782.jpg,1
image_18783.jpg,1
image_18784.jpg,1
image_18785.jpg,1
image_18786.jpg,1
image_18787.jpg,0
image_18788.jpg,0
image_18789.jpg,0
image_18790.jpg,0
image_18791.jpg,1
image_18792.jpg,1
image_18793.jpg,1
image_18794.jpg,1
image_18795.jpg,1
image_18796.jpg,1
image_18797.jpg,1
image_18798.jpg,0
image_18799.jpg,0
image_18800.jpg,1
image_18801.jpg,1
image_18802.jpg,1
image_18803.jpg,1
image_18804.jpg,0
image_18805.jpg,0
image_18806.jpg,1
image_18807.jpg,0
image_18808.jpg,1
image_18809.jpg,1
image_18810.jpg,0
image_18811.jpg,1
image_18812.jpg,1
image_18813.jpg,1
image_18814.jpg,1
image_18815.jpg,1
image_18816.jpg,1
image_18817.jpg,0
image_18818.jpg,1
image_18819.jpg,1
image_18820.jpg,0
image_18821.jpg,1
image_18822.jpg,1
image_18823.jpg,0
image_18824.jpg,0
image_18825.jpg,0
image_18826.jpg,1
image_18827.jpg,1
image_18828.jpg,0
image_18829.jpg,1
image_18830.jpg,1
image_18831.jpg,1
image_18832.jpg,1
image_18833.jpg,1
image_18834.jpg,1
image_18835.jpg,1
image_18836.jpg,0
image_18837.jpg,0
image_18838.jpg,1
image_18839.jpg,1
image_18840.jpg,1
image_18841.jpg,1
image_18842.jpg,1
image_18843.jpg,1
image_18844.jpg,1
image_18845.jpg,0
image_18846.jpg,0
image_18847.jpg,1
image_18848.jpg,1
image_18849.jpg,0
image_18850.jpg,0
image_18851.jpg,1
image_18852.jpg,1
image_18853.jpg,0
image_18854.jpg,0
image_18855.jpg,1
image_18856.jpg,1
image_18857.jpg,1
image_18858.jpg,1
image_18859.jpg,1
image_18860.jpg,1
image_18861.jpg,0
image_18862.jpg,1
image_18863.jpg,1
image_18864.jpg,0
image_18865.jpg,1
image_18866.jpg,1
image_18867.jpg,0
image_18868.jpg,0
image_18869.jpg,1
image_18870.jpg,1
image_18871.jpg,0
image_18872.jpg,1
image_18873.jpg,1
image_18874.jpg,1
image_18875.jpg,0
image_18876.jpg,1
image_18877.jpg,0
image_18878.jpg,1
image_18879.jpg,1
image_18880.jpg,0
image_18881.jpg,0
image_18882.jpg,1
image_18883.jpg,0
image_18884.jpg,1
image_18885.jpg,1
image_18886.jpg,1
image_18887.jpg,1
image_18888.jpg,0
image_18889.jpg,1
image_18890.jpg,0
image_18891.jpg,0
image_18892.jpg,1
image_18893.jpg,0
image_18894.jpg,1
image_18895.jpg,1
image_18896.jpg,0
image_18897.jpg,1
image_18898.jpg,0
image_18899.jpg,1
image_18900.jpg,1
image_18901.jpg,0
image_18902.jpg,1
image_18903.jpg,1
image_18904.jpg,0
image_18905.jpg,1
image_18906.jpg,0
image_18907.jpg,0
image_18908.jpg,1
image_18909.jpg,1
image_18910.jpg,1
image_18911.jpg,1
image_18912.jpg,1
image_18913.jpg,1
image_18914.jpg,1
image_18915.jpg,1
image_18916.jpg,1
image_18917.jpg,0
image_18918.jpg,1
image_18919.jpg,1
image_18920.jpg,1
image_18921.jpg,1
image_18922.jpg,1
image_18923.jpg,1
image_18924.jpg,1
image_18925.jpg,0
image_18926.jpg,1
image_18927.jpg,0
image_18928.jpg,1
image_18929.jpg,0
image_18930.jpg,1
image_18931.jpg,1
image_18932.jpg,0
image_18933.jpg,1
image_18934.jpg,0
image_18935.jpg,0
image_18936.jpg,1
image_18937.jpg,1
image_18938.jpg,1
image_18939.jpg,1
image_18940.jpg,1
image_18941.jpg,1
image_18942.jpg,1
image_18943.jpg,1
image_18944.jpg,1
image_18945.jpg,1
image_18946.jpg,1
image_18947.jpg,1
image_18948.jpg,0
image_18949.jpg,1
image_18950.jpg,1
image_18951.jpg,1
image_18952.jpg,0
image_18953.jpg,0
image_18954.jpg,1
image_18955.jpg,1
image_18956.jpg,1
image_18957.jpg,0
image_18958.jpg,1
image_18959.jpg,1
image_18960.jpg,1
image_18961.jpg,1
image_18962.jpg,0
image_18963.jpg,1
image_18964.jpg,1
image_18965.jpg,1
image_18966.jpg,1
image_18967.jpg,1
image_18968.jpg,1
image_18969.jpg,0
image_18970.jpg,0
image_18971.jpg,1
image_18972.jpg,0
image_18973.jpg,1
image_18974.jpg,1
image_18975.jpg,1
image_18976.jpg,0
image_18977.jpg,1
image_18978.jpg,1
image_18979.jpg,1
image_18980.jpg,0
image_18981.jpg,1
image_18982.jpg,1
image_18983.jpg,1
image_18984.jpg,1
image_18985.jpg,0
image_18986.jpg,1
image_18987.jpg,1
image_18988.jpg,1
image_18989.jpg,0
image_18990.jpg,1
image_18991.jpg,0
image_18992.jpg,1
image_18993.jpg,0
image_18994.jpg,1
image_18995.jpg,1
image_18996.jpg,1
image_18997.jpg,0
image_18998.jpg,1
image_18999.jpg,0
image_19000.jpg,1
image_19001.jpg,0
image_19002.jpg,1
image_19003.jpg,0
image_19004.jpg,1
image_19005.jpg,1
image_19006.jpg,1
image_19007.jpg,0
image_19008.jpg,1
image_19009.jpg,1
image_19010.jpg,1
image_19011.jpg,1
image_19012.jpg,0
image_19013.jpg,1
image_19014.jpg,1
image_19015.jpg,1
image_19016.jpg,1
image_19017.jpg,1
image_19018.jpg,0
image_19019.jpg,1
image_19020.jpg,1
image_19021.jpg,1
image_19022.jpg,1
image_19023.jpg,1
image_19024.jpg,1
image_19025.jpg,1
image_19026.jpg,1
image_19027.jpg,1
image_19028.jpg,1
image_19029.jpg,1
image_19030.jpg,0
image_19031.jpg,0
image_19032.jpg,0
image_19033.jpg,1
image_19034.jpg,0
image_19035.jpg,1
image_19036.jpg,1
image_19037.jpg,1
image_19038.jpg,1
image_19039.jpg,0
image_19040.jpg,0
image_19041.jpg,1
image_19042.jpg,1
image_19043.jpg,1
image_19044.jpg,1
image_19045.jpg,0
image_19046.jpg,0
image_19047.jpg,0
image_19048.jpg,1
image_19049.jpg,1
image_19050.jpg,0
image_19051.jpg,0
image_19052.jpg,1
image_19053.jpg,1
image_19054.jpg,1
image_19055.jpg,1
image_19056.jpg,1
image_19057.jpg,1
image_19058.jpg,1
image_19059.jpg,1
image_19060.jpg,1
image_19061.jpg,1
image_19062.jpg,1
image_19063.jpg,1
image_19064.jpg,1
image_19065.jpg,0
image_19066.jpg,1
image_19067.jpg,1
image_19068.jpg,1
image_19069.jpg,1
image_19070.jpg,1
image_19071.jpg,0
image_19072.jpg,1
image_19073.jpg,1
image_19074.jpg,0
image_19075.jpg,1
image_19076.jpg,1
image_19077.jpg,1
image_19078.jpg,1
image_19079.jpg,1
image_19080.jpg,1
image_19081.jpg,1
image_19082.jpg,0
image_19083.jpg,0
image_19084.jpg,0
image_19085.jpg,1
image_19086.jpg,0
image_19087.jpg,0
image_19088.jpg,1
image_19089.jpg,1
image_19090.jpg,0
image_19091.jpg,1
image_19092.jpg,0
image_19093.jpg,0
image_19094.jpg,1
image_19095.jpg,0
image_19096.jpg,0
image_19097.jpg,0
image_19098.jpg,1
image_19099.jpg,1
image_19100.jpg,1
image_19101.jpg,1
image_19102.jpg,0
image_19103.jpg,1
image_19104.jpg,1
image_19105.jpg,1
image_19106.jpg,1
image_19107.jpg,1
image_19108.jpg,1
image_19109.jpg,1
image_19110.jpg,1
image_19111.jpg,1
image_19112.jpg,1
image_19113.jpg,0
image_19114.jpg,1
image_19115.jpg,1
image_19116.jpg,1
image_19117.jpg,1
image_19118.jpg,0
image_19119.jpg,1
image_19120.jpg,1
image_19121.jpg,1
image_19122.jpg,1
image_19123.jpg,0
image_19124.jpg,0
image_19125.jpg,1
image_19126.jpg,1
image_19127.jpg,1
image_19128.jpg,1
image_19129.jpg,1
image_19130.jpg,1
image_19131.jpg,1
image_19132.jpg,1
image_19133.jpg,1
image_19134.jpg,1
image_19135.jpg,1
image_19136.jpg,0
image_19137.jpg,0
image_19138.jpg,0
image_19139.jpg,0
image_19140.jpg,1
image_19141.jpg,1
image_19142.jpg,1
image_19143.jpg,1
image_19144.jpg,1
image_19145.jpg,1
image_19146.jpg,1
image_19147.jpg,0
image_19148.jpg,1
image_19149.jpg,1
image_19150.jpg,1
image_19151.jpg,1
image_19152.jpg,0
image_19153.jpg,0
image_19154.jpg,1
image_19155.jpg,0
image_19156.jpg,1
image_19157.jpg,0
image_19158.jpg,1
image_19159.jpg,1
image_19160.jpg,1
image_19161.jpg,1
image_19162.jpg,0
image_19163.jpg,1
image_19164.jpg,0
image_19165.jpg,1
image_19166.jpg,0
image_19167.jpg,1
image_19168.jpg,0
image_19169.jpg,0
image_19170.jpg,0
image_19171.jpg,1
image_19172.jpg,0
image_19173.jpg,0
image_19174.jpg,0
image_19175.jpg,0
image_19176.jpg,1
image_19177.jpg,1
image_19178.jpg,0
image_19179.jpg,1
image_19180.jpg,0
image_19181.jpg,0
image_19182.jpg,1
image_19183.jpg,1
image_19184.jpg,1
image_19185.jpg,1
image_19186.jpg,1
image_19187.jpg,0
image_19188.jpg,0
image_19189.jpg,1
image_19190.jpg,1
image_19191.jpg,1
image_19192.jpg,1
image_19193.jpg,1
image_19194.jpg,1
image_19195.jpg,1
image_19196.jpg,1
image_19197.jpg,1
image_19198.jpg,1
image_19199.jpg,1
image_19200.jpg,1
image_19201.jpg,1
image_19202.jpg,1
image_19203.jpg,0
image_19204.jpg,1
image_19205.jpg,1
image_19206.jpg,1
image_19207.jpg,1
image_19208.jpg,1
image_19209.jpg,1
image_19210.jpg,1
image_19211.jpg,1
image_19212.jpg,0
image_19213.jpg,1
image_19214.jpg,0
image_19215.jpg,0
image_19216.jpg,0
image_19217.jpg,1
image_19218.jpg,1
image_19219.jpg,0
image_19220.jpg,1
image_19221.jpg,1
image_19222.jpg,1
image_19223.jpg,1
image_19224.jpg,1
image_19225.jpg,1
image_19226.jpg,0
image_19227.jpg,1
image_19228.jpg,1
image_19229.jpg,1
image_19230.jpg,1
image_19231.jpg,1
image_19232.jpg,1
image_19233.jpg,1
image_19234.jpg,1
image_19235.jpg,1
image_19236.jpg,1
image_19237.jpg,1
image_19238.jpg,0
image_19239.jpg,0
image_19240.jpg,1
image_19241.jpg,1
image_19242.jpg,1
image_19243.jpg,1
image_19244.jpg,0
image_19245.jpg,1
image_19246.jpg,1
image_19247.jpg,1
image_19248.jpg,1
image_19249.jpg,0
image_19250.jpg,0
image_19251.jpg,0
image_19252.jpg,0
image_19253.jpg,0
image_19254.jpg,1
image_19255.jpg,0
image_19256.jpg,1
image_19257.jpg,1
image_19258.jpg,1
image_19259.jpg,1
image_19260.jpg,0
image_19261.jpg,1
image_19262.jpg,0
image_19263.jpg,1
image_19264.jpg,1
image_19265.jpg,1
image_19266.jpg,0
image_19267.jpg,1
image_19268.jpg,1
image_19269.jpg,1
image_19270.jpg,0
image_19271.jpg,0
image_19272.jpg,1
image_19273.jpg,0
image_19274.jpg,1
image_19275.jpg,0
image_19276.jpg,1
image_19277.jpg,0
image_19278.jpg,0
image_19279.jpg,1
image_19280.jpg,1
image_19281.jpg,1
image_19282.jpg,1
image_19283.jpg,1
image_19284.jpg,1
image_19285.jpg,1
image_19286.jpg,1
image_19287.jpg,1
image_19288.jpg,0
image_19289.jpg,1
image_19290.jpg,0
image_19291.jpg,1
image_19292.jpg,1
image_19293.jpg,1
image_19294.jpg,1
image_19295.jpg,1
image_19296.jpg,1
image_19297.jpg,1
image_19298.jpg,1
image_19299.jpg,1
image_19300.jpg,0
image_19301.jpg,1
image_19302.jpg,1
image_19303.jpg,1
image_19304.jpg,1
image_19305.jpg,1
image_19306.jpg,1
image_19307.jpg,1
image_19308.jpg,1
image_19309.jpg,0
image_19310.jpg,1
image_19311.jpg,1
image_19312.jpg,1
image_19313.jpg,1
image_19314.jpg,0
image_19315.jpg,1
image_19316.jpg,1
image_19317.jpg,1
image_19318.jpg,1
image_19319.jpg,1
image_19320.jpg,1
image_19321.jpg,1
image_19322.jpg,0
image_19323.jpg,0
image_19324.jpg,1
image_19325.jpg,1
image_19326.jpg,0
image_19327.jpg,1
image_19328.jpg,0
image_19329.jpg,1
image_19330.jpg,1
image_19331.jpg,1
image_19332.jpg,1
image_19333.jpg,1
image_19334.jpg,1
image_19335.jpg,1
image_19336.jpg,1
image_19337.jpg,1
image_19338.jpg,0
image_19339.jpg,1
image_19340.jpg,0
image_19341.jpg,1
image_19342.jpg,0
image_19343.jpg,1
image_19344.jpg,1
image_19345.jpg,0
image_19346.jpg,1
image_19347.jpg,1
image_19348.jpg,1
image_19349.jpg,1
image_19350.jpg,0
image_19351.jpg,0
image_19352.jpg,0
image_19353.jpg,0
image_19354.jpg,1
image_19355.jpg,1
image_19356.jpg,0
image_19357.jpg,1
image_19358.jpg,1
image_19359.jpg,1
image_19360.jpg,1
image_19361.jpg,0
image_19362.jpg,1
image_19363.jpg,1
image_19364.jpg,0
image_19365.jpg,1
image_19366.jpg,1
image_19367.jpg,1
image_19368.jpg,0
image_19369.jpg,1
image_19370.jpg,1
image_19371.jpg,1
image_19372.jpg,0
image_19373.jpg,1
image_19374.jpg,1
image_19375.jpg,0
image_19376.jpg,0
image_19377.jpg,1
image_19378.jpg,0
image_19379.jpg,1
image_19380.jpg,1
image_19381.jpg,0
image_19382.jpg,0
image_19383.jpg,0
image_19384.jpg,1
image_19385.jpg,1
image_19386.jpg,0
image_19387.jpg,1
image_19388.jpg,0
image_19389.jpg,1
image_19390.jpg,1
image_19391.jpg,0
image_19392.jpg,1
image_19393.jpg,1
image_19394.jpg,1
image_19395.jpg,0
image_19396.jpg,1
image_19397.jpg,1
image_19398.jpg,1
image_19399.jpg,1
image_19400.jpg,1
image_19401.jpg,1
image_19402.jpg,1
image_19403.jpg,0
image_19404.jpg,1
image_19405.jpg,0
image_19406.jpg,1
image_19407.jpg,1
image_19408.jpg,1
image_19409.jpg,0
image_19410.jpg,1
image_19411.jpg,1
image_19412.jpg,1
image_19413.jpg,0
image_19414.jpg,1
image_19415.jpg,1
image_19416.jpg,1
image_19417.jpg,1
image_19418.jpg,0
image_19419.jpg,1
image_19420.jpg,1
image_19421.jpg,0
image_19422.jpg,1
image_19423.jpg,1
image_19424.jpg,1
image_19425.jpg,1
image_19426.jpg,1
image_19427.jpg,1
image_19428.jpg,1
image_19429.jpg,1
image_19430.jpg,0
image_19431.jpg,1
image_19432.jpg,0
image_19433.jpg,1
image_19434.jpg,1
image_19435.jpg,1
image_19436.jpg,1
image_19437.jpg,1
image_19438.jpg,0
image_19439.jpg,1
image_19440.jpg,0
image_19441.jpg,1
image_19442.jpg,1
image_19443.jpg,0
image_19444.jpg,1
image_19445.jpg,0
image_19446.jpg,1
image_19447.jpg,1
image_19448.jpg,1
image_19449.jpg,1
image_19450.jpg,1
image_19451.jpg,1
image_19452.jpg,1
image_19453.jpg,1
image_19454.jpg,0
image_19455.jpg,0
image_19456.jpg,0
image_19457.jpg,1
image_19458.jpg,0
image_19459.jpg,1
image_19460.jpg,1
image_19461.jpg,0
image_19462.jpg,1
image_19463.jpg,1
image_19464.jpg,0
image_19465.jpg,1
image_19466.jpg,1
image_19467.jpg,1
image_19468.jpg,1
image_19469.jpg,1
image_19470.jpg,1
image_19471.jpg,1
image_19472.jpg,1
image_19473.jpg,0
image_19474.jpg,1
image_19475.jpg,0
image_19476.jpg,0
image_19477.jpg,1
image_19478.jpg,1
image_19479.jpg,0
image_19480.jpg,0
image_19481.jpg,1
image_19482.jpg,1
image_19483.jpg,1
image_19484.jpg,1
image_19485.jpg,1
image_19486.jpg,0
image_19487.jpg,1
image_19488.jpg,1
image_19489.jpg,1
image_19490.jpg,1
image_19491.jpg,1
image_19492.jpg,1
image_19493.jpg,0
image_19494.jpg,1
image_19495.jpg,1
image_19496.jpg,1
image_19497.jpg,0
image_19498.jpg,1
image_19499.jpg,1
image_19500.jpg,1
image_19501.jpg,0
image_19502.jpg,1
image_19503.jpg,0
image_19504.jpg,1
image_19505.jpg,1
image_19506.jpg,1
image_19507.jpg,1
image_19508.jpg,0
image_19509.jpg,1
image_19510.jpg,1
image_19511.jpg,1
image_19512.jpg,1
image_19513.jpg,1
image_19514.jpg,1
image_19515.jpg,1
image_19516.jpg,1
image_19517.jpg,0
image_19518.jpg,0
image_19519.jpg,1
image_19520.jpg,1
image_19521.jpg,1
image_19522.jpg,1
image_19523.jpg,0
image_19524.jpg,1
image_19525.jpg,1
image_19526.jpg,0
image_19527.jpg,0
image_19528.jpg,1
image_19529.jpg,0
image_19530.jpg,1
image_19531.jpg,1
image_19532.jpg,1
image_19533.jpg,1
image_19534.jpg,1
image_19535.jpg,1
image_19536.jpg,1
image_19537.jpg,1
image_19538.jpg,1
image_19539.jpg,1
image_19540.jpg,1
image_19541.jpg,1
image_19542.jpg,1
image_19543.jpg,1
image_19544.jpg,0
image_19545.jpg,0
image_19546.jpg,0
image_19547.jpg,1
image_19548.jpg,1
image_19549.jpg,1
image_19550.jpg,1
image_19551.jpg,1
image_19552.jpg,1
image_19553.jpg,0
image_19554.jpg,0
image_19555.jpg,1
image_19556.jpg,1
image_19557.jpg,1
image_19558.jpg,1
image_19559.jpg,1
image_19560.jpg,1
image_19561.jpg,1
image_19562.jpg,1
image_19563.jpg,0
image_19564.jpg,0
image_19565.jpg,1
image_19566.jpg,1
image_19567.jpg,0
image_19568.jpg,1
image_19569.jpg,1
image_19570.jpg,0
image_19571.jpg,1
image_19572.jpg,1
image_19573.jpg,0
image_19574.jpg,0
image_19575.jpg,0
image_19576.jpg,0
image_19577.jpg,1
image_19578.jpg,0
image_19579.jpg,0
image_19580.jpg,1
image_19581.jpg,1
image_19582.jpg,1
image_19583.jpg,0
image_19584.jpg,1
image_19585.jpg,1
image_19586.jpg,1
image_19587.jpg,1
image_19588.jpg,1
image_19589.jpg,0
image_19590.jpg,1
image_19591.jpg,1
image_19592.jpg,0
image_19593.jpg,1
image_19594.jpg,1
image_19595.jpg,1
image_19596.jpg,1
image_19597.jpg,1
image_19598.jpg,1
image_19599.jpg,0
image_19600.jpg,0
image_19601.jpg,1
image_19602.jpg,0
image_19603.jpg,1
image_19604.jpg,1
image_19605.jpg,1
image_19606.jpg,0
image_19607.jpg,1
image_19608.jpg,1
image_19609.jpg,1
image_19610.jpg,0
image_19611.jpg,1
image_19612.jpg,1
image_19613.jpg,0
image_19614.jpg,1
image_19615.jpg,0
image_19616.jpg,1
image_19617.jpg,0
image_19618.jpg,1
image_19619.jpg,1
image_19620.jpg,1
image_19621.jpg,0
image_19622.jpg,1
image_19623.jpg,0
image_19624.jpg,1
image_19625.jpg,0
image_19626.jpg,1
image_19627.jpg,0
image_19628.jpg,0
