filename,label
0_image_0.jpg,1
1_image_1.jpg,1
2_image_2.jpg,0
3_image_3.jpg,1
4_image_4.jpg,1
5_image_5.jpg,1
6_image_6.jpg,1
7_image_7.jpg,0
8_image_8.jpg,0
9_image_9.jpg,0
10_image_10.jpg,1
11_image_11.jpg,0
12_image_12.jpg,0
13_image_13.jpg,0
14_image_14.jpg,1
15_image_15.jpg,1
16_image_16.jpg,1
17_image_17.jpg,0
18_image_18.jpg,1
19_image_19.jpg,1
20_image_20.jpg,0
21_image_21.jpg,1
22_image_22.jpg,1
23_image_23.jpg,1
24_image_24.jpg,1
25_image_25.jpg,1
26_image_26.jpg,0
27_image_27.jpg,0
28_image_28.jpg,1
29_image_29.jpg,1
30_image_30.jpg,0
31_image_31.jpg,1
32_image_32.jpg,1
33_image_33.jpg,1
34_image_34.jpg,1
35_image_35.jpg,1
36_image_36.jpg,0
37_image_37.jpg,0
38_image_38.jpg,1
39_image_39.jpg,1
40_image_40.jpg,1
41_image_41.jpg,1
42_image_42.jpg,0
43_image_43.jpg,0
44_image_44.jpg,1
45_image_45.jpg,1
46_image_46.jpg,0
47_image_47.jpg,0
48_image_48.jpg,0
49_image_49.jpg,1
50_image_50.jpg,0
51_image_51.jpg,1
52_image_52.jpg,1
53_image_53.jpg,1
54_image_54.jpg,1
55_image_55.jpg,0
56_image_56.jpg,1
57_image_57.jpg,1
58_image_58.jpg,1
59_image_59.jpg,1
60_image_60.jpg,1
61_image_61.jpg,1
62_image_62.jpg,1
63_image_63.jpg,0
64_image_64.jpg,0
65_image_65.jpg,0
66_image_66.jpg,0
67_image_67.jpg,1
68_image_68.jpg,1
69_image_69.jpg,1
70_image_70.jpg,1
71_image_71.jpg,1
72_image_72.jpg,0
73_image_73.jpg,1
74_image_74.jpg,0
75_image_75.jpg,1
76_image_76.jpg,1
77_image_77.jpg,1
78_image_78.jpg,0
79_image_79.jpg,0
80_image_80.jpg,0
81_image_81.jpg,1
82_image_82.jpg,1
83_image_83.jpg,1
84_image_84.jpg,1
85_image_85.jpg,1
86_image_86.jpg,1
87_image_87.jpg,1
88_image_88.jpg,1
89_image_89.jpg,0
90_image_90.jpg,1
91_image_91.jpg,1
92_image_92.jpg,1
93_image_93.jpg,0
94_image_94.jpg,0
95_image_95.jpg,1
96_image_96.jpg,0
97_image_97.jpg,1
98_image_98.jpg,1
99_image_99.jpg,1
100_image_100.jpg,0
101_image_101.jpg,1
102_image_102.jpg,1
103_image_103.jpg,1
104_image_104.jpg,1
105_image_105.jpg,0
106_image_106.jpg,0
107_image_107.jpg,1
108_image_108.jpg,1
109_image_109.jpg,1
110_image_110.jpg,0
111_image_111.jpg,1
112_image_112.jpg,1
113_image_113.jpg,0
114_image_114.jpg,0
115_image_115.jpg,0
116_image_116.jpg,1
117_image_117.jpg,1
118_image_118.jpg,1
119_image_119.jpg,0
120_image_120.jpg,1
121_image_121.jpg,1
122_image_122.jpg,1
123_image_123.jpg,1
124_image_124.jpg,1
125_image_125.jpg,0
126_image_126.jpg,1
127_image_127.jpg,1
128_image_128.jpg,0
129_image_129.jpg,1
130_image_130.jpg,0
131_image_131.jpg,1
132_image_132.jpg,0
133_image_133.jpg,0
134_image_134.jpg,1
135_image_135.jpg,1
136_image_136.jpg,1
137_image_137.jpg,0
138_image_138.jpg,1
139_image_139.jpg,0
140_image_140.jpg,0
141_image_141.jpg,1
142_image_142.jpg,1
143_image_143.jpg,1
144_image_144.jpg,0
145_image_145.jpg,1
146_image_146.jpg,1
147_image_147.jpg,1
148_image_148.jpg,1
149_image_149.jpg,0
150_image_150.jpg,1
151_image_151.jpg,1
152_image_152.jpg,0
153_image_153.jpg,1
154_image_154.jpg,1
155_image_155.jpg,1
156_image_156.jpg,1
157_image_157.jpg,1
158_image_158.jpg,1
159_image_159.jpg,0
160_image_160.jpg,0
161_image_161.jpg,1
162_image_162.jpg,0
163_image_163.jpg,1
164_image_164.jpg,1
165_image_165.jpg,1
166_image_166.jpg,0
167_image_167.jpg,0
168_image_168.jpg,1
169_image_169.jpg,1
170_image_170.jpg,1
171_image_171.jpg,1
172_image_172.jpg,1
173_image_173.jpg,1
174_image_174.jpg,1
175_image_175.jpg,1
176_image_176.jpg,0
177_image_177.jpg,1
178_image_178.jpg,0
179_image_179.jpg,1
180_image_180.jpg,0
181_image_181.jpg,1
182_image_182.jpg,1
183_image_183.jpg,0
184_image_184.jpg,1
185_image_185.jpg,1
186_image_186.jpg,1
187_image_187.jpg,0
188_image_188.jpg,1
189_image_189.jpg,1
190_image_190.jpg,1
191_image_191.jpg,1
192_image_192.jpg,1
193_image_193.jpg,1
194_image_194.jpg,1
195_image_195.jpg,1
196_image_196.jpg,1
197_image_197.jpg,1
198_image_198.jpg,1
199_image_199.jpg,0
200_image_200.jpg,0
201_image_201.jpg,1
202_image_202.jpg,1
203_image_203.jpg,1
204_image_204.jpg,1
205_image_205.jpg,1
206_image_206.jpg,0
207_image_207.jpg,1
208_image_208.jpg,1
209_image_209.jpg,1
210_image_210.jpg,1
211_image_211.jpg,1
212_image_212.jpg,1
213_image_213.jpg,1
214_image_214.jpg,1
215_image_215.jpg,1
216_image_216.jpg,1
217_image_217.jpg,1
218_image_218.jpg,1
219_image_219.jpg,0
220_image_220.jpg,0
221_image_221.jpg,0
222_image_222.jpg,1
223_image_223.jpg,1
224_image_224.jpg,0
225_image_225.jpg,1
226_image_226.jpg,1
227_image_227.jpg,1
228_image_228.jpg,1
229_image_229.jpg,1
230_image_230.jpg,1
231_image_231.jpg,0
232_image_232.jpg,1
233_image_233.jpg,1
234_image_234.jpg,1
235_image_235.jpg,1
236_image_236.jpg,1
237_image_237.jpg,1
238_image_238.jpg,1
239_image_239.jpg,1
240_image_240.jpg,1
241_image_241.jpg,0
242_image_242.jpg,1
243_image_243.jpg,1
244_image_244.jpg,1
245_image_245.jpg,1
246_image_246.jpg,1
247_image_247.jpg,0
248_image_248.jpg,1
249_image_249.jpg,1
250_image_250.jpg,0
251_image_251.jpg,0
252_image_252.jpg,1
253_image_253.jpg,0
254_image_254.jpg,1
255_image_255.jpg,1
256_image_256.jpg,1
257_image_257.jpg,1
258_image_258.jpg,0
259_image_259.jpg,1
260_image_260.jpg,1
261_image_261.jpg,1
262_image_262.jpg,1
263_image_263.jpg,1
264_image_264.jpg,1
265_image_265.jpg,1
266_image_266.jpg,0
267_image_267.jpg,1
268_image_268.jpg,1
269_image_269.jpg,1
270_image_270.jpg,1
271_image_271.jpg,1
272_image_272.jpg,1
273_image_273.jpg,0
274_image_274.jpg,1
275_image_275.jpg,1
276_image_276.jpg,1
277_image_277.jpg,1
278_image_278.jpg,1
279_image_279.jpg,0
280_image_280.jpg,1
281_image_281.jpg,1
282_image_282.jpg,0
283_image_283.jpg,1
284_image_284.jpg,1
285_image_285.jpg,1
286_image_286.jpg,1
287_image_287.jpg,1
288_image_288.jpg,0
289_image_289.jpg,0
290_image_290.jpg,0
291_image_291.jpg,0
292_image_292.jpg,1
293_image_293.jpg,1
294_image_294.jpg,1
295_image_295.jpg,0
296_image_296.jpg,1
297_image_297.jpg,0
298_image_298.jpg,1
299_image_299.jpg,1
300_image_300.jpg,1
301_image_301.jpg,0
302_image_302.jpg,0
303_image_303.jpg,0
304_image_304.jpg,0
305_image_305.jpg,1
306_image_306.jpg,1
307_image_307.jpg,1
308_image_308.jpg,0
309_image_309.jpg,1
310_image_310.jpg,1
311_image_311.jpg,1
312_image_312.jpg,1
313_image_313.jpg,0
314_image_314.jpg,1
315_image_315.jpg,0
316_image_316.jpg,0
317_image_317.jpg,1
318_image_318.jpg,1
319_image_319.jpg,0
320_image_320.jpg,1
321_image_321.jpg,1
322_image_322.jpg,1
323_image_323.jpg,0
324_image_324.jpg,0
325_image_325.jpg,1
326_image_326.jpg,0
327_image_327.jpg,0
328_image_328.jpg,1
329_image_329.jpg,0
330_image_330.jpg,1
331_image_331.jpg,1
332_image_332.jpg,1
333_image_333.jpg,1
334_image_334.jpg,1
335_image_335.jpg,0
336_image_336.jpg,1
337_image_337.jpg,0
338_image_338.jpg,0
339_image_339.jpg,0
340_image_340.jpg,0
341_image_341.jpg,0
342_image_342.jpg,1
343_image_343.jpg,0
344_image_344.jpg,1
345_image_345.jpg,1
346_image_346.jpg,0
347_image_347.jpg,1
348_image_348.jpg,1
349_image_349.jpg,1
350_image_350.jpg,1
351_image_351.jpg,1
352_image_352.jpg,0
353_image_353.jpg,1
354_image_354.jpg,1
355_image_355.jpg,1
356_image_356.jpg,1
357_image_357.jpg,1
358_image_358.jpg,1
359_image_359.jpg,0
360_image_360.jpg,0
361_image_361.jpg,1
362_image_362.jpg,1
363_image_363.jpg,0
364_image_364.jpg,1
365_image_365.jpg,1
366_image_366.jpg,0
367_image_367.jpg,0
368_image_368.jpg,1
369_image_369.jpg,1
370_image_370.jpg,1
371_image_371.jpg,1
372_image_372.jpg,1
373_image_373.jpg,1
374_image_374.jpg,1
375_image_375.jpg,1
376_image_376.jpg,1
377_image_377.jpg,0
378_image_378.jpg,1
379_image_379.jpg,0
380_image_380.jpg,1
381_image_381.jpg,1
382_image_382.jpg,1
383_image_383.jpg,1
384_image_384.jpg,0
385_image_385.jpg,0
386_image_386.jpg,1
387_image_387.jpg,1
388_image_388.jpg,1
389_image_389.jpg,1
390_image_390.jpg,1
391_image_391.jpg,1
392_image_392.jpg,1
393_image_393.jpg,1
394_image_394.jpg,1
395_image_395.jpg,1
396_image_396.jpg,1
397_image_397.jpg,0
398_image_398.jpg,1
399_image_399.jpg,1
400_image_400.jpg,0
401_image_401.jpg,0
402_image_402.jpg,0
403_image_403.jpg,1
404_image_404.jpg,1
405_image_405.jpg,1
406_image_406.jpg,1
407_image_407.jpg,1
408_image_408.jpg,1
409_image_409.jpg,1
410_image_410.jpg,0
411_image_411.jpg,1
412_image_412.jpg,1
413_image_413.jpg,0
414_image_414.jpg,0
415_image_415.jpg,1
416_image_416.jpg,0
417_image_417.jpg,1
418_image_418.jpg,0
419_image_419.jpg,1
420_image_420.jpg,1
421_image_421.jpg,1
422_image_422.jpg,1
423_image_423.jpg,1
424_image_424.jpg,1
425_image_425.jpg,1
426_image_426.jpg,1
427_image_427.jpg,0
428_image_428.jpg,1
429_image_429.jpg,0
430_image_430.jpg,1
431_image_431.jpg,1
432_image_432.jpg,1
433_image_433.jpg,1
434_image_434.jpg,1
435_image_435.jpg,1
436_image_436.jpg,1
437_image_437.jpg,0
438_image_438.jpg,1
439_image_439.jpg,0
440_image_440.jpg,1
441_image_441.jpg,1
442_image_442.jpg,1
443_image_443.jpg,0
444_image_444.jpg,0
445_image_445.jpg,0
446_image_446.jpg,0
447_image_447.jpg,1
448_image_448.jpg,0
449_image_449.jpg,0
450_image_450.jpg,1
451_image_451.jpg,1
452_image_452.jpg,0
453_image_453.jpg,0
454_image_454.jpg,0
455_image_455.jpg,0
456_image_456.jpg,1
457_image_457.jpg,1
458_image_458.jpg,1
459_image_459.jpg,1
460_image_460.jpg,1
461_image_461.jpg,1
462_image_462.jpg,0
463_image_463.jpg,1
464_image_464.jpg,1
465_image_465.jpg,1
466_image_466.jpg,0
467_image_467.jpg,1
468_image_468.jpg,1
469_image_469.jpg,1
470_image_470.jpg,1
471_image_471.jpg,1
472_image_472.jpg,1
473_image_473.jpg,0
474_image_474.jpg,1
475_image_475.jpg,0
476_image_476.jpg,1
477_image_477.jpg,1
478_image_478.jpg,1
479_image_479.jpg,1
480_image_480.jpg,0
481_image_481.jpg,0
482_image_482.jpg,1
483_image_483.jpg,0
484_image_484.jpg,1
485_image_485.jpg,1
486_image_486.jpg,1
487_image_487.jpg,1
488_image_488.jpg,1
489_image_489.jpg,0
490_image_490.jpg,0
491_image_491.jpg,1
492_image_492.jpg,0
493_image_493.jpg,1
494_image_494.jpg,1
495_image_495.jpg,1
496_image_496.jpg,1
497_image_497.jpg,1
498_image_498.jpg,1
499_image_499.jpg,1
500_image_500.jpg,1
501_image_501.jpg,0
502_image_502.jpg,0
503_image_503.jpg,1
504_image_504.jpg,0
505_image_505.jpg,0
506_image_506.jpg,1
507_image_507.jpg,1
508_image_508.jpg,1
509_image_509.jpg,0
510_image_510.jpg,0
511_image_511.jpg,1
512_image_512.jpg,0
513_image_513.jpg,1
514_image_514.jpg,1
515_image_515.jpg,0
516_image_516.jpg,1
517_image_517.jpg,1
518_image_518.jpg,0
519_image_519.jpg,0
520_image_520.jpg,1
521_image_521.jpg,1
522_image_522.jpg,0
523_image_523.jpg,1
524_image_524.jpg,1
525_image_525.jpg,1
526_image_526.jpg,1
527_image_527.jpg,1
528_image_528.jpg,1
529_image_529.jpg,0
530_image_530.jpg,1
531_image_531.jpg,1
532_image_532.jpg,1
533_image_533.jpg,0
534_image_534.jpg,1
535_image_535.jpg,1
536_image_536.jpg,1
537_image_537.jpg,1
538_image_538.jpg,0
539_image_539.jpg,1
540_image_540.jpg,1
541_image_541.jpg,0
542_image_542.jpg,1
543_image_543.jpg,1
544_image_544.jpg,1
545_image_545.jpg,0
546_image_546.jpg,1
547_image_547.jpg,1
548_image_548.jpg,0
549_image_549.jpg,1
550_image_550.jpg,1
551_image_551.jpg,1
552_image_552.jpg,1
553_image_553.jpg,1
554_image_554.jpg,1
555_image_555.jpg,1
556_image_556.jpg,1
557_image_557.jpg,1
558_image_558.jpg,1
559_image_559.jpg,0
560_image_560.jpg,0
561_image_561.jpg,0
562_image_562.jpg,0
563_image_563.jpg,1
564_image_564.jpg,0
565_image_565.jpg,1
566_image_566.jpg,0
567_image_567.jpg,0
568_image_568.jpg,0
569_image_569.jpg,0
570_image_570.jpg,0
571_image_571.jpg,1
572_image_572.jpg,1
573_image_573.jpg,1
574_image_574.jpg,1
575_image_575.jpg,1
576_image_576.jpg,1
577_image_577.jpg,1
578_image_578.jpg,1
579_image_579.jpg,1
580_image_580.jpg,1
581_image_581.jpg,1
582_image_582.jpg,0
583_image_583.jpg,0
584_image_584.jpg,1
585_image_585.jpg,1
586_image_586.jpg,0
587_image_587.jpg,1
588_image_588.jpg,1
589_image_589.jpg,0
590_image_590.jpg,0
591_image_591.jpg,1
592_image_592.jpg,1
593_image_593.jpg,1
594_image_594.jpg,1
595_image_595.jpg,1
596_image_596.jpg,1
597_image_597.jpg,0
598_image_598.jpg,1
599_image_599.jpg,1
600_image_600.jpg,1
601_image_601.jpg,1
602_image_602.jpg,1
603_image_603.jpg,0
604_image_604.jpg,1
605_image_605.jpg,1
606_image_606.jpg,0
607_image_607.jpg,0
608_image_608.jpg,1
609_image_609.jpg,1
610_image_610.jpg,1
611_image_611.jpg,0
612_image_612.jpg,0
613_image_613.jpg,0
614_image_614.jpg,0
615_image_615.jpg,1
616_image_616.jpg,1
617_image_617.jpg,1
618_image_618.jpg,1
619_image_619.jpg,1
620_image_620.jpg,1
621_image_621.jpg,1
622_image_622.jpg,0
623_image_623.jpg,1
624_image_624.jpg,1
625_image_625.jpg,1
626_image_626.jpg,1
627_image_627.jpg,0
628_image_628.jpg,0
629_image_629.jpg,0
630_image_630.jpg,0
631_image_631.jpg,1
632_image_632.jpg,0
633_image_633.jpg,1
634_image_634.jpg,0
635_image_635.jpg,1
636_image_636.jpg,1
637_image_637.jpg,1
638_image_638.jpg,0
639_image_639.jpg,0
640_image_640.jpg,0
641_image_641.jpg,1
642_image_642.jpg,1
643_image_643.jpg,1
644_image_644.jpg,0
645_image_645.jpg,0
646_image_646.jpg,1
647_image_647.jpg,0
648_image_648.jpg,1
649_image_649.jpg,0
650_image_650.jpg,0
651_image_651.jpg,1
652_image_652.jpg,1
653_image_653.jpg,0
654_image_654.jpg,1
655_image_655.jpg,0
656_image_656.jpg,1
657_image_657.jpg,1
658_image_658.jpg,0
659_image_659.jpg,1
660_image_660.jpg,1
661_image_661.jpg,1
662_image_662.jpg,1
663_image_663.jpg,0
664_image_664.jpg,1
665_image_665.jpg,0
666_image_666.jpg,0
667_image_667.jpg,1
668_image_668.jpg,0
669_image_669.jpg,1
670_image_670.jpg,1
671_image_671.jpg,1
672_image_672.jpg,1
673_image_673.jpg,1
674_image_674.jpg,1
675_image_675.jpg,1
676_image_676.jpg,0
677_image_677.jpg,1
678_image_678.jpg,1
679_image_679.jpg,0
680_image_680.jpg,1
681_image_681.jpg,0
682_image_682.jpg,1
683_image_683.jpg,1
684_image_684.jpg,1
685_image_685.jpg,1
686_image_686.jpg,0
687_image_687.jpg,1
688_image_688.jpg,0
689_image_689.jpg,0
690_image_690.jpg,0
691_image_691.jpg,1
692_image_692.jpg,1
693_image_693.jpg,0
694_image_694.jpg,1
695_image_695.jpg,0
696_image_696.jpg,1
697_image_697.jpg,1
698_image_698.jpg,1
699_image_699.jpg,1
700_image_700.jpg,1
701_image_701.jpg,0
702_image_702.jpg,1
703_image_703.jpg,0
704_image_704.jpg,1
705_image_705.jpg,0
706_image_706.jpg,1
707_image_707.jpg,1
708_image_708.jpg,0
709_image_709.jpg,1
710_image_710.jpg,0
711_image_711.jpg,1
712_image_712.jpg,0
713_image_713.jpg,1
714_image_714.jpg,1
715_image_715.jpg,1
716_image_716.jpg,1
717_image_717.jpg,0
718_image_718.jpg,0
719_image_719.jpg,0
720_image_720.jpg,0
721_image_721.jpg,1
722_image_722.jpg,0
723_image_723.jpg,1
724_image_724.jpg,0
725_image_725.jpg,1
726_image_726.jpg,1
727_image_727.jpg,1
728_image_728.jpg,0
729_image_729.jpg,1
730_image_730.jpg,1
731_image_731.jpg,1
732_image_732.jpg,1
733_image_733.jpg,0
734_image_734.jpg,1
735_image_735.jpg,1
736_image_736.jpg,1
737_image_737.jpg,1
738_image_738.jpg,1
739_image_739.jpg,0
740_image_740.jpg,0
741_image_741.jpg,1
742_image_742.jpg,0
743_image_743.jpg,1
744_image_744.jpg,1
745_image_745.jpg,1
746_image_746.jpg,0
747_image_747.jpg,1
748_image_748.jpg,1
749_image_749.jpg,0
750_image_750.jpg,1
751_image_751.jpg,0
752_image_752.jpg,0
753_image_753.jpg,1
754_image_754.jpg,1
755_image_755.jpg,1
756_image_756.jpg,1
757_image_757.jpg,0
758_image_758.jpg,1
759_image_759.jpg,0
760_image_760.jpg,1
761_image_761.jpg,1
762_image_762.jpg,1
763_image_763.jpg,1
764_image_764.jpg,0
765_image_765.jpg,1
766_image_766.jpg,1
767_image_767.jpg,0
768_image_768.jpg,0
769_image_769.jpg,0
770_image_770.jpg,1
771_image_771.jpg,1
772_image_772.jpg,1
773_image_773.jpg,1
774_image_774.jpg,1
775_image_775.jpg,1
776_image_776.jpg,1
777_image_777.jpg,0
778_image_778.jpg,1
779_image_779.jpg,1
780_image_780.jpg,1
781_image_781.jpg,0
782_image_782.jpg,1
783_image_783.jpg,1
784_image_784.jpg,1
785_image_785.jpg,1
786_image_786.jpg,0
787_image_787.jpg,0
788_image_788.jpg,0
789_image_789.jpg,1
790_image_790.jpg,1
791_image_791.jpg,1
792_image_792.jpg,0
793_image_793.jpg,0
794_image_794.jpg,1
795_image_795.jpg,1
796_image_796.jpg,0
797_image_797.jpg,1
798_image_798.jpg,1
799_image_799.jpg,0
800_image_800.jpg,0
801_image_801.jpg,1
802_image_802.jpg,1
803_image_803.jpg,1
804_image_804.jpg,1
805_image_805.jpg,0
806_image_806.jpg,0
807_image_807.jpg,0
808_image_808.jpg,1
809_image_809.jpg,1
810_image_810.jpg,1
811_image_811.jpg,0
812_image_812.jpg,1
813_image_813.jpg,1
814_image_814.jpg,0
815_image_815.jpg,0
816_image_816.jpg,1
817_image_817.jpg,1
818_image_818.jpg,0
819_image_819.jpg,0
820_image_820.jpg,0
821_image_821.jpg,1
822_image_822.jpg,1
823_image_823.jpg,1
824_image_824.jpg,1
825_image_825.jpg,1
826_image_826.jpg,0
827_image_827.jpg,1
828_image_828.jpg,1
829_image_829.jpg,1
830_image_830.jpg,0
831_image_831.jpg,1
832_image_832.jpg,1
833_image_833.jpg,1
834_image_834.jpg,0
835_image_835.jpg,0
836_image_836.jpg,0
837_image_837.jpg,1
838_image_838.jpg,1
839_image_839.jpg,1
840_image_840.jpg,1
841_image_841.jpg,0
842_image_842.jpg,1
843_image_843.jpg,0
844_image_844.jpg,1
845_image_845.jpg,0
846_image_846.jpg,1
847_image_847.jpg,1
848_image_848.jpg,1
849_image_849.jpg,0
850_image_850.jpg,1
851_image_851.jpg,0
852_image_852.jpg,0
853_image_853.jpg,1
854_image_854.jpg,1
855_image_855.jpg,0
856_image_856.jpg,1
857_image_857.jpg,1
858_image_858.jpg,1
859_image_859.jpg,0
860_image_860.jpg,1
861_image_861.jpg,1
862_image_862.jpg,1
863_image_863.jpg,1
864_image_864.jpg,1
865_image_865.jpg,1
866_image_866.jpg,1
867_image_867.jpg,1
868_image_868.jpg,1
869_image_869.jpg,0
870_image_870.jpg,1
871_image_871.jpg,1
872_image_872.jpg,1
873_image_873.jpg,0
874_image_874.jpg,1
875_image_875.jpg,1
876_image_876.jpg,1
877_image_877.jpg,0
878_image_878.jpg,1
879_image_879.jpg,1
880_image_880.jpg,1
881_image_881.jpg,1
882_image_882.jpg,1
883_image_883.jpg,0
884_image_884.jpg,1
885_image_885.jpg,1
886_image_886.jpg,1
887_image_887.jpg,1
888_image_888.jpg,1
889_image_889.jpg,0
890_image_890.jpg,0
891_image_891.jpg,1
892_image_892.jpg,1
893_image_893.jpg,0
894_image_894.jpg,1
895_image_895.jpg,0
896_image_896.jpg,1
897_image_897.jpg,1
898_image_898.jpg,0
899_image_899.jpg,1
900_image_900.jpg,1
901_image_901.jpg,1
902_image_902.jpg,1
903_image_903.jpg,0
904_image_904.jpg,1
905_image_905.jpg,1
906_image_906.jpg,0
907_image_907.jpg,0
908_image_908.jpg,1
909_image_909.jpg,0
910_image_910.jpg,1
911_image_911.jpg,0
912_image_912.jpg,1
913_image_913.jpg,0
914_image_914.jpg,1
915_image_915.jpg,1
916_image_916.jpg,1
917_image_917.jpg,1
918_image_918.jpg,1
919_image_919.jpg,0
920_image_920.jpg,1
921_image_921.jpg,1
922_image_922.jpg,1
923_image_923.jpg,0
924_image_924.jpg,0
925_image_925.jpg,1
926_image_926.jpg,0
927_image_927.jpg,1
928_image_928.jpg,0
929_image_929.jpg,1
930_image_930.jpg,1
931_image_931.jpg,1
932_image_932.jpg,0
933_image_933.jpg,1
934_image_934.jpg,1
935_image_935.jpg,0
936_image_936.jpg,1
937_image_937.jpg,1
938_image_938.jpg,0
939_image_939.jpg,1
940_image_940.jpg,1
941_image_941.jpg,1
942_image_942.jpg,0
943_image_943.jpg,1
944_image_944.jpg,1
945_image_945.jpg,0
946_image_946.jpg,0
947_image_947.jpg,1
948_image_948.jpg,1
949_image_949.jpg,1
950_image_950.jpg,1
951_image_951.jpg,0
952_image_952.jpg,0
953_image_953.jpg,1
954_image_954.jpg,1
955_image_955.jpg,1
956_image_956.jpg,1
957_image_957.jpg,1
958_image_958.jpg,0
959_image_959.jpg,1
960_image_960.jpg,1
961_image_961.jpg,0
962_image_962.jpg,1
963_image_963.jpg,0
964_image_964.jpg,1
965_image_965.jpg,0
966_image_966.jpg,1
967_image_967.jpg,1
968_image_968.jpg,0
969_image_969.jpg,1
970_image_970.jpg,0
971_image_971.jpg,1
972_image_972.jpg,1
973_image_973.jpg,0
974_image_974.jpg,1
975_image_975.jpg,0
976_image_976.jpg,1
977_image_977.jpg,1
978_image_978.jpg,1
979_image_979.jpg,1
980_image_980.jpg,1
981_image_981.jpg,1
982_image_982.jpg,1
983_image_983.jpg,1
984_image_984.jpg,1
985_image_985.jpg,0
986_image_986.jpg,0
987_image_987.jpg,0
988_image_988.jpg,1
989_image_989.jpg,0
990_image_990.jpg,0
991_image_991.jpg,1
992_image_992.jpg,1
993_image_993.jpg,1
994_image_994.jpg,1
995_image_995.jpg,0
996_image_996.jpg,0
997_image_997.jpg,0
998_image_998.jpg,1
999_image_999.jpg,1
1000_image_1000.jpg,1
1001_image_1001.jpg,0
1002_image_1002.jpg,1
1003_image_1003.jpg,1
1004_image_1004.jpg,1
1005_image_1005.jpg,1
1006_image_1006.jpg,1
1007_image_1007.jpg,0
1008_image_1008.jpg,1
1009_image_1009.jpg,1
1010_image_1010.jpg,0
1011_image_1011.jpg,1
1012_image_1012.jpg,0
1013_image_1013.jpg,1
1014_image_1014.jpg,1
1015_image_1015.jpg,1
1016_image_1016.jpg,0
1017_image_1017.jpg,1
1018_image_1018.jpg,1
1019_image_1019.jpg,1
1020_image_1020.jpg,1
1021_image_1021.jpg,0
1022_image_1022.jpg,1
1023_image_1023.jpg,0
1024_image_1024.jpg,0
1025_image_1025.jpg,1
1026_image_1026.jpg,1
1027_image_1027.jpg,1
1028_image_1028.jpg,1
1029_image_1029.jpg,0
1030_image_1030.jpg,1
1031_image_1031.jpg,0
1032_image_1032.jpg,1
1033_image_1033.jpg,1
1034_image_1034.jpg,0
1035_image_1035.jpg,0
1036_image_1036.jpg,1
1037_image_1037.jpg,1
1038_image_1038.jpg,1
1039_image_1039.jpg,1
1040_image_1040.jpg,0
1041_image_1041.jpg,1
1042_image_1042.jpg,1
1043_image_1043.jpg,0
1044_image_1044.jpg,0
1045_image_1045.jpg,1
1046_image_1046.jpg,0
1047_image_1047.jpg,0
1048_image_1048.jpg,1
1049_image_1049.jpg,1
1050_image_1050.jpg,0
1051_image_1051.jpg,1
1052_image_1052.jpg,1
1053_image_1053.jpg,1
1054_image_1054.jpg,0
1055_image_1055.jpg,0
1056_image_1056.jpg,1
1057_image_1057.jpg,0
1058_image_1058.jpg,1
1059_image_1059.jpg,1
1060_image_1060.jpg,1
1061_image_1061.jpg,1
1062_image_1062.jpg,1
1063_image_1063.jpg,1
1064_image_1064.jpg,0
1065_image_1065.jpg,1
1066_image_1066.jpg,0
1067_image_1067.jpg,0
1068_image_1068.jpg,0
1069_image_1069.jpg,1
1070_image_1070.jpg,1
1071_image_1071.jpg,0
1072_image_1072.jpg,1
1073_image_1073.jpg,1
1074_image_1074.jpg,0
1075_image_1075.jpg,1
1076_image_1076.jpg,1
1077_image_1077.jpg,0
1078_image_1078.jpg,1
1079_image_1079.jpg,1
1080_image_1080.jpg,0
1081_image_1081.jpg,1
1082_image_1082.jpg,0
1083_image_1083.jpg,0
1084_image_1084.jpg,1
1085_image_1085.jpg,1
1086_image_1086.jpg,0
1087_image_1087.jpg,1
1088_image_1088.jpg,0
1089_image_1089.jpg,1
1090_image_1090.jpg,1
1091_image_1091.jpg,1
1092_image_1092.jpg,1
1093_image_1093.jpg,1
1094_image_1094.jpg,1
1095_image_1095.jpg,1
1096_image_1096.jpg,0
1097_image_1097.jpg,1
1098_image_1098.jpg,1
1099_image_1099.jpg,1
1100_image_1100.jpg,1
1101_image_1101.jpg,0
1102_image_1102.jpg,1
1103_image_1103.jpg,0
1104_image_1104.jpg,0
1105_image_1105.jpg,1
1106_image_1106.jpg,1
1107_image_1107.jpg,1
1108_image_1108.jpg,1
1109_image_1109.jpg,1
1110_image_1110.jpg,1
1111_image_1111.jpg,0
1112_image_1112.jpg,0
1113_image_1113.jpg,1
1114_image_1114.jpg,1
1115_image_1115.jpg,1
1116_image_1116.jpg,1
1117_image_1117.jpg,1
1118_image_1118.jpg,0
1119_image_1119.jpg,0
1120_image_1120.jpg,1
1121_image_1121.jpg,1
1122_image_1122.jpg,1
1123_image_1123.jpg,0
1124_image_1124.jpg,0
1125_image_1125.jpg,0
1126_image_1126.jpg,1
1127_image_1127.jpg,0
1128_image_1128.jpg,1
1129_image_1129.jpg,1
1130_image_1130.jpg,1
1131_image_1131.jpg,1
1132_image_1132.jpg,1
1133_image_1133.jpg,1
1134_image_1134.jpg,1
1135_image_1135.jpg,1
1136_image_1136.jpg,1
1137_image_1137.jpg,1
1138_image_1138.jpg,1
1139_image_1139.jpg,0
1140_image_1140.jpg,0
1141_image_1141.jpg,0
1142_image_1142.jpg,1
1143_image_1143.jpg,1
1144_image_1144.jpg,0
1145_image_1145.jpg,1
1146_image_1146.jpg,0
1147_image_1147.jpg,1
1148_image_1148.jpg,1
1149_image_1149.jpg,1
1150_image_1150.jpg,1
1151_image_1151.jpg,0
1152_image_1152.jpg,1
1153_image_1153.jpg,1
1154_image_1154.jpg,0
1155_image_1155.jpg,1
1156_image_1156.jpg,1
1157_image_1157.jpg,1
1158_image_1158.jpg,0
1159_image_1159.jpg,1
1160_image_1160.jpg,1
1161_image_1161.jpg,1
1162_image_1162.jpg,0
1163_image_1163.jpg,1
1164_image_1164.jpg,1
1165_image_1165.jpg,1
1166_image_1166.jpg,1
1167_image_1167.jpg,1
1168_image_1168.jpg,1
1169_image_1169.jpg,0
1170_image_1170.jpg,1
1171_image_1171.jpg,1
1172_image_1172.jpg,0
1173_image_1173.jpg,1
1174_image_1174.jpg,0
1175_image_1175.jpg,1
1176_image_1176.jpg,1
1177_image_1177.jpg,0
1178_image_1178.jpg,1
1179_image_1179.jpg,1
1180_image_1180.jpg,0
1181_image_1181.jpg,0
1182_image_1182.jpg,1
1183_image_1183.jpg,1
1184_image_1184.jpg,0
1185_image_1185.jpg,1
1186_image_1186.jpg,0
1187_image_1187.jpg,1
1188_image_1188.jpg,1
1189_image_1189.jpg,1
1190_image_1190.jpg,1
1191_image_1191.jpg,1
1192_image_1192.jpg,1
1193_image_1193.jpg,0
1194_image_1194.jpg,1
1195_image_1195.jpg,1
1196_image_1196.jpg,0
1197_image_1197.jpg,1
1198_image_1198.jpg,1
1199_image_1199.jpg,0
1200_image_1200.jpg,1
1201_image_1201.jpg,1
1202_image_1202.jpg,1
1203_image_1203.jpg,0
1204_image_1204.jpg,0
1205_image_1205.jpg,1
1206_image_1206.jpg,1
1207_image_1207.jpg,0
1208_image_1208.jpg,1
1209_image_1209.jpg,1
1210_image_1210.jpg,1
1211_image_1211.jpg,0
1212_image_1212.jpg,0
1213_image_1213.jpg,1
1214_image_1214.jpg,0
1215_image_1215.jpg,0
1216_image_1216.jpg,1
1217_image_1217.jpg,0
1218_image_1218.jpg,0
1219_image_1219.jpg,0
1220_image_1220.jpg,0
1221_image_1221.jpg,1
1222_image_1222.jpg,0
1223_image_1223.jpg,1
1224_image_1224.jpg,1
1225_image_1225.jpg,1
1226_image_1226.jpg,1
1227_image_1227.jpg,1
1228_image_1228.jpg,1
1229_image_1229.jpg,0
1230_image_1230.jpg,1
1231_image_1231.jpg,0
1232_image_1232.jpg,0
1233_image_1233.jpg,1
1234_image_1234.jpg,0
1235_image_1235.jpg,0
1236_image_1236.jpg,0
1237_image_1237.jpg,0
1238_image_1238.jpg,1
1239_image_1239.jpg,0
1240_image_1240.jpg,0
1241_image_1241.jpg,1
1242_image_1242.jpg,1
1243_image_1243.jpg,0
1244_image_1244.jpg,1
1245_image_1245.jpg,0
1246_image_1246.jpg,1
1247_image_1247.jpg,0
1248_image_1248.jpg,1
1249_image_1249.jpg,1
1250_image_1250.jpg,0
1251_image_1251.jpg,0
1252_image_1252.jpg,0
1253_image_1253.jpg,0
1254_image_1254.jpg,1
1255_image_1255.jpg,1
1256_image_1256.jpg,0
1257_image_1257.jpg,1
1258_image_1258.jpg,1
1259_image_1259.jpg,1
1260_image_1260.jpg,1
1261_image_1261.jpg,0
1262_image_1262.jpg,1
1263_image_1263.jpg,1
1264_image_1264.jpg,0
1265_image_1265.jpg,1
1266_image_1266.jpg,1
1267_image_1267.jpg,1
1268_image_1268.jpg,1
1269_image_1269.jpg,1
1270_image_1270.jpg,1
1271_image_1271.jpg,1
1272_image_1272.jpg,1
1273_image_1273.jpg,1
1274_image_1274.jpg,1
1275_image_1275.jpg,0
1276_image_1276.jpg,1
1277_image_1277.jpg,0
1278_image_1278.jpg,1
1279_image_1279.jpg,1
1280_image_1280.jpg,1
1281_image_1281.jpg,0
1282_image_1282.jpg,1
1283_image_1283.jpg,0
1284_image_1284.jpg,0
1285_image_1285.jpg,0
1286_image_1286.jpg,1
1287_image_1287.jpg,0
1288_image_1288.jpg,1
1289_image_1289.jpg,1
1290_image_1290.jpg,1
1291_image_1291.jpg,0
1292_image_1292.jpg,1
1293_image_1293.jpg,1
1294_image_1294.jpg,1
1295_image_1295.jpg,0
1296_image_1296.jpg,0
1297_image_1297.jpg,1
1298_image_1298.jpg,1
1299_image_1299.jpg,0
1300_image_1300.jpg,1
1301_image_1301.jpg,0
1302_image_1302.jpg,0
1303_image_1303.jpg,1
1304_image_1304.jpg,1
1305_image_1305.jpg,1
1306_image_1306.jpg,1
1307_image_1307.jpg,0
1308_image_1308.jpg,0
1309_image_1309.jpg,1
1310_image_1310.jpg,0
1311_image_1311.jpg,1
1312_image_1312.jpg,1
1313_image_1313.jpg,1
1314_image_1314.jpg,1
1315_image_1315.jpg,1
1316_image_1316.jpg,1
1317_image_1317.jpg,0
1318_image_1318.jpg,1
1319_image_1319.jpg,1
1320_image_1320.jpg,1
1321_image_1321.jpg,1
1322_image_1322.jpg,1
1323_image_1323.jpg,0
1324_image_1324.jpg,1
1325_image_1325.jpg,1
1326_image_1326.jpg,0
1327_image_1327.jpg,1
1328_image_1328.jpg,0
1329_image_1329.jpg,0
1330_image_1330.jpg,1
1331_image_1331.jpg,1
1332_image_1332.jpg,0
1333_image_1333.jpg,1
1334_image_1334.jpg,0
1335_image_1335.jpg,0
1336_image_1336.jpg,1
1337_image_1337.jpg,1
1338_image_1338.jpg,1
1339_image_1339.jpg,1
1340_image_1340.jpg,1
1341_image_1341.jpg,1
1342_image_1342.jpg,1
1343_image_1343.jpg,1
1344_image_1344.jpg,1
1345_image_1345.jpg,1
1346_image_1346.jpg,1
1347_image_1347.jpg,1
1348_image_1348.jpg,1
1349_image_1349.jpg,1
1350_image_1350.jpg,0
1351_image_1351.jpg,1
1352_image_1352.jpg,0
1353_image_1353.jpg,1
1354_image_1354.jpg,1
1355_image_1355.jpg,1
1356_image_1356.jpg,0
1357_image_1357.jpg,0
1358_image_1358.jpg,1
1359_image_1359.jpg,1
1360_image_1360.jpg,1
1361_image_1361.jpg,0
1362_image_1362.jpg,1
1363_image_1363.jpg,1
1364_image_1364.jpg,0
1365_image_1365.jpg,1
1366_image_1366.jpg,1
1367_image_1367.jpg,1
1368_image_1368.jpg,1
1369_image_1369.jpg,1
1370_image_1370.jpg,1
1371_image_1371.jpg,0
1372_image_1372.jpg,1
1373_image_1373.jpg,1
1374_image_1374.jpg,1
1375_image_1375.jpg,1
1376_image_1376.jpg,1
1377_image_1377.jpg,1
1378_image_1378.jpg,1
1379_image_1379.jpg,1
1380_image_1380.jpg,1
1381_image_1381.jpg,1
1382_image_1382.jpg,1
1383_image_1383.jpg,1
1384_image_1384.jpg,1
1385_image_1385.jpg,0
1386_image_1386.jpg,0
1387_image_1387.jpg,1
1388_image_1388.jpg,1
1389_image_1389.jpg,1
1390_image_1390.jpg,1
1391_image_1391.jpg,0
1392_image_1392.jpg,1
1393_image_1393.jpg,1
1394_image_1394.jpg,1
1395_image_1395.jpg,1
1396_image_1396.jpg,0
1397_image_1397.jpg,0
1398_image_1398.jpg,1
1399_image_1399.jpg,1
1400_image_1400.jpg,0
1401_image_1401.jpg,1
1402_image_1402.jpg,0
1403_image_1403.jpg,1
1404_image_1404.jpg,0
1405_image_1405.jpg,0
1406_image_1406.jpg,1
1407_image_1407.jpg,0
1408_image_1408.jpg,1
1409_image_1409.jpg,0
1410_image_1410.jpg,0
1411_image_1411.jpg,1
1412_image_1412.jpg,1
1413_image_1413.jpg,1
1414_image_1414.jpg,0
1415_image_1415.jpg,0
1416_image_1416.jpg,1
1417_image_1417.jpg,1
1418_image_1418.jpg,1
1419_image_1419.jpg,1
1420_image_1420.jpg,1
1421_image_1421.jpg,1
1422_image_1422.jpg,1
1423_image_1423.jpg,1
1424_image_1424.jpg,1
1425_image_1425.jpg,1
1426_image_1426.jpg,0
1427_image_1427.jpg,1
1428_image_1428.jpg,0
1429_image_1429.jpg,1
1430_image_1430.jpg,1
1431_image_1431.jpg,1
1432_image_1432.jpg,1
1433_image_1433.jpg,0
1434_image_1434.jpg,1
1435_image_1435.jpg,1
1436_image_1436.jpg,0
1437_image_1437.jpg,0
1438_image_1438.jpg,1
1439_image_1439.jpg,1
1440_image_1440.jpg,1
1441_image_1441.jpg,1
1442_image_1442.jpg,0
1443_image_1443.jpg,1
1444_image_1444.jpg,1
1445_image_1445.jpg,1
1446_image_1446.jpg,1
1447_image_1447.jpg,0
1448_image_1448.jpg,1
1449_image_1449.jpg,1
1450_image_1450.jpg,0
1451_image_1451.jpg,1
1452_image_1452.jpg,0
1453_image_1453.jpg,1
1454_image_1454.jpg,0
1455_image_1455.jpg,0
1456_image_1456.jpg,0
1457_image_1457.jpg,0
1458_image_1458.jpg,1
1459_image_1459.jpg,1
1460_image_1460.jpg,0
1461_image_1461.jpg,1
1462_image_1462.jpg,1
1463_image_1463.jpg,1
1464_image_1464.jpg,0
1465_image_1465.jpg,1
1466_image_1466.jpg,1
1467_image_1467.jpg,0
1468_image_1468.jpg,1
1469_image_1469.jpg,1
1470_image_1470.jpg,1
1471_image_1471.jpg,1
1472_image_1472.jpg,1
1473_image_1473.jpg,0
1474_image_1474.jpg,1
1475_image_1475.jpg,1
1476_image_1476.jpg,1
1477_image_1477.jpg,0
1478_image_1478.jpg,1
1479_image_1479.jpg,1
1480_image_1480.jpg,1
1481_image_1481.jpg,1
1482_image_1482.jpg,1
1483_image_1483.jpg,1
1484_image_1484.jpg,1
1485_image_1485.jpg,1
1486_image_1486.jpg,0
1487_image_1487.jpg,0
1488_image_1488.jpg,1
1489_image_1489.jpg,1
1490_image_1490.jpg,0
1491_image_1491.jpg,1
1492_image_1492.jpg,1
1493_image_1493.jpg,0
1494_image_1494.jpg,1
1495_image_1495.jpg,1
1496_image_1496.jpg,1
1497_image_1497.jpg,0
1498_image_1498.jpg,1
1499_image_1499.jpg,1
1500_image_1500.jpg,1
1501_image_1501.jpg,1
1502_image_1502.jpg,1
1503_image_1503.jpg,1
1504_image_1504.jpg,1
1505_image_1505.jpg,0
1506_image_1506.jpg,1
1507_image_1507.jpg,1
1508_image_1508.jpg,1
1509_image_1509.jpg,1
1510_image_1510.jpg,0
1511_image_1511.jpg,1
1512_image_1512.jpg,0
1513_image_1513.jpg,1
1514_image_1514.jpg,1
1515_image_1515.jpg,1
1516_image_1516.jpg,1
1517_image_1517.jpg,1
1518_image_1518.jpg,1
1519_image_1519.jpg,1
1520_image_1520.jpg,1
1521_image_1521.jpg,0
1522_image_1522.jpg,1
1523_image_1523.jpg,0
1524_image_1524.jpg,0
1525_image_1525.jpg,0
1526_image_1526.jpg,1
1527_image_1527.jpg,1
1528_image_1528.jpg,1
1529_image_1529.jpg,1
1530_image_1530.jpg,1
1531_image_1531.jpg,0
1532_image_1532.jpg,1
1533_image_1533.jpg,1
1534_image_1534.jpg,0
1535_image_1535.jpg,0
1536_image_1536.jpg,1
1537_image_1537.jpg,1
1538_image_1538.jpg,1
1539_image_1539.jpg,1
1540_image_1540.jpg,1
1541_image_1541.jpg,1
1542_image_1542.jpg,1
1543_image_1543.jpg,0
1544_image_1544.jpg,1
1545_image_1545.jpg,1
1546_image_1546.jpg,1
1547_image_1547.jpg,1
1548_image_1548.jpg,0
1549_image_1549.jpg,1
1550_image_1550.jpg,1
1551_image_1551.jpg,0
1552_image_1552.jpg,0
1553_image_1553.jpg,1
1554_image_1554.jpg,1
1555_image_1555.jpg,1
1556_image_1556.jpg,1
1557_image_1557.jpg,1
1558_image_1558.jpg,1
1559_image_1559.jpg,1
1560_image_1560.jpg,1
1561_image_1561.jpg,1
1562_image_1562.jpg,1
1563_image_1563.jpg,1
1564_image_1564.jpg,0
1565_image_1565.jpg,1
1566_image_1566.jpg,1
1567_image_1567.jpg,1
1568_image_1568.jpg,0
1569_image_1569.jpg,1
1570_image_1570.jpg,1
1571_image_1571.jpg,1
1572_image_1572.jpg,0
1573_image_1573.jpg,1
1574_image_1574.jpg,0
1575_image_1575.jpg,0
1576_image_1576.jpg,1
1577_image_1577.jpg,1
1578_image_1578.jpg,1
1579_image_1579.jpg,0
1580_image_1580.jpg,1
1581_image_1581.jpg,1
1582_image_1582.jpg,1
1583_image_1583.jpg,1
1584_image_1584.jpg,1
1585_image_1585.jpg,1
1586_image_1586.jpg,1
1587_image_1587.jpg,1
1588_image_1588.jpg,1
1589_image_1589.jpg,1
1590_image_1590.jpg,1
1591_image_1591.jpg,1
1592_image_1592.jpg,0
1593_image_1593.jpg,1
1594_image_1594.jpg,1
1595_image_1595.jpg,1
1596_image_1596.jpg,1
1597_image_1597.jpg,0
1598_image_1598.jpg,0
1599_image_1599.jpg,1
1600_image_1600.jpg,1
1601_image_1601.jpg,0
1602_image_1602.jpg,0
1603_image_1603.jpg,0
1604_image_1604.jpg,0
1605_image_1605.jpg,0
1606_image_1606.jpg,1
1607_image_1607.jpg,0
1608_image_1608.jpg,1
1609_image_1609.jpg,1
1610_image_1610.jpg,1
1611_image_1611.jpg,0
1612_image_1612.jpg,0
1613_image_1613.jpg,0
1614_image_1614.jpg,0
1615_image_1615.jpg,0
1616_image_1616.jpg,1
1617_image_1617.jpg,1
1618_image_1618.jpg,1
1619_image_1619.jpg,1
1620_image_1620.jpg,1
1621_image_1621.jpg,1
1622_image_1622.jpg,0
1623_image_1623.jpg,1
1624_image_1624.jpg,1
1625_image_1625.jpg,1
1626_image_1626.jpg,1
1627_image_1627.jpg,1
1628_image_1628.jpg,1
1629_image_1629.jpg,1
1630_image_1630.jpg,0
1631_image_1631.jpg,0
1632_image_1632.jpg,1
1633_image_1633.jpg,1
1634_image_1634.jpg,1
1635_image_1635.jpg,1
1636_image_1636.jpg,0
1637_image_1637.jpg,1
1638_image_1638.jpg,1
1639_image_1639.jpg,1
1640_image_1640.jpg,1
1641_image_1641.jpg,0
1642_image_1642.jpg,0
1643_image_1643.jpg,1
1644_image_1644.jpg,1
1645_image_1645.jpg,0
1646_image_1646.jpg,0
1647_image_1647.jpg,0
1648_image_1648.jpg,0
1649_image_1649.jpg,1
1650_image_1650.jpg,0
1651_image_1651.jpg,1
1652_image_1652.jpg,0
1653_image_1653.jpg,1
1654_image_1654.jpg,1
1655_image_1655.jpg,0
1656_image_1656.jpg,1
1657_image_1657.jpg,1
1658_image_1658.jpg,0
1659_image_1659.jpg,0
1660_image_1660.jpg,1
1661_image_1661.jpg,1
1662_image_1662.jpg,1
1663_image_1663.jpg,1
1664_image_1664.jpg,0
1665_image_1665.jpg,1
1666_image_1666.jpg,1
1667_image_1667.jpg,1
1668_image_1668.jpg,0
1669_image_1669.jpg,0
1670_image_1670.jpg,0
1671_image_1671.jpg,1
1672_image_1672.jpg,1
1673_image_1673.jpg,1
1674_image_1674.jpg,0
1675_image_1675.jpg,1
1676_image_1676.jpg,1
1677_image_1677.jpg,1
1678_image_1678.jpg,1
1679_image_1679.jpg,1
1680_image_1680.jpg,1
1681_image_1681.jpg,0
1682_image_1682.jpg,0
1683_image_1683.jpg,0
1684_image_1684.jpg,1
1685_image_1685.jpg,1
1686_image_1686.jpg,1
1687_image_1687.jpg,1
1688_image_1688.jpg,0
1689_image_1689.jpg,0
1690_image_1690.jpg,1
1691_image_1691.jpg,1
1692_image_1692.jpg,0
1693_image_1693.jpg,1
1694_image_1694.jpg,1
1695_image_1695.jpg,1
1696_image_1696.jpg,1
1697_image_1697.jpg,1
1698_image_1698.jpg,1
1699_image_1699.jpg,0
1700_image_1700.jpg,0
1701_image_1701.jpg,1
1702_image_1702.jpg,1
1703_image_1703.jpg,1
1704_image_1704.jpg,1
1705_image_1705.jpg,0
1706_image_1706.jpg,1
1707_image_1707.jpg,1
1708_image_1708.jpg,0
1709_image_1709.jpg,1
1710_image_1710.jpg,0
1711_image_1711.jpg,1
1712_image_1712.jpg,1
1713_image_1713.jpg,1
1714_image_1714.jpg,1
1715_image_1715.jpg,1
1716_image_1716.jpg,1
1717_image_1717.jpg,0
1718_image_1718.jpg,0
1719_image_1719.jpg,0
1720_image_1720.jpg,0
1721_image_1721.jpg,0
1722_image_1722.jpg,1
1723_image_1723.jpg,0
1724_image_1724.jpg,1
1725_image_1725.jpg,1
1726_image_1726.jpg,1
1727_image_1727.jpg,1
1728_image_1728.jpg,1
1729_image_1729.jpg,0
1730_image_1730.jpg,0
1731_image_1731.jpg,1
1732_image_1732.jpg,0
1733_image_1733.jpg,1
1734_image_1734.jpg,1
1735_image_1735.jpg,0
1736_image_1736.jpg,0
1737_image_1737.jpg,0
1738_image_1738.jpg,0
1739_image_1739.jpg,1
1740_image_1740.jpg,1
1741_image_1741.jpg,1
1742_image_1742.jpg,1
1743_image_1743.jpg,1
1744_image_1744.jpg,1
1745_image_1745.jpg,1
1746_image_1746.jpg,0
1747_image_1747.jpg,1
1748_image_1748.jpg,1
1749_image_1749.jpg,0
1750_image_1750.jpg,0
1751_image_1751.jpg,1
1752_image_1752.jpg,0
1753_image_1753.jpg,1
1754_image_1754.jpg,1
1755_image_1755.jpg,1
1756_image_1756.jpg,1
1757_image_1757.jpg,1
1758_image_1758.jpg,0
1759_image_1759.jpg,1
1760_image_1760.jpg,1
1761_image_1761.jpg,1
1762_image_1762.jpg,0
1763_image_1763.jpg,0
1764_image_1764.jpg,1
1765_image_1765.jpg,0
1766_image_1766.jpg,1
1767_image_1767.jpg,1
1768_image_1768.jpg,1
1769_image_1769.jpg,1
1770_image_1770.jpg,1
1771_image_1771.jpg,1
1772_image_1772.jpg,1
1773_image_1773.jpg,1
1774_image_1774.jpg,1
1775_image_1775.jpg,1
1776_image_1776.jpg,1
1777_image_1777.jpg,1
1778_image_1778.jpg,1
1779_image_1779.jpg,1
1780_image_1780.jpg,0
1781_image_1781.jpg,1
1782_image_1782.jpg,1
1783_image_1783.jpg,1
1784_image_1784.jpg,0
1785_image_1785.jpg,1
1786_image_1786.jpg,0
1787_image_1787.jpg,1
1788_image_1788.jpg,1
1789_image_1789.jpg,1
1790_image_1790.jpg,1
1791_image_1791.jpg,1
1792_image_1792.jpg,1
1793_image_1793.jpg,1
1794_image_1794.jpg,1
1795_image_1795.jpg,0
1796_image_1796.jpg,0
1797_image_1797.jpg,1
1798_image_1798.jpg,1
1799_image_1799.jpg,0
1800_image_1800.jpg,1
1801_image_1801.jpg,1
1802_image_1802.jpg,1
1803_image_1803.jpg,1
1804_image_1804.jpg,1
1805_image_1805.jpg,1
1806_image_1806.jpg,1
1807_image_1807.jpg,0
1808_image_1808.jpg,1
1809_image_1809.jpg,1
1810_image_1810.jpg,1
1811_image_1811.jpg,0
1812_image_1812.jpg,1
1813_image_1813.jpg,1
1814_image_1814.jpg,1
1815_image_1815.jpg,1
1816_image_1816.jpg,0
1817_image_1817.jpg,0
1818_image_1818.jpg,0
1819_image_1819.jpg,1
1820_image_1820.jpg,1
1821_image_1821.jpg,1
1822_image_1822.jpg,1
1823_image_1823.jpg,1
1824_image_1824.jpg,1
1825_image_1825.jpg,1
1826_image_1826.jpg,1
1827_image_1827.jpg,1
1828_image_1828.jpg,0
1829_image_1829.jpg,0
1830_image_1830.jpg,1
1831_image_1831.jpg,1
1832_image_1832.jpg,0
1833_image_1833.jpg,0
1834_image_1834.jpg,1
1835_image_1835.jpg,1
1836_image_1836.jpg,1
1837_image_1837.jpg,1
1838_image_1838.jpg,1
1839_image_1839.jpg,1
1840_image_1840.jpg,0
1841_image_1841.jpg,1
1842_image_1842.jpg,0
1843_image_1843.jpg,0
1844_image_1844.jpg,1
1845_image_1845.jpg,1
1846_image_1846.jpg,1
1847_image_1847.jpg,1
1848_image_1848.jpg,1
1849_image_1849.jpg,1
1850_image_1850.jpg,1
1851_image_1851.jpg,0
1852_image_1852.jpg,1
1853_image_1853.jpg,1
1854_image_1854.jpg,1
1855_image_1855.jpg,1
1856_image_1856.jpg,1
1857_image_1857.jpg,1
1858_image_1858.jpg,0
1859_image_1859.jpg,1
1860_image_1860.jpg,0
1861_image_1861.jpg,0
1862_image_1862.jpg,0
1863_image_1863.jpg,1
1864_image_1864.jpg,0
1865_image_1865.jpg,0
1866_image_1866.jpg,1
1867_image_1867.jpg,0
1868_image_1868.jpg,0
1869_image_1869.jpg,1
1870_image_1870.jpg,0
1871_image_1871.jpg,0
1872_image_1872.jpg,1
1873_image_1873.jpg,1
1874_image_1874.jpg,1
1875_image_1875.jpg,0
1876_image_1876.jpg,1
1877_image_1877.jpg,1
1878_image_1878.jpg,0
1879_image_1879.jpg,1
1880_image_1880.jpg,0
1881_image_1881.jpg,1
1882_image_1882.jpg,0
1883_image_1883.jpg,1
1884_image_1884.jpg,0
1885_image_1885.jpg,1
1886_image_1886.jpg,1
1887_image_1887.jpg,1
1888_image_1888.jpg,1
1889_image_1889.jpg,1
1890_image_1890.jpg,1
1891_image_1891.jpg,0
1892_image_1892.jpg,1
1893_image_1893.jpg,1
1894_image_1894.jpg,1
1895_image_1895.jpg,0
1896_image_1896.jpg,0
1897_image_1897.jpg,0
1898_image_1898.jpg,1
1899_image_1899.jpg,1
1900_image_1900.jpg,1
1901_image_1901.jpg,1
1902_image_1902.jpg,1
1903_image_1903.jpg,1
1904_image_1904.jpg,1
1905_image_1905.jpg,1
1906_image_1906.jpg,0
1907_image_1907.jpg,1
1908_image_1908.jpg,0
1909_image_1909.jpg,0
1910_image_1910.jpg,1
1911_image_1911.jpg,1
1912_image_1912.jpg,1
1913_image_1913.jpg,1
1914_image_1914.jpg,0
1915_image_1915.jpg,1
1916_image_1916.jpg,1
1917_image_1917.jpg,1
1918_image_1918.jpg,1
1919_image_1919.jpg,1
1920_image_1920.jpg,0
1921_image_1921.jpg,0
1922_image_1922.jpg,0
1923_image_1923.jpg,0
1924_image_1924.jpg,1
1925_image_1925.jpg,1
1926_image_1926.jpg,1
1927_image_1927.jpg,1
1928_image_1928.jpg,1
1929_image_1929.jpg,1
1930_image_1930.jpg,1
1931_image_1931.jpg,1
1932_image_1932.jpg,0
1933_image_1933.jpg,0
1934_image_1934.jpg,1
1935_image_1935.jpg,1
1936_image_1936.jpg,1
1937_image_1937.jpg,1
1938_image_1938.jpg,1
1939_image_1939.jpg,1
1940_image_1940.jpg,1
1941_image_1941.jpg,0
1942_image_1942.jpg,1
1943_image_1943.jpg,1
1944_image_1944.jpg,1
1945_image_1945.jpg,1
1946_image_1946.jpg,1
1947_image_1947.jpg,1
1948_image_1948.jpg,1
1949_image_1949.jpg,1
1950_image_1950.jpg,1
1951_image_1951.jpg,1
1952_image_1952.jpg,0
1953_image_1953.jpg,1
1954_image_1954.jpg,0
1955_image_1955.jpg,1
1956_image_1956.jpg,1
1957_image_1957.jpg,0
1958_image_1958.jpg,1
1959_image_1959.jpg,0
1960_image_1960.jpg,0
1961_image_1961.jpg,0
1962_image_1962.jpg,0
1963_image_1963.jpg,0
1964_image_1964.jpg,1
1965_image_1965.jpg,0
1966_image_1966.jpg,0
1967_image_1967.jpg,0
1968_image_1968.jpg,0
1969_image_1969.jpg,0
1970_image_1970.jpg,1
1971_image_1971.jpg,1
1972_image_1972.jpg,0
1973_image_1973.jpg,0
1974_image_1974.jpg,1
1975_image_1975.jpg,1
1976_image_1976.jpg,1
1977_image_1977.jpg,0
1978_image_1978.jpg,1
1979_image_1979.jpg,0
1980_image_1980.jpg,1
1981_image_1981.jpg,0
1982_image_1982.jpg,1
1983_image_1983.jpg,1
1984_image_1984.jpg,1
1985_image_1985.jpg,1
1986_image_1986.jpg,1
1987_image_1987.jpg,1
1988_image_1988.jpg,1
1989_image_1989.jpg,0
1990_image_1990.jpg,1
1991_image_1991.jpg,0
1992_image_1992.jpg,1
1993_image_1993.jpg,1
1994_image_1994.jpg,1
1995_image_1995.jpg,1
1996_image_1996.jpg,1
1997_image_1997.jpg,1
1998_image_1998.jpg,0
1999_image_1999.jpg,1
2000_image_2000.jpg,1
2001_image_2001.jpg,1
2002_image_2002.jpg,1
2003_image_2003.jpg,1
2004_image_2004.jpg,1
2005_image_2005.jpg,0
2006_image_2006.jpg,1
2007_image_2007.jpg,0
2008_image_2008.jpg,0
2009_image_2009.jpg,1
2010_image_2010.jpg,0
2011_image_2011.jpg,0
2012_image_2012.jpg,0
2013_image_2013.jpg,0
2014_image_2014.jpg,1
2015_image_2015.jpg,1
2016_image_2016.jpg,1
2017_image_2017.jpg,1
2018_image_2018.jpg,1
2019_image_2019.jpg,1
2020_image_2020.jpg,1
2021_image_2021.jpg,1
2022_image_2022.jpg,1
2023_image_2023.jpg,1
2024_image_2024.jpg,1
2025_image_2025.jpg,0
2026_image_2026.jpg,1
2027_image_2027.jpg,1
2028_image_2028.jpg,1
2029_image_2029.jpg,0
2030_image_2030.jpg,1
2031_image_2031.jpg,0
2032_image_2032.jpg,1
2033_image_2033.jpg,1
2034_image_2034.jpg,1
2035_image_2035.jpg,1
2036_image_2036.jpg,1
2037_image_2037.jpg,1
2038_image_2038.jpg,1
2039_image_2039.jpg,0
2040_image_2040.jpg,1
2041_image_2041.jpg,1
2042_image_2042.jpg,1
2043_image_2043.jpg,0
2044_image_2044.jpg,1
2045_image_2045.jpg,0
2046_image_2046.jpg,1
2047_image_2047.jpg,1
2048_image_2048.jpg,0
2049_image_2049.jpg,0
2050_image_2050.jpg,0
2051_image_2051.jpg,0
2052_image_2052.jpg,0
2053_image_2053.jpg,1
2054_image_2054.jpg,0
2055_image_2055.jpg,1
2056_image_2056.jpg,1
2057_image_2057.jpg,1
2058_image_2058.jpg,0
2059_image_2059.jpg,1
2060_image_2060.jpg,1
2061_image_2061.jpg,1
2062_image_2062.jpg,1
2063_image_2063.jpg,1
2064_image_2064.jpg,1
2065_image_2065.jpg,0
2066_image_2066.jpg,0
2067_image_2067.jpg,0
2068_image_2068.jpg,1
2069_image_2069.jpg,1
2070_image_2070.jpg,1
2071_image_2071.jpg,1
2072_image_2072.jpg,1
2073_image_2073.jpg,0
2074_image_2074.jpg,1
2075_image_2075.jpg,1
2076_image_2076.jpg,1
2077_image_2077.jpg,1
2078_image_2078.jpg,1
2079_image_2079.jpg,1
2080_image_2080.jpg,1
2081_image_2081.jpg,1
2082_image_2082.jpg,1
2083_image_2083.jpg,1
2084_image_2084.jpg,1
2085_image_2085.jpg,1
2086_image_2086.jpg,1
2087_image_2087.jpg,1
2088_image_2088.jpg,1
2089_image_2089.jpg,1
2090_image_2090.jpg,0
2091_image_2091.jpg,1
2092_image_2092.jpg,1
2093_image_2093.jpg,1
2094_image_2094.jpg,0
2095_image_2095.jpg,1
2096_image_2096.jpg,1
2097_image_2097.jpg,1
2098_image_2098.jpg,0
2099_image_2099.jpg,0
2100_image_2100.jpg,0
2101_image_2101.jpg,1
2102_image_2102.jpg,1
2103_image_2103.jpg,1
2104_image_2104.jpg,1
2105_image_2105.jpg,1
2106_image_2106.jpg,1
2107_image_2107.jpg,1
2108_image_2108.jpg,1
2109_image_2109.jpg,1
2110_image_2110.jpg,1
2111_image_2111.jpg,1
2112_image_2112.jpg,1
2113_image_2113.jpg,1
2114_image_2114.jpg,1
2115_image_2115.jpg,0
2116_image_2116.jpg,0
2117_image_2117.jpg,1
2118_image_2118.jpg,1
2119_image_2119.jpg,1
2120_image_2120.jpg,1
2121_image_2121.jpg,1
2122_image_2122.jpg,0
2123_image_2123.jpg,1
2124_image_2124.jpg,1
2125_image_2125.jpg,0
2126_image_2126.jpg,1
2127_image_2127.jpg,1
2128_image_2128.jpg,1
2129_image_2129.jpg,0
2130_image_2130.jpg,1
2131_image_2131.jpg,0
2132_image_2132.jpg,0
2133_image_2133.jpg,1
2134_image_2134.jpg,0
2135_image_2135.jpg,1
2136_image_2136.jpg,0
2137_image_2137.jpg,1
2138_image_2138.jpg,1
2139_image_2139.jpg,1
2140_image_2140.jpg,0
2141_image_2141.jpg,1
2142_image_2142.jpg,1
2143_image_2143.jpg,1
2144_image_2144.jpg,1
2145_image_2145.jpg,1
2146_image_2146.jpg,1
2147_image_2147.jpg,1
2148_image_2148.jpg,1
2149_image_2149.jpg,1
2150_image_2150.jpg,1
2151_image_2151.jpg,0
2152_image_2152.jpg,0
2153_image_2153.jpg,1
2154_image_2154.jpg,0
2155_image_2155.jpg,0
2156_image_2156.jpg,0
2157_image_2157.jpg,1
2158_image_2158.jpg,1
2159_image_2159.jpg,1
2160_image_2160.jpg,1
2161_image_2161.jpg,1
2162_image_2162.jpg,0
2163_image_2163.jpg,1
2164_image_2164.jpg,0
2165_image_2165.jpg,1
2166_image_2166.jpg,1
2167_image_2167.jpg,1
2168_image_2168.jpg,1
2169_image_2169.jpg,1
2170_image_2170.jpg,1
2171_image_2171.jpg,0
2172_image_2172.jpg,1
2173_image_2173.jpg,1
2174_image_2174.jpg,1
2175_image_2175.jpg,0
2176_image_2176.jpg,1
2177_image_2177.jpg,1
2178_image_2178.jpg,0
2179_image_2179.jpg,1
2180_image_2180.jpg,1
2181_image_2181.jpg,1
2182_image_2182.jpg,1
2183_image_2183.jpg,1
2184_image_2184.jpg,1
2185_image_2185.jpg,0
2186_image_2186.jpg,1
2187_image_2187.jpg,1
2188_image_2188.jpg,0
2189_image_2189.jpg,0
2190_image_2190.jpg,1
2191_image_2191.jpg,1
2192_image_2192.jpg,1
2193_image_2193.jpg,1
2194_image_2194.jpg,1
2195_image_2195.jpg,1
2196_image_2196.jpg,1
2197_image_2197.jpg,1
2198_image_2198.jpg,0
2199_image_2199.jpg,1
2200_image_2200.jpg,0
2201_image_2201.jpg,1
2202_image_2202.jpg,0
2203_image_2203.jpg,1
2204_image_2204.jpg,1
2205_image_2205.jpg,0
2206_image_2206.jpg,1
2207_image_2207.jpg,0
2208_image_2208.jpg,1
2209_image_2209.jpg,1
2210_image_2210.jpg,1
2211_image_2211.jpg,1
2212_image_2212.jpg,0
2213_image_2213.jpg,1
2214_image_2214.jpg,1
2215_image_2215.jpg,0
2216_image_2216.jpg,1
2217_image_2217.jpg,0
2218_image_2218.jpg,1
2219_image_2219.jpg,1
2220_image_2220.jpg,1
2221_image_2221.jpg,1
2222_image_2222.jpg,0
2223_image_2223.jpg,1
2224_image_2224.jpg,1
2225_image_2225.jpg,1
2226_image_2226.jpg,0
2227_image_2227.jpg,1
2228_image_2228.jpg,1
2229_image_2229.jpg,0
2230_image_2230.jpg,1
2231_image_2231.jpg,1
2232_image_2232.jpg,1
2233_image_2233.jpg,1
2234_image_2234.jpg,1
2235_image_2235.jpg,1
2236_image_2236.jpg,1
2237_image_2237.jpg,1
2238_image_2238.jpg,0
2239_image_2239.jpg,1
2240_image_2240.jpg,1
2241_image_2241.jpg,1
2242_image_2242.jpg,0
2243_image_2243.jpg,1
2244_image_2244.jpg,0
2245_image_2245.jpg,1
2246_image_2246.jpg,0
2247_image_2247.jpg,1
2248_image_2248.jpg,0
2249_image_2249.jpg,1
2250_image_2250.jpg,1
2251_image_2251.jpg,1
2252_image_2252.jpg,1
2253_image_2253.jpg,0
2254_image_2254.jpg,1
2255_image_2255.jpg,1
2256_image_2256.jpg,1
2257_image_2257.jpg,1
2258_image_2258.jpg,1
2259_image_2259.jpg,0
2260_image_2260.jpg,1
2261_image_2261.jpg,1
2262_image_2262.jpg,1
2263_image_2263.jpg,1
2264_image_2264.jpg,1
2265_image_2265.jpg,1
2266_image_2266.jpg,0
2267_image_2267.jpg,0
2268_image_2268.jpg,1
2269_image_2269.jpg,1
2270_image_2270.jpg,1
2271_image_2271.jpg,0
2272_image_2272.jpg,1
2273_image_2273.jpg,1
2274_image_2274.jpg,0
2275_image_2275.jpg,0
2276_image_2276.jpg,1
2277_image_2277.jpg,0
2278_image_2278.jpg,1
2279_image_2279.jpg,1
2280_image_2280.jpg,0
2281_image_2281.jpg,0
2282_image_2282.jpg,1
2283_image_2283.jpg,1
2284_image_2284.jpg,0
2285_image_2285.jpg,1
2286_image_2286.jpg,1
2287_image_2287.jpg,0
2288_image_2288.jpg,1
2289_image_2289.jpg,1
2290_image_2290.jpg,1
2291_image_2291.jpg,0
2292_image_2292.jpg,1
2293_image_2293.jpg,1
2294_image_2294.jpg,1
2295_image_2295.jpg,1
2296_image_2296.jpg,0
2297_image_2297.jpg,1
2298_image_2298.jpg,1
2299_image_2299.jpg,1
2300_image_2300.jpg,1
2301_image_2301.jpg,0
2302_image_2302.jpg,1
2303_image_2303.jpg,0
2304_image_2304.jpg,1
2305_image_2305.jpg,0
2306_image_2306.jpg,0
2307_image_2307.jpg,1
2308_image_2308.jpg,1
2309_image_2309.jpg,1
2310_image_2310.jpg,1
2311_image_2311.jpg,1
2312_image_2312.jpg,0
2313_image_2313.jpg,0
2314_image_2314.jpg,1
2315_image_2315.jpg,1
2316_image_2316.jpg,0
2317_image_2317.jpg,1
2318_image_2318.jpg,1
2319_image_2319.jpg,0
2320_image_2320.jpg,1
2321_image_2321.jpg,0
2322_image_2322.jpg,1
2323_image_2323.jpg,1
2324_image_2324.jpg,1
2325_image_2325.jpg,0
2326_image_2326.jpg,0
2327_image_2327.jpg,1
2328_image_2328.jpg,1
2329_image_2329.jpg,1
2330_image_2330.jpg,0
2331_image_2331.jpg,1
2332_image_2332.jpg,1
2333_image_2333.jpg,0
2334_image_2334.jpg,1
2335_image_2335.jpg,0
2336_image_2336.jpg,1
2337_image_2337.jpg,0
2338_image_2338.jpg,1
2339_image_2339.jpg,1
2340_image_2340.jpg,0
2341_image_2341.jpg,1
2342_image_2342.jpg,1
2343_image_2343.jpg,1
2344_image_2344.jpg,1
2345_image_2345.jpg,0
2346_image_2346.jpg,0
2347_image_2347.jpg,1
2348_image_2348.jpg,1
2349_image_2349.jpg,1
2350_image_2350.jpg,1
2351_image_2351.jpg,1
2352_image_2352.jpg,0
2353_image_2353.jpg,1
2354_image_2354.jpg,1
2355_image_2355.jpg,0
2356_image_2356.jpg,1
2357_image_2357.jpg,1
2358_image_2358.jpg,1
2359_image_2359.jpg,1
2360_image_2360.jpg,1
2361_image_2361.jpg,0
2362_image_2362.jpg,1
2363_image_2363.jpg,1
2364_image_2364.jpg,0
2365_image_2365.jpg,1
2366_image_2366.jpg,1
2367_image_2367.jpg,1
2368_image_2368.jpg,1
2369_image_2369.jpg,1
2370_image_2370.jpg,1
2371_image_2371.jpg,0
2372_image_2372.jpg,0
2373_image_2373.jpg,1
2374_image_2374.jpg,1
2375_image_2375.jpg,0
2376_image_2376.jpg,1
2377_image_2377.jpg,1
2378_image_2378.jpg,1
2379_image_2379.jpg,0
2380_image_2380.jpg,0
2381_image_2381.jpg,1
2382_image_2382.jpg,1
2383_image_2383.jpg,1
2384_image_2384.jpg,1
2385_image_2385.jpg,1
2386_image_2386.jpg,1
2387_image_2387.jpg,1
2388_image_2388.jpg,1
2389_image_2389.jpg,1
2390_image_2390.jpg,0
2391_image_2391.jpg,1
2392_image_2392.jpg,1
2393_image_2393.jpg,1
2394_image_2394.jpg,1
2395_image_2395.jpg,1
2396_image_2396.jpg,1
2397_image_2397.jpg,0
2398_image_2398.jpg,1
2399_image_2399.jpg,0
2400_image_2400.jpg,1
2401_image_2401.jpg,0
2402_image_2402.jpg,0
2403_image_2403.jpg,1
2404_image_2404.jpg,1
2405_image_2405.jpg,1
2406_image_2406.jpg,1
2407_image_2407.jpg,1
2408_image_2408.jpg,1
2409_image_2409.jpg,1
2410_image_2410.jpg,0
2411_image_2411.jpg,0
2412_image_2412.jpg,0
2413_image_2413.jpg,1
2414_image_2414.jpg,1
2415_image_2415.jpg,1
2416_image_2416.jpg,0
2417_image_2417.jpg,0
2418_image_2418.jpg,0
2419_image_2419.jpg,1
2420_image_2420.jpg,1
2421_image_2421.jpg,1
2422_image_2422.jpg,0
2423_image_2423.jpg,1
2424_image_2424.jpg,1
2425_image_2425.jpg,1
2426_image_2426.jpg,1
2427_image_2427.jpg,1
2428_image_2428.jpg,1
2429_image_2429.jpg,0
2430_image_2430.jpg,1
2431_image_2431.jpg,0
2432_image_2432.jpg,1
2433_image_2433.jpg,0
2434_image_2434.jpg,0
2435_image_2435.jpg,1
2436_image_2436.jpg,1
2437_image_2437.jpg,0
2438_image_2438.jpg,1
2439_image_2439.jpg,1
2440_image_2440.jpg,1
2441_image_2441.jpg,1
2442_image_2442.jpg,1
2443_image_2443.jpg,1
2444_image_2444.jpg,0
2445_image_2445.jpg,1
2446_image_2446.jpg,0
2447_image_2447.jpg,1
2448_image_2448.jpg,0
2449_image_2449.jpg,0
2450_image_2450.jpg,1
2451_image_2451.jpg,0
2452_image_2452.jpg,1
2453_image_2453.jpg,0
2454_image_2454.jpg,1
2455_image_2455.jpg,1
2456_image_2456.jpg,1
2457_image_2457.jpg,1
2458_image_2458.jpg,0
2459_image_2459.jpg,1
2460_image_2460.jpg,0
2461_image_2461.jpg,1
2462_image_2462.jpg,0
2463_image_2463.jpg,1
2464_image_2464.jpg,1
2465_image_2465.jpg,0
2466_image_2466.jpg,0
2467_image_2467.jpg,1
2468_image_2468.jpg,0
2469_image_2469.jpg,1
2470_image_2470.jpg,1
2471_image_2471.jpg,1
2472_image_2472.jpg,1
2473_image_2473.jpg,0
2474_image_2474.jpg,1
2475_image_2475.jpg,1
2476_image_2476.jpg,1
2477_image_2477.jpg,1
2478_image_2478.jpg,1
2479_image_2479.jpg,0
2480_image_2480.jpg,1
2481_image_2481.jpg,1
2482_image_2482.jpg,1
2483_image_2483.jpg,1
2484_image_2484.jpg,1
2485_image_2485.jpg,1
2486_image_2486.jpg,0
2487_image_2487.jpg,0
2488_image_2488.jpg,0
2489_image_2489.jpg,1
2490_image_2490.jpg,1
2491_image_2491.jpg,1
2492_image_2492.jpg,0
2493_image_2493.jpg,1
2494_image_2494.jpg,1
2495_image_2495.jpg,1
2496_image_2496.jpg,1
2497_image_2497.jpg,1
2498_image_2498.jpg,1
2499_image_2499.jpg,1
2500_image_2500.jpg,1
2501_image_2501.jpg,1
2502_image_2502.jpg,0
2503_image_2503.jpg,0
2504_image_2504.jpg,1
2505_image_2505.jpg,1
2506_image_2506.jpg,1
2507_image_2507.jpg,1
2508_image_2508.jpg,1
2509_image_2509.jpg,1
2510_image_2510.jpg,1
2511_image_2511.jpg,1
2512_image_2512.jpg,0
2513_image_2513.jpg,1
2514_image_2514.jpg,1
2515_image_2515.jpg,0
2516_image_2516.jpg,1
2517_image_2517.jpg,0
2518_image_2518.jpg,0
2519_image_2519.jpg,1
2520_image_2520.jpg,1
2521_image_2521.jpg,1
2522_image_2522.jpg,1
2523_image_2523.jpg,1
2524_image_2524.jpg,1
2525_image_2525.jpg,0
2526_image_2526.jpg,0
2527_image_2527.jpg,1
2528_image_2528.jpg,0
2529_image_2529.jpg,1
2530_image_2530.jpg,1
2531_image_2531.jpg,1
2532_image_2532.jpg,0
2533_image_2533.jpg,1
2534_image_2534.jpg,1
2535_image_2535.jpg,1
2536_image_2536.jpg,1
2537_image_2537.jpg,1
2538_image_2538.jpg,1
2539_image_2539.jpg,1
2540_image_2540.jpg,1
2541_image_2541.jpg,1
2542_image_2542.jpg,0
2543_image_2543.jpg,0
2544_image_2544.jpg,0
2545_image_2545.jpg,1
2546_image_2546.jpg,0
2547_image_2547.jpg,1
2548_image_2548.jpg,1
2549_image_2549.jpg,0
2550_image_2550.jpg,1
2551_image_2551.jpg,1
2552_image_2552.jpg,1
2553_image_2553.jpg,1
2554_image_2554.jpg,1
2555_image_2555.jpg,1
2556_image_2556.jpg,0
2557_image_2557.jpg,1
2558_image_2558.jpg,1
2559_image_2559.jpg,1
2560_image_2560.jpg,1
2561_image_2561.jpg,0
2562_image_2562.jpg,0
2563_image_2563.jpg,1
2564_image_2564.jpg,0
2565_image_2565.jpg,1
2566_image_2566.jpg,0
2567_image_2567.jpg,1
2568_image_2568.jpg,0
2569_image_2569.jpg,1
2570_image_2570.jpg,1
2571_image_2571.jpg,1
2572_image_2572.jpg,1
2573_image_2573.jpg,1
2574_image_2574.jpg,1
2575_image_2575.jpg,1
2576_image_2576.jpg,1
2577_image_2577.jpg,1
2578_image_2578.jpg,1
2579_image_2579.jpg,1
2580_image_2580.jpg,0
2581_image_2581.jpg,1
2582_image_2582.jpg,0
2583_image_2583.jpg,1
2584_image_2584.jpg,1
2585_image_2585.jpg,1
2586_image_2586.jpg,0
2587_image_2587.jpg,1
2588_image_2588.jpg,1
2589_image_2589.jpg,1
2590_image_2590.jpg,0
2591_image_2591.jpg,1
2592_image_2592.jpg,1
2593_image_2593.jpg,1
2594_image_2594.jpg,1
2595_image_2595.jpg,0
2596_image_2596.jpg,1
2597_image_2597.jpg,1
2598_image_2598.jpg,1
2599_image_2599.jpg,1
2600_image_2600.jpg,1
2601_image_2601.jpg,1
2602_image_2602.jpg,1
2603_image_2603.jpg,0
2604_image_2604.jpg,0
2605_image_2605.jpg,1
2606_image_2606.jpg,1
2607_image_2607.jpg,1
2608_image_2608.jpg,1
2609_image_2609.jpg,0
2610_image_2610.jpg,0
2611_image_2611.jpg,1
2612_image_2612.jpg,0
2613_image_2613.jpg,1
2614_image_2614.jpg,1
2615_image_2615.jpg,1
2616_image_2616.jpg,1
2617_image_2617.jpg,1
2618_image_2618.jpg,0
2619_image_2619.jpg,1
2620_image_2620.jpg,1
2621_image_2621.jpg,1
2622_image_2622.jpg,1
2623_image_2623.jpg,1
2624_image_2624.jpg,0
2625_image_2625.jpg,1
2626_image_2626.jpg,1
2627_image_2627.jpg,1
2628_image_2628.jpg,1
2629_image_2629.jpg,1
2630_image_2630.jpg,1
2631_image_2631.jpg,1
2632_image_2632.jpg,0
2633_image_2633.jpg,1
2634_image_2634.jpg,0
2635_image_2635.jpg,1
2636_image_2636.jpg,1
2637_image_2637.jpg,1
2638_image_2638.jpg,1
2639_image_2639.jpg,1
2640_image_2640.jpg,0
2641_image_2641.jpg,0
2642_image_2642.jpg,0
2643_image_2643.jpg,0
2644_image_2644.jpg,1
2645_image_2645.jpg,1
2646_image_2646.jpg,0
2647_image_2647.jpg,0
2648_image_2648.jpg,0
2649_image_2649.jpg,1
2650_image_2650.jpg,1
2651_image_2651.jpg,0
2652_image_2652.jpg,1
2653_image_2653.jpg,0
2654_image_2654.jpg,1
2655_image_2655.jpg,1
2656_image_2656.jpg,0
2657_image_2657.jpg,1
2658_image_2658.jpg,1
2659_image_2659.jpg,1
2660_image_2660.jpg,1
2661_image_2661.jpg,1
2662_image_2662.jpg,1
2663_image_2663.jpg,1
2664_image_2664.jpg,1
2665_image_2665.jpg,1
2666_image_2666.jpg,1
2667_image_2667.jpg,1
2668_image_2668.jpg,1
2669_image_2669.jpg,1
2670_image_2670.jpg,1
2671_image_2671.jpg,1
2672_image_2672.jpg,1
2673_image_2673.jpg,1
2674_image_2674.jpg,0
2675_image_2675.jpg,0
2676_image_2676.jpg,1
2677_image_2677.jpg,1
2678_image_2678.jpg,0
2679_image_2679.jpg,0
2680_image_2680.jpg,0
2681_image_2681.jpg,0
2682_image_2682.jpg,0
2683_image_2683.jpg,1
2684_image_2684.jpg,0
2685_image_2685.jpg,1
2686_image_2686.jpg,1
2687_image_2687.jpg,0
2688_image_2688.jpg,0
2689_image_2689.jpg,1
2690_image_2690.jpg,1
2691_image_2691.jpg,1
2692_image_2692.jpg,0
2693_image_2693.jpg,1
2694_image_2694.jpg,0
2695_image_2695.jpg,1
2696_image_2696.jpg,1
2697_image_2697.jpg,1
2698_image_2698.jpg,1
2699_image_2699.jpg,1
2700_image_2700.jpg,0
2701_image_2701.jpg,1
2702_image_2702.jpg,1
2703_image_2703.jpg,1
2704_image_2704.jpg,1
2705_image_2705.jpg,0
2706_image_2706.jpg,0
2707_image_2707.jpg,1
2708_image_2708.jpg,1
2709_image_2709.jpg,0
2710_image_2710.jpg,1
2711_image_2711.jpg,1
2712_image_2712.jpg,0
2713_image_2713.jpg,0
2714_image_2714.jpg,1
2715_image_2715.jpg,0
2716_image_2716.jpg,1
2717_image_2717.jpg,1
2718_image_2718.jpg,0
2719_image_2719.jpg,0
2720_image_2720.jpg,0
2721_image_2721.jpg,1
2722_image_2722.jpg,1
2723_image_2723.jpg,1
2724_image_2724.jpg,1
2725_image_2725.jpg,1
2726_image_2726.jpg,1
2727_image_2727.jpg,1
2728_image_2728.jpg,1
2729_image_2729.jpg,1
2730_image_2730.jpg,1
2731_image_2731.jpg,1
2732_image_2732.jpg,1
2733_image_2733.jpg,1
2734_image_2734.jpg,1
2735_image_2735.jpg,1
2736_image_2736.jpg,1
2737_image_2737.jpg,1
2738_image_2738.jpg,1
2739_image_2739.jpg,0
2740_image_2740.jpg,0
2741_image_2741.jpg,1
2742_image_2742.jpg,0
2743_image_2743.jpg,0
2744_image_2744.jpg,1
2745_image_2745.jpg,1
2746_image_2746.jpg,1
2747_image_2747.jpg,0
2748_image_2748.jpg,0
2749_image_2749.jpg,1
2750_image_2750.jpg,1
2751_image_2751.jpg,1
2752_image_2752.jpg,0
2753_image_2753.jpg,0
2754_image_2754.jpg,1
2755_image_2755.jpg,1
2756_image_2756.jpg,1
2757_image_2757.jpg,0
2758_image_2758.jpg,1
2759_image_2759.jpg,1
2760_image_2760.jpg,0
2761_image_2761.jpg,1
2762_image_2762.jpg,0
2763_image_2763.jpg,0
2764_image_2764.jpg,0
2765_image_2765.jpg,0
2766_image_2766.jpg,0
2767_image_2767.jpg,1
2768_image_2768.jpg,0
2769_image_2769.jpg,0
2770_image_2770.jpg,0
2771_image_2771.jpg,1
2772_image_2772.jpg,0
2773_image_2773.jpg,1
2774_image_2774.jpg,0
2775_image_2775.jpg,0
2776_image_2776.jpg,1
2777_image_2777.jpg,1
2778_image_2778.jpg,1
2779_image_2779.jpg,0
2780_image_2780.jpg,1
2781_image_2781.jpg,1
2782_image_2782.jpg,1
2783_image_2783.jpg,1
2784_image_2784.jpg,1
2785_image_2785.jpg,1
2786_image_2786.jpg,0
2787_image_2787.jpg,1
2788_image_2788.jpg,1
2789_image_2789.jpg,1
2790_image_2790.jpg,1
2791_image_2791.jpg,1
2792_image_2792.jpg,0
2793_image_2793.jpg,1
2794_image_2794.jpg,0
2795_image_2795.jpg,1
2796_image_2796.jpg,1
2797_image_2797.jpg,1
2798_image_2798.jpg,1
2799_image_2799.jpg,0
2800_image_2800.jpg,1
2801_image_2801.jpg,1
2802_image_2802.jpg,1
2803_image_2803.jpg,1
2804_image_2804.jpg,0
2805_image_2805.jpg,0
2806_image_2806.jpg,1
2807_image_2807.jpg,1
2808_image_2808.jpg,1
2809_image_2809.jpg,0
2810_image_2810.jpg,1
2811_image_2811.jpg,1
2812_image_2812.jpg,1
2813_image_2813.jpg,1
2814_image_2814.jpg,1
2815_image_2815.jpg,1
2816_image_2816.jpg,1
2817_image_2817.jpg,1
2818_image_2818.jpg,1
2819_image_2819.jpg,1
2820_image_2820.jpg,1
2821_image_2821.jpg,1
2822_image_2822.jpg,0
2823_image_2823.jpg,1
2824_image_2824.jpg,1
2825_image_2825.jpg,0
2826_image_2826.jpg,1
2827_image_2827.jpg,1
2828_image_2828.jpg,1
2829_image_2829.jpg,1
2830_image_2830.jpg,1
2831_image_2831.jpg,0
2832_image_2832.jpg,1
2833_image_2833.jpg,0
2834_image_2834.jpg,1
2835_image_2835.jpg,0
2836_image_2836.jpg,1
2837_image_2837.jpg,1
2838_image_2838.jpg,0
2839_image_2839.jpg,1
2840_image_2840.jpg,1
2841_image_2841.jpg,0
2842_image_2842.jpg,1
2843_image_2843.jpg,1
2844_image_2844.jpg,1
2845_image_2845.jpg,1
2846_image_2846.jpg,1
2847_image_2847.jpg,0
2848_image_2848.jpg,1
2849_image_2849.jpg,0
2850_image_2850.jpg,1
2851_image_2851.jpg,0
2852_image_2852.jpg,1
2853_image_2853.jpg,1
2854_image_2854.jpg,1
2855_image_2855.jpg,1
2856_image_2856.jpg,0
2857_image_2857.jpg,0
2858_image_2858.jpg,1
2859_image_2859.jpg,0
2860_image_2860.jpg,1
2861_image_2861.jpg,1
2862_image_2862.jpg,0
2863_image_2863.jpg,1
2864_image_2864.jpg,1
2865_image_2865.jpg,0
2866_image_2866.jpg,1
2867_image_2867.jpg,1
2868_image_2868.jpg,1
2869_image_2869.jpg,1
2870_image_2870.jpg,0
2871_image_2871.jpg,1
2872_image_2872.jpg,0
2873_image_2873.jpg,1
2874_image_2874.jpg,1
2875_image_2875.jpg,1
2876_image_2876.jpg,1
2877_image_2877.jpg,1
2878_image_2878.jpg,1
2879_image_2879.jpg,1
2880_image_2880.jpg,1
2881_image_2881.jpg,0
2882_image_2882.jpg,0
2883_image_2883.jpg,0
2884_image_2884.jpg,1
2885_image_2885.jpg,1
2886_image_2886.jpg,1
2887_image_2887.jpg,1
2888_image_2888.jpg,1
2889_image_2889.jpg,1
2890_image_2890.jpg,1
2891_image_2891.jpg,1
2892_image_2892.jpg,1
2893_image_2893.jpg,1
2894_image_2894.jpg,1
2895_image_2895.jpg,1
2896_image_2896.jpg,1
2897_image_2897.jpg,1
2898_image_2898.jpg,0
2899_image_2899.jpg,1
2900_image_2900.jpg,1
2901_image_2901.jpg,1
2902_image_2902.jpg,1
2903_image_2903.jpg,0
2904_image_2904.jpg,0
2905_image_2905.jpg,1
2906_image_2906.jpg,0
2907_image_2907.jpg,1
2908_image_2908.jpg,1
2909_image_2909.jpg,1
2910_image_2910.jpg,1
2911_image_2911.jpg,0
2912_image_2912.jpg,0
2913_image_2913.jpg,1
2914_image_2914.jpg,0
2915_image_2915.jpg,1
2916_image_2916.jpg,0
2917_image_2917.jpg,1
2918_image_2918.jpg,0
2919_image_2919.jpg,1
2920_image_2920.jpg,1
2921_image_2921.jpg,1
2922_image_2922.jpg,0
2923_image_2923.jpg,0
2924_image_2924.jpg,1
2925_image_2925.jpg,0
2926_image_2926.jpg,1
2927_image_2927.jpg,0
2928_image_2928.jpg,1
2929_image_2929.jpg,0
2930_image_2930.jpg,1
2931_image_2931.jpg,1
2932_image_2932.jpg,1
2933_image_2933.jpg,0
2934_image_2934.jpg,1
2935_image_2935.jpg,1
2936_image_2936.jpg,1
2937_image_2937.jpg,1
2938_image_2938.jpg,0
2939_image_2939.jpg,1
2940_image_2940.jpg,1
2941_image_2941.jpg,1
2942_image_2942.jpg,1
2943_image_2943.jpg,0
2944_image_2944.jpg,1
2945_image_2945.jpg,1
2946_image_2946.jpg,1
2947_image_2947.jpg,1
2948_image_2948.jpg,1
2949_image_2949.jpg,1
2950_image_2950.jpg,1
2951_image_2951.jpg,1
2952_image_2952.jpg,1
2953_image_2953.jpg,1
2954_image_2954.jpg,1
2955_image_2955.jpg,1
2956_image_2956.jpg,1
2957_image_2957.jpg,1
2958_image_2958.jpg,1
2959_image_2959.jpg,0
2960_image_2960.jpg,1
2961_image_2961.jpg,1
2962_image_2962.jpg,1
2963_image_2963.jpg,1
2964_image_2964.jpg,1
2965_image_2965.jpg,0
2966_image_2966.jpg,1
2967_image_2967.jpg,0
2968_image_2968.jpg,0
2969_image_2969.jpg,1
2970_image_2970.jpg,1
2971_image_2971.jpg,0
2972_image_2972.jpg,1
2973_image_2973.jpg,1
2974_image_2974.jpg,0
2975_image_2975.jpg,1
2976_image_2976.jpg,1
2977_image_2977.jpg,1
2978_image_2978.jpg,1
2979_image_2979.jpg,1
2980_image_2980.jpg,1
2981_image_2981.jpg,0
2982_image_2982.jpg,0
2983_image_2983.jpg,1
2984_image_2984.jpg,1
2985_image_2985.jpg,1
2986_image_2986.jpg,1
2987_image_2987.jpg,1
2988_image_2988.jpg,1
2989_image_2989.jpg,1
2990_image_2990.jpg,1
2991_image_2991.jpg,1
2992_image_2992.jpg,1
2993_image_2993.jpg,1
2994_image_2994.jpg,1
2995_image_2995.jpg,0
2996_image_2996.jpg,1
2997_image_2997.jpg,0
2998_image_2998.jpg,1
2999_image_2999.jpg,0
3000_image_3000.jpg,1
3001_image_3001.jpg,1
3002_image_3002.jpg,1
3003_image_3003.jpg,1
3004_image_3004.jpg,1
3005_image_3005.jpg,1
3006_image_3006.jpg,0
3007_image_3007.jpg,1
3008_image_3008.jpg,0
3009_image_3009.jpg,0
3010_image_3010.jpg,1
3011_image_3011.jpg,1
3012_image_3012.jpg,1
3013_image_3013.jpg,1
3014_image_3014.jpg,0
3015_image_3015.jpg,1
3016_image_3016.jpg,1
3017_image_3017.jpg,1
3018_image_3018.jpg,1
3019_image_3019.jpg,0
3020_image_3020.jpg,0
3021_image_3021.jpg,0
3022_image_3022.jpg,0
3023_image_3023.jpg,1
3024_image_3024.jpg,1
3025_image_3025.jpg,1
3026_image_3026.jpg,1
3027_image_3027.jpg,1
3028_image_3028.jpg,1
3029_image_3029.jpg,1
3030_image_3030.jpg,1
3031_image_3031.jpg,1
3032_image_3032.jpg,1
3033_image_3033.jpg,1
3034_image_3034.jpg,1
3035_image_3035.jpg,0
3036_image_3036.jpg,1
3037_image_3037.jpg,1
3038_image_3038.jpg,1
3039_image_3039.jpg,1
3040_image_3040.jpg,1
3041_image_3041.jpg,1
3042_image_3042.jpg,0
3043_image_3043.jpg,1
3044_image_3044.jpg,1
3045_image_3045.jpg,1
3046_image_3046.jpg,1
3047_image_3047.jpg,1
3048_image_3048.jpg,1
3049_image_3049.jpg,0
3050_image_3050.jpg,0
3051_image_3051.jpg,1
3052_image_3052.jpg,1
3053_image_3053.jpg,0
3054_image_3054.jpg,0
3055_image_3055.jpg,1
3056_image_3056.jpg,1
3057_image_3057.jpg,1
3058_image_3058.jpg,1
3059_image_3059.jpg,1
3060_image_3060.jpg,1
3061_image_3061.jpg,1
3062_image_3062.jpg,1
3063_image_3063.jpg,1
3064_image_3064.jpg,1
3065_image_3065.jpg,0
3066_image_3066.jpg,1
3067_image_3067.jpg,0
3068_image_3068.jpg,0
3069_image_3069.jpg,1
3070_image_3070.jpg,0
3071_image_3071.jpg,1
3072_image_3072.jpg,0
3073_image_3073.jpg,0
3074_image_3074.jpg,1
3075_image_3075.jpg,1
3076_image_3076.jpg,1
3077_image_3077.jpg,0
3078_image_3078.jpg,1
3079_image_3079.jpg,1
3080_image_3080.jpg,1
3081_image_3081.jpg,0
3082_image_3082.jpg,1
3083_image_3083.jpg,1
3084_image_3084.jpg,1
3085_image_3085.jpg,1
3086_image_3086.jpg,0
3087_image_3087.jpg,0
3088_image_3088.jpg,0
3089_image_3089.jpg,1
3090_image_3090.jpg,0
3091_image_3091.jpg,1
3092_image_3092.jpg,1
3093_image_3093.jpg,1
3094_image_3094.jpg,1
3095_image_3095.jpg,0
3096_image_3096.jpg,0
3097_image_3097.jpg,1
3098_image_3098.jpg,1
3099_image_3099.jpg,1
3100_image_3100.jpg,1
3101_image_3101.jpg,1
3102_image_3102.jpg,1
3103_image_3103.jpg,0
3104_image_3104.jpg,1
3105_image_3105.jpg,1
3106_image_3106.jpg,0
3107_image_3107.jpg,1
3108_image_3108.jpg,0
3109_image_3109.jpg,1
3110_image_3110.jpg,0
3111_image_3111.jpg,1
3112_image_3112.jpg,0
3113_image_3113.jpg,1
3114_image_3114.jpg,0
3115_image_3115.jpg,0
3116_image_3116.jpg,1
3117_image_3117.jpg,1
3118_image_3118.jpg,0
3119_image_3119.jpg,0
3120_image_3120.jpg,1
3121_image_3121.jpg,1
3122_image_3122.jpg,1
3123_image_3123.jpg,0
3124_image_3124.jpg,1
3125_image_3125.jpg,1
3126_image_3126.jpg,1
3127_image_3127.jpg,1
3128_image_3128.jpg,0
3129_image_3129.jpg,1
3130_image_3130.jpg,1
3131_image_3131.jpg,1
3132_image_3132.jpg,1
3133_image_3133.jpg,0
3134_image_3134.jpg,0
3135_image_3135.jpg,1
3136_image_3136.jpg,0
3137_image_3137.jpg,1
3138_image_3138.jpg,1
3139_image_3139.jpg,1
3140_image_3140.jpg,1
3141_image_3141.jpg,1
3142_image_3142.jpg,1
3143_image_3143.jpg,1
3144_image_3144.jpg,1
3145_image_3145.jpg,0
3146_image_3146.jpg,1
3147_image_3147.jpg,1
3148_image_3148.jpg,1
3149_image_3149.jpg,1
3150_image_3150.jpg,0
3151_image_3151.jpg,1
3152_image_3152.jpg,0
3153_image_3153.jpg,1
3154_image_3154.jpg,1
3155_image_3155.jpg,0
3156_image_3156.jpg,0
3157_image_3157.jpg,0
3158_image_3158.jpg,0
3159_image_3159.jpg,1
3160_image_3160.jpg,1
3161_image_3161.jpg,1
3162_image_3162.jpg,1
3163_image_3163.jpg,1
3164_image_3164.jpg,1
3165_image_3165.jpg,0
3166_image_3166.jpg,1
3167_image_3167.jpg,1
3168_image_3168.jpg,0
3169_image_3169.jpg,1
3170_image_3170.jpg,0
3171_image_3171.jpg,0
3172_image_3172.jpg,1
3173_image_3173.jpg,1
3174_image_3174.jpg,1
3175_image_3175.jpg,1
3176_image_3176.jpg,1
3177_image_3177.jpg,1
3178_image_3178.jpg,1
3179_image_3179.jpg,1
3180_image_3180.jpg,1
3181_image_3181.jpg,1
3182_image_3182.jpg,1
3183_image_3183.jpg,1
3184_image_3184.jpg,1
3185_image_3185.jpg,1
3186_image_3186.jpg,1
3187_image_3187.jpg,1
3188_image_3188.jpg,1
3189_image_3189.jpg,0
3190_image_3190.jpg,1
3191_image_3191.jpg,0
3192_image_3192.jpg,1
3193_image_3193.jpg,1
3194_image_3194.jpg,1
3195_image_3195.jpg,0
3196_image_3196.jpg,1
3197_image_3197.jpg,1
3198_image_3198.jpg,0
3199_image_3199.jpg,1
3200_image_3200.jpg,1
3201_image_3201.jpg,1
3202_image_3202.jpg,1
3203_image_3203.jpg,1
3204_image_3204.jpg,1
3205_image_3205.jpg,0
3206_image_3206.jpg,0
3207_image_3207.jpg,1
3208_image_3208.jpg,1
3209_image_3209.jpg,0
3210_image_3210.jpg,1
3211_image_3211.jpg,1
3212_image_3212.jpg,1
3213_image_3213.jpg,0
3214_image_3214.jpg,0
3215_image_3215.jpg,0
3216_image_3216.jpg,1
3217_image_3217.jpg,1
3218_image_3218.jpg,0
3219_image_3219.jpg,0
3220_image_3220.jpg,0
3221_image_3221.jpg,0
3222_image_3222.jpg,1
3223_image_3223.jpg,0
3224_image_3224.jpg,1
3225_image_3225.jpg,0
3226_image_3226.jpg,0
3227_image_3227.jpg,1
3228_image_3228.jpg,1
3229_image_3229.jpg,0
3230_image_3230.jpg,1
3231_image_3231.jpg,1
3232_image_3232.jpg,1
3233_image_3233.jpg,0
3234_image_3234.jpg,0
3235_image_3235.jpg,1
3236_image_3236.jpg,1
3237_image_3237.jpg,0
3238_image_3238.jpg,1
3239_image_3239.jpg,1
3240_image_3240.jpg,0
3241_image_3241.jpg,1
3242_image_3242.jpg,1
3243_image_3243.jpg,0
3244_image_3244.jpg,1
3245_image_3245.jpg,1
3246_image_3246.jpg,1
3247_image_3247.jpg,1
3248_image_3248.jpg,0
3249_image_3249.jpg,0
3250_image_3250.jpg,0
3251_image_3251.jpg,0
3252_image_3252.jpg,1
3253_image_3253.jpg,1
3254_image_3254.jpg,1
3255_image_3255.jpg,0
3256_image_3256.jpg,1
3257_image_3257.jpg,1
3258_image_3258.jpg,1
3259_image_3259.jpg,1
3260_image_3260.jpg,0
3261_image_3261.jpg,0
3262_image_3262.jpg,0
3263_image_3263.jpg,1
3264_image_3264.jpg,0
3265_image_3265.jpg,1
3266_image_3266.jpg,1
3267_image_3267.jpg,1
3268_image_3268.jpg,1
3269_image_3269.jpg,1
3270_image_3270.jpg,1
3271_image_3271.jpg,1
3272_image_3272.jpg,1
3273_image_3273.jpg,1
3274_image_3274.jpg,1
3275_image_3275.jpg,1
3276_image_3276.jpg,0
3277_image_3277.jpg,0
3278_image_3278.jpg,1
3279_image_3279.jpg,0
3280_image_3280.jpg,0
3281_image_3281.jpg,1
3282_image_3282.jpg,1
3283_image_3283.jpg,0
3284_image_3284.jpg,1
3285_image_3285.jpg,1
3286_image_3286.jpg,1
3287_image_3287.jpg,1
3288_image_3288.jpg,1
3289_image_3289.jpg,1
3290_image_3290.jpg,0
3291_image_3291.jpg,0
3292_image_3292.jpg,1
3293_image_3293.jpg,1
3294_image_3294.jpg,1
3295_image_3295.jpg,1
3296_image_3296.jpg,1
3297_image_3297.jpg,0
3298_image_3298.jpg,0
3299_image_3299.jpg,1
3300_image_3300.jpg,1
3301_image_3301.jpg,1
3302_image_3302.jpg,0
3303_image_3303.jpg,1
3304_image_3304.jpg,1
3305_image_3305.jpg,1
3306_image_3306.jpg,1
3307_image_3307.jpg,0
3308_image_3308.jpg,0
3309_image_3309.jpg,1
3310_image_3310.jpg,1
3311_image_3311.jpg,1
3312_image_3312.jpg,0
3313_image_3313.jpg,0
3314_image_3314.jpg,0
3315_image_3315.jpg,0
3316_image_3316.jpg,1
3317_image_3317.jpg,0
3318_image_3318.jpg,1
3319_image_3319.jpg,1
3320_image_3320.jpg,1
3321_image_3321.jpg,0
3322_image_3322.jpg,1
3323_image_3323.jpg,0
3324_image_3324.jpg,1
3325_image_3325.jpg,1
3326_image_3326.jpg,1
3327_image_3327.jpg,1
3328_image_3328.jpg,0
3329_image_3329.jpg,1
3330_image_3330.jpg,0
3331_image_3331.jpg,1
3332_image_3332.jpg,0
3333_image_3333.jpg,1
3334_image_3334.jpg,1
3335_image_3335.jpg,1
3336_image_3336.jpg,1
3337_image_3337.jpg,1
3338_image_3338.jpg,1
3339_image_3339.jpg,1
3340_image_3340.jpg,1
3341_image_3341.jpg,0
3342_image_3342.jpg,1
3343_image_3343.jpg,0
3344_image_3344.jpg,0
3345_image_3345.jpg,1
3346_image_3346.jpg,0
3347_image_3347.jpg,1
3348_image_3348.jpg,1
3349_image_3349.jpg,0
3350_image_3350.jpg,1
3351_image_3351.jpg,1
3352_image_3352.jpg,1
3353_image_3353.jpg,0
3354_image_3354.jpg,0
3355_image_3355.jpg,1
3356_image_3356.jpg,1
3357_image_3357.jpg,0
3358_image_3358.jpg,1
3359_image_3359.jpg,1
3360_image_3360.jpg,0
3361_image_3361.jpg,0
3362_image_3362.jpg,0
3363_image_3363.jpg,1
3364_image_3364.jpg,0
3365_image_3365.jpg,0
3366_image_3366.jpg,1
3367_image_3367.jpg,1
3368_image_3368.jpg,1
3369_image_3369.jpg,0
3370_image_3370.jpg,1
3371_image_3371.jpg,1
3372_image_3372.jpg,1
3373_image_3373.jpg,1
3374_image_3374.jpg,1
3375_image_3375.jpg,1
3376_image_3376.jpg,0
3377_image_3377.jpg,1
3378_image_3378.jpg,1
3379_image_3379.jpg,1
3380_image_3380.jpg,0
3381_image_3381.jpg,1
3382_image_3382.jpg,1
3383_image_3383.jpg,0
3384_image_3384.jpg,0
3385_image_3385.jpg,1
3386_image_3386.jpg,1
3387_image_3387.jpg,1
3388_image_3388.jpg,1
3389_image_3389.jpg,1
3390_image_3390.jpg,1
3391_image_3391.jpg,1
3392_image_3392.jpg,1
3393_image_3393.jpg,0
3394_image_3394.jpg,1
3395_image_3395.jpg,1
3396_image_3396.jpg,0
3397_image_3397.jpg,1
3398_image_3398.jpg,1
3399_image_3399.jpg,0
3400_image_3400.jpg,0
3401_image_3401.jpg,1
3402_image_3402.jpg,1
3403_image_3403.jpg,1
3404_image_3404.jpg,1
3405_image_3405.jpg,1
3406_image_3406.jpg,1
3407_image_3407.jpg,1
3408_image_3408.jpg,1
3409_image_3409.jpg,1
3410_image_3410.jpg,0
3411_image_3411.jpg,0
3412_image_3412.jpg,1
3413_image_3413.jpg,1
3414_image_3414.jpg,1
3415_image_3415.jpg,1
3416_image_3416.jpg,1
3417_image_3417.jpg,1
3418_image_3418.jpg,0
3419_image_3419.jpg,1
3420_image_3420.jpg,1
3421_image_3421.jpg,0
3422_image_3422.jpg,0
3423_image_3423.jpg,1
3424_image_3424.jpg,1
3425_image_3425.jpg,1
3426_image_3426.jpg,1
3427_image_3427.jpg,0
3428_image_3428.jpg,1
3429_image_3429.jpg,1
3430_image_3430.jpg,0
3431_image_3431.jpg,1
3432_image_3432.jpg,0
3433_image_3433.jpg,1
3434_image_3434.jpg,1
3435_image_3435.jpg,1
3436_image_3436.jpg,1
3437_image_3437.jpg,0
3438_image_3438.jpg,0
3439_image_3439.jpg,1
3440_image_3440.jpg,1
3441_image_3441.jpg,0
3442_image_3442.jpg,0
3443_image_3443.jpg,0
3444_image_3444.jpg,1
3445_image_3445.jpg,1
3446_image_3446.jpg,0
3447_image_3447.jpg,1
3448_image_3448.jpg,1
3449_image_3449.jpg,1
3450_image_3450.jpg,1
3451_image_3451.jpg,1
3452_image_3452.jpg,1
3453_image_3453.jpg,1
3454_image_3454.jpg,0
3455_image_3455.jpg,1
3456_image_3456.jpg,0
3457_image_3457.jpg,1
3458_image_3458.jpg,0
3459_image_3459.jpg,0
3460_image_3460.jpg,0
3461_image_3461.jpg,1
3462_image_3462.jpg,1
3463_image_3463.jpg,1
3464_image_3464.jpg,1
3465_image_3465.jpg,0
3466_image_3466.jpg,1
3467_image_3467.jpg,1
3468_image_3468.jpg,1
3469_image_3469.jpg,1
3470_image_3470.jpg,1
3471_image_3471.jpg,1
3472_image_3472.jpg,1
3473_image_3473.jpg,0
3474_image_3474.jpg,0
3475_image_3475.jpg,1
3476_image_3476.jpg,1
3477_image_3477.jpg,1
3478_image_3478.jpg,1
3479_image_3479.jpg,1
3480_image_3480.jpg,1
3481_image_3481.jpg,1
3482_image_3482.jpg,1
3483_image_3483.jpg,1
3484_image_3484.jpg,1
3485_image_3485.jpg,1
3486_image_3486.jpg,1
3487_image_3487.jpg,1
3488_image_3488.jpg,0
3489_image_3489.jpg,0
3490_image_3490.jpg,1
3491_image_3491.jpg,1
3492_image_3492.jpg,1
3493_image_3493.jpg,1
3494_image_3494.jpg,0
3495_image_3495.jpg,1
3496_image_3496.jpg,1
3497_image_3497.jpg,1
3498_image_3498.jpg,1
3499_image_3499.jpg,0
3500_image_3500.jpg,1
3501_image_3501.jpg,1
3502_image_3502.jpg,1
3503_image_3503.jpg,1
3504_image_3504.jpg,1
3505_image_3505.jpg,1
3506_image_3506.jpg,1
3507_image_3507.jpg,1
3508_image_3508.jpg,0
3509_image_3509.jpg,1
3510_image_3510.jpg,0
3511_image_3511.jpg,0
3512_image_3512.jpg,1
3513_image_3513.jpg,1
3514_image_3514.jpg,1
3515_image_3515.jpg,1
3516_image_3516.jpg,1
3517_image_3517.jpg,1
3518_image_3518.jpg,1
3519_image_3519.jpg,1
3520_image_3520.jpg,1
3521_image_3521.jpg,1
3522_image_3522.jpg,1
3523_image_3523.jpg,1
3524_image_3524.jpg,0
3525_image_3525.jpg,1
3526_image_3526.jpg,1
3527_image_3527.jpg,1
3528_image_3528.jpg,1
3529_image_3529.jpg,1
3530_image_3530.jpg,1
3531_image_3531.jpg,0
3532_image_3532.jpg,1
3533_image_3533.jpg,1
3534_image_3534.jpg,0
3535_image_3535.jpg,1
3536_image_3536.jpg,1
3537_image_3537.jpg,0
3538_image_3538.jpg,0
3539_image_3539.jpg,1
3540_image_3540.jpg,1
3541_image_3541.jpg,0
3542_image_3542.jpg,0
3543_image_3543.jpg,1
3544_image_3544.jpg,0
3545_image_3545.jpg,0
3546_image_3546.jpg,0
3547_image_3547.jpg,1
3548_image_3548.jpg,0
3549_image_3549.jpg,1
3550_image_3550.jpg,1
3551_image_3551.jpg,1
3552_image_3552.jpg,1
3553_image_3553.jpg,1
3554_image_3554.jpg,1
3555_image_3555.jpg,1
3556_image_3556.jpg,1
3557_image_3557.jpg,0
3558_image_3558.jpg,1
3559_image_3559.jpg,0
3560_image_3560.jpg,1
3561_image_3561.jpg,0
3562_image_3562.jpg,1
3563_image_3563.jpg,1
3564_image_3564.jpg,0
3565_image_3565.jpg,0
3566_image_3566.jpg,1
3567_image_3567.jpg,0
3568_image_3568.jpg,1
3569_image_3569.jpg,1
3570_image_3570.jpg,1
3571_image_3571.jpg,1
3572_image_3572.jpg,1
3573_image_3573.jpg,1
3574_image_3574.jpg,1
3575_image_3575.jpg,0
3576_image_3576.jpg,0
3577_image_3577.jpg,1
3578_image_3578.jpg,1
3579_image_3579.jpg,1
3580_image_3580.jpg,1
3581_image_3581.jpg,1
3582_image_3582.jpg,1
3583_image_3583.jpg,1
3584_image_3584.jpg,1
3585_image_3585.jpg,0
3586_image_3586.jpg,1
3587_image_3587.jpg,1
3588_image_3588.jpg,0
3589_image_3589.jpg,0
3590_image_3590.jpg,1
3591_image_3591.jpg,1
3592_image_3592.jpg,1
3593_image_3593.jpg,1
3594_image_3594.jpg,1
3595_image_3595.jpg,0
3596_image_3596.jpg,1
3597_image_3597.jpg,1
3598_image_3598.jpg,1
3599_image_3599.jpg,0
3600_image_3600.jpg,1
3601_image_3601.jpg,1
3602_image_3602.jpg,1
3603_image_3603.jpg,0
3604_image_3604.jpg,0
3605_image_3605.jpg,1
3606_image_3606.jpg,1
3607_image_3607.jpg,0
3608_image_3608.jpg,0
3609_image_3609.jpg,1
3610_image_3610.jpg,0
3611_image_3611.jpg,1
3612_image_3612.jpg,0
3613_image_3613.jpg,1
3614_image_3614.jpg,1
3615_image_3615.jpg,1
3616_image_3616.jpg,0
3617_image_3617.jpg,1
3618_image_3618.jpg,0
3619_image_3619.jpg,0
3620_image_3620.jpg,1
3621_image_3621.jpg,0
3622_image_3622.jpg,1
3623_image_3623.jpg,1
3624_image_3624.jpg,1
3625_image_3625.jpg,1
3626_image_3626.jpg,1
3627_image_3627.jpg,0
3628_image_3628.jpg,0
3629_image_3629.jpg,1
3630_image_3630.jpg,0
3631_image_3631.jpg,1
3632_image_3632.jpg,1
3633_image_3633.jpg,0
3634_image_3634.jpg,1
3635_image_3635.jpg,1
3636_image_3636.jpg,1
3637_image_3637.jpg,1
3638_image_3638.jpg,1
3639_image_3639.jpg,1
3640_image_3640.jpg,0
3641_image_3641.jpg,0
3642_image_3642.jpg,1
3643_image_3643.jpg,0
3644_image_3644.jpg,1
3645_image_3645.jpg,0
3646_image_3646.jpg,0
3647_image_3647.jpg,1
3648_image_3648.jpg,1
3649_image_3649.jpg,0
3650_image_3650.jpg,0
3651_image_3651.jpg,1
3652_image_3652.jpg,1
3653_image_3653.jpg,0
3654_image_3654.jpg,0
3655_image_3655.jpg,1
3656_image_3656.jpg,0
3657_image_3657.jpg,1
3658_image_3658.jpg,1
3659_image_3659.jpg,0
3660_image_3660.jpg,0
3661_image_3661.jpg,1
3662_image_3662.jpg,0
3663_image_3663.jpg,1
3664_image_3664.jpg,1
3665_image_3665.jpg,1
3666_image_3666.jpg,1
3667_image_3667.jpg,1
3668_image_3668.jpg,0
3669_image_3669.jpg,1
3670_image_3670.jpg,1
3671_image_3671.jpg,1
3672_image_3672.jpg,1
3673_image_3673.jpg,1
3674_image_3674.jpg,1
3675_image_3675.jpg,0
3676_image_3676.jpg,1
3677_image_3677.jpg,1
3678_image_3678.jpg,1
3679_image_3679.jpg,1
3680_image_3680.jpg,0
3681_image_3681.jpg,0
3682_image_3682.jpg,1
3683_image_3683.jpg,0
3684_image_3684.jpg,1
3685_image_3685.jpg,1
3686_image_3686.jpg,0
3687_image_3687.jpg,1
3688_image_3688.jpg,1
3689_image_3689.jpg,1
3690_image_3690.jpg,1
3691_image_3691.jpg,0
3692_image_3692.jpg,1
3693_image_3693.jpg,0
3694_image_3694.jpg,0
3695_image_3695.jpg,0
3696_image_3696.jpg,0
3697_image_3697.jpg,0
3698_image_3698.jpg,1
3699_image_3699.jpg,1
3700_image_3700.jpg,0
3701_image_3701.jpg,1
3702_image_3702.jpg,0
3703_image_3703.jpg,0
3704_image_3704.jpg,1
3705_image_3705.jpg,1
3706_image_3706.jpg,1
3707_image_3707.jpg,1
3708_image_3708.jpg,1
3709_image_3709.jpg,1
3710_image_3710.jpg,1
3711_image_3711.jpg,0
3712_image_3712.jpg,1
3713_image_3713.jpg,0
3714_image_3714.jpg,1
3715_image_3715.jpg,0
3716_image_3716.jpg,1
3717_image_3717.jpg,1
3718_image_3718.jpg,0
3719_image_3719.jpg,1
3720_image_3720.jpg,1
3721_image_3721.jpg,0
3722_image_3722.jpg,0
3723_image_3723.jpg,1
3724_image_3724.jpg,0
3725_image_3725.jpg,1
3726_image_3726.jpg,0
3727_image_3727.jpg,1
3728_image_3728.jpg,1
3729_image_3729.jpg,1
3730_image_3730.jpg,0
3731_image_3731.jpg,1
3732_image_3732.jpg,1
3733_image_3733.jpg,1
3734_image_3734.jpg,1
3735_image_3735.jpg,1
3736_image_3736.jpg,1
3737_image_3737.jpg,0
3738_image_3738.jpg,1
3739_image_3739.jpg,0
3740_image_3740.jpg,0
3741_image_3741.jpg,1
3742_image_3742.jpg,0
3743_image_3743.jpg,1
3744_image_3744.jpg,1
3745_image_3745.jpg,1
3746_image_3746.jpg,1
3747_image_3747.jpg,1
3748_image_3748.jpg,1
3749_image_3749.jpg,1
3750_image_3750.jpg,0
3751_image_3751.jpg,1
3752_image_3752.jpg,0
3753_image_3753.jpg,1
3754_image_3754.jpg,1
3755_image_3755.jpg,1
3756_image_3756.jpg,0
3757_image_3757.jpg,0
3758_image_3758.jpg,0
3759_image_3759.jpg,1
3760_image_3760.jpg,1
3761_image_3761.jpg,1
3762_image_3762.jpg,1
3763_image_3763.jpg,1
3764_image_3764.jpg,0
3765_image_3765.jpg,1
3766_image_3766.jpg,0
3767_image_3767.jpg,0
3768_image_3768.jpg,1
3769_image_3769.jpg,1
3770_image_3770.jpg,1
3771_image_3771.jpg,1
3772_image_3772.jpg,0
3773_image_3773.jpg,1
3774_image_3774.jpg,1
3775_image_3775.jpg,1
3776_image_3776.jpg,1
3777_image_3777.jpg,1
3778_image_3778.jpg,1
3779_image_3779.jpg,1
3780_image_3780.jpg,1
3781_image_3781.jpg,1
3782_image_3782.jpg,0
3783_image_3783.jpg,0
3784_image_3784.jpg,1
3785_image_3785.jpg,1
3786_image_3786.jpg,0
3787_image_3787.jpg,1
3788_image_3788.jpg,1
3789_image_3789.jpg,0
3790_image_3790.jpg,1
3791_image_3791.jpg,1
3792_image_3792.jpg,1
3793_image_3793.jpg,1
3794_image_3794.jpg,1
3795_image_3795.jpg,1
3796_image_3796.jpg,1
3797_image_3797.jpg,0
3798_image_3798.jpg,1
3799_image_3799.jpg,1
3800_image_3800.jpg,0
3801_image_3801.jpg,0
3802_image_3802.jpg,1
3803_image_3803.jpg,1
3804_image_3804.jpg,0
3805_image_3805.jpg,1
3806_image_3806.jpg,0
3807_image_3807.jpg,1
3808_image_3808.jpg,1
3809_image_3809.jpg,0
3810_image_3810.jpg,1
3811_image_3811.jpg,1
3812_image_3812.jpg,1
3813_image_3813.jpg,1
3814_image_3814.jpg,1
3815_image_3815.jpg,1
3816_image_3816.jpg,0
3817_image_3817.jpg,0
3818_image_3818.jpg,1
3819_image_3819.jpg,0
3820_image_3820.jpg,1
3821_image_3821.jpg,1
3822_image_3822.jpg,1
3823_image_3823.jpg,1
3824_image_3824.jpg,1
3825_image_3825.jpg,0
3826_image_3826.jpg,1
3827_image_3827.jpg,1
3828_image_3828.jpg,0
3829_image_3829.jpg,1
3830_image_3830.jpg,1
3831_image_3831.jpg,1
3832_image_3832.jpg,1
3833_image_3833.jpg,1
3834_image_3834.jpg,1
3835_image_3835.jpg,1
3836_image_3836.jpg,1
3837_image_3837.jpg,0
3838_image_3838.jpg,0
3839_image_3839.jpg,1
3840_image_3840.jpg,1
3841_image_3841.jpg,1
3842_image_3842.jpg,0
3843_image_3843.jpg,1
3844_image_3844.jpg,1
3845_image_3845.jpg,1
3846_image_3846.jpg,0
3847_image_3847.jpg,0
3848_image_3848.jpg,1
3849_image_3849.jpg,0
3850_image_3850.jpg,0
3851_image_3851.jpg,1
3852_image_3852.jpg,0
3853_image_3853.jpg,1
3854_image_3854.jpg,0
3855_image_3855.jpg,1
3856_image_3856.jpg,1
3857_image_3857.jpg,1
3858_image_3858.jpg,1
3859_image_3859.jpg,1
3860_image_3860.jpg,1
3861_image_3861.jpg,1
3862_image_3862.jpg,1
3863_image_3863.jpg,1
3864_image_3864.jpg,1
3865_image_3865.jpg,1
3866_image_3866.jpg,1
3867_image_3867.jpg,1
3868_image_3868.jpg,1
3869_image_3869.jpg,1
3870_image_3870.jpg,1
3871_image_3871.jpg,1
3872_image_3872.jpg,1
3873_image_3873.jpg,1
3874_image_3874.jpg,1
3875_image_3875.jpg,1
3876_image_3876.jpg,1
3877_image_3877.jpg,0
3878_image_3878.jpg,0
3879_image_3879.jpg,1
3880_image_3880.jpg,1
3881_image_3881.jpg,1
3882_image_3882.jpg,1
3883_image_3883.jpg,1
3884_image_3884.jpg,1
3885_image_3885.jpg,0
3886_image_3886.jpg,1
3887_image_3887.jpg,1
3888_image_3888.jpg,1
3889_image_3889.jpg,1
3890_image_3890.jpg,1
3891_image_3891.jpg,1
3892_image_3892.jpg,1
3893_image_3893.jpg,1
3894_image_3894.jpg,1
3895_image_3895.jpg,1
3896_image_3896.jpg,1
3897_image_3897.jpg,0
3898_image_3898.jpg,1
3899_image_3899.jpg,1
3900_image_3900.jpg,0
3901_image_3901.jpg,1
3902_image_3902.jpg,1
3903_image_3903.jpg,0
3904_image_3904.jpg,1
3905_image_3905.jpg,1
3906_image_3906.jpg,1
3907_image_3907.jpg,1
3908_image_3908.jpg,1
3909_image_3909.jpg,0
3910_image_3910.jpg,1
3911_image_3911.jpg,1
3912_image_3912.jpg,1
3913_image_3913.jpg,1
3914_image_3914.jpg,1
3915_image_3915.jpg,1
3916_image_3916.jpg,1
3917_image_3917.jpg,1
3918_image_3918.jpg,1
3919_image_3919.jpg,1
3920_image_3920.jpg,1
3921_image_3921.jpg,0
3922_image_3922.jpg,1
3923_image_3923.jpg,0
3924_image_3924.jpg,1
3925_image_3925.jpg,1
3926_image_3926.jpg,0
3927_image_3927.jpg,1
3928_image_3928.jpg,1
3929_image_3929.jpg,1
3930_image_3930.jpg,1
3931_image_3931.jpg,0
3932_image_3932.jpg,1
3933_image_3933.jpg,1
3934_image_3934.jpg,1
3935_image_3935.jpg,1
3936_image_3936.jpg,1
3937_image_3937.jpg,1
3938_image_3938.jpg,1
3939_image_3939.jpg,0
3940_image_3940.jpg,1
3941_image_3941.jpg,1
3942_image_3942.jpg,1
3943_image_3943.jpg,0
3944_image_3944.jpg,1
3945_image_3945.jpg,1
3946_image_3946.jpg,1
3947_image_3947.jpg,1
3948_image_3948.jpg,1
3949_image_3949.jpg,1
3950_image_3950.jpg,1
3951_image_3951.jpg,1
3952_image_3952.jpg,0
3953_image_3953.jpg,1
3954_image_3954.jpg,1
3955_image_3955.jpg,1
3956_image_3956.jpg,0
3957_image_3957.jpg,1
3958_image_3958.jpg,1
3959_image_3959.jpg,0
3960_image_3960.jpg,1
3961_image_3961.jpg,0
3962_image_3962.jpg,0
3963_image_3963.jpg,0
3964_image_3964.jpg,0
3965_image_3965.jpg,1
3966_image_3966.jpg,1
3967_image_3967.jpg,1
3968_image_3968.jpg,1
3969_image_3969.jpg,1
3970_image_3970.jpg,1
3971_image_3971.jpg,1
3972_image_3972.jpg,0
3973_image_3973.jpg,1
3974_image_3974.jpg,1
3975_image_3975.jpg,1
3976_image_3976.jpg,1
3977_image_3977.jpg,1
3978_image_3978.jpg,1
3979_image_3979.jpg,1
3980_image_3980.jpg,1
3981_image_3981.jpg,0
3982_image_3982.jpg,1
3983_image_3983.jpg,0
3984_image_3984.jpg,1
3985_image_3985.jpg,1
3986_image_3986.jpg,1
3987_image_3987.jpg,1
3988_image_3988.jpg,1
3989_image_3989.jpg,1
3990_image_3990.jpg,1
3991_image_3991.jpg,1
3992_image_3992.jpg,0
3993_image_3993.jpg,0
3994_image_3994.jpg,1
3995_image_3995.jpg,1
3996_image_3996.jpg,0
3997_image_3997.jpg,1
3998_image_3998.jpg,1
3999_image_3999.jpg,1
4000_image_4000.jpg,1
4001_image_4001.jpg,0
4002_image_4002.jpg,0
4003_image_4003.jpg,0
4004_image_4004.jpg,0
4005_image_4005.jpg,1
4006_image_4006.jpg,0
4007_image_4007.jpg,0
4008_image_4008.jpg,0
4009_image_4009.jpg,1
4010_image_4010.jpg,1
4011_image_4011.jpg,1
4012_image_4012.jpg,0
4013_image_4013.jpg,1
4014_image_4014.jpg,1
4015_image_4015.jpg,1
4016_image_4016.jpg,0
4017_image_4017.jpg,0
4018_image_4018.jpg,1
4019_image_4019.jpg,1
4020_image_4020.jpg,0
4021_image_4021.jpg,1
4022_image_4022.jpg,1
4023_image_4023.jpg,1
4024_image_4024.jpg,1
4025_image_4025.jpg,1
4026_image_4026.jpg,1
4027_image_4027.jpg,1
4028_image_4028.jpg,1
4029_image_4029.jpg,1
4030_image_4030.jpg,0
4031_image_4031.jpg,1
4032_image_4032.jpg,1
4033_image_4033.jpg,1
4034_image_4034.jpg,1
4035_image_4035.jpg,1
4036_image_4036.jpg,1
4037_image_4037.jpg,1
4038_image_4038.jpg,0
4039_image_4039.jpg,1
4040_image_4040.jpg,1
4041_image_4041.jpg,1
4042_image_4042.jpg,0
4043_image_4043.jpg,1
4044_image_4044.jpg,1
4045_image_4045.jpg,1
4046_image_4046.jpg,0
4047_image_4047.jpg,0
4048_image_4048.jpg,1
4049_image_4049.jpg,1
4050_image_4050.jpg,1
4051_image_4051.jpg,1
4052_image_4052.jpg,1
4053_image_4053.jpg,1
4054_image_4054.jpg,0
4055_image_4055.jpg,0
4056_image_4056.jpg,1
4057_image_4057.jpg,1
4058_image_4058.jpg,0
4059_image_4059.jpg,1
4060_image_4060.jpg,1
4061_image_4061.jpg,0
4062_image_4062.jpg,1
4063_image_4063.jpg,1
4064_image_4064.jpg,0
4065_image_4065.jpg,0
4066_image_4066.jpg,0
4067_image_4067.jpg,0
4068_image_4068.jpg,1
4069_image_4069.jpg,1
4070_image_4070.jpg,1
4071_image_4071.jpg,1
4072_image_4072.jpg,1
4073_image_4073.jpg,0
4074_image_4074.jpg,1
4075_image_4075.jpg,1
4076_image_4076.jpg,1
4077_image_4077.jpg,1
4078_image_4078.jpg,1
4079_image_4079.jpg,1
4080_image_4080.jpg,0
4081_image_4081.jpg,1
4082_image_4082.jpg,1
4083_image_4083.jpg,0
4084_image_4084.jpg,0
4085_image_4085.jpg,0
4086_image_4086.jpg,0
4087_image_4087.jpg,0
4088_image_4088.jpg,1
4089_image_4089.jpg,1
4090_image_4090.jpg,1
4091_image_4091.jpg,1
4092_image_4092.jpg,0
4093_image_4093.jpg,0
4094_image_4094.jpg,1
4095_image_4095.jpg,1
4096_image_4096.jpg,0
4097_image_4097.jpg,0
4098_image_4098.jpg,1
4099_image_4099.jpg,0
4100_image_4100.jpg,1
4101_image_4101.jpg,0
4102_image_4102.jpg,1
4103_image_4103.jpg,0
4104_image_4104.jpg,0
4105_image_4105.jpg,0
4106_image_4106.jpg,1
4107_image_4107.jpg,1
4108_image_4108.jpg,0
4109_image_4109.jpg,0
4110_image_4110.jpg,1
4111_image_4111.jpg,1
4112_image_4112.jpg,0
4113_image_4113.jpg,0
4114_image_4114.jpg,1
4115_image_4115.jpg,1
4116_image_4116.jpg,0
4117_image_4117.jpg,1
4118_image_4118.jpg,1
4119_image_4119.jpg,0
4120_image_4120.jpg,1
4121_image_4121.jpg,1
4122_image_4122.jpg,1
4123_image_4123.jpg,0
4124_image_4124.jpg,0
4125_image_4125.jpg,0
4126_image_4126.jpg,1
4127_image_4127.jpg,1
4128_image_4128.jpg,1
4129_image_4129.jpg,0
4130_image_4130.jpg,0
4131_image_4131.jpg,1
4132_image_4132.jpg,0
4133_image_4133.jpg,1
4134_image_4134.jpg,1
4135_image_4135.jpg,1
4136_image_4136.jpg,1
4137_image_4137.jpg,1
4138_image_4138.jpg,0
4139_image_4139.jpg,0
4140_image_4140.jpg,0
4141_image_4141.jpg,1
4142_image_4142.jpg,1
4143_image_4143.jpg,1
4144_image_4144.jpg,0
4145_image_4145.jpg,0
4146_image_4146.jpg,0
4147_image_4147.jpg,1
4148_image_4148.jpg,0
4149_image_4149.jpg,1
4150_image_4150.jpg,1
4151_image_4151.jpg,0
4152_image_4152.jpg,1
4153_image_4153.jpg,0
4154_image_4154.jpg,0
4155_image_4155.jpg,0
4156_image_4156.jpg,1
4157_image_4157.jpg,1
4158_image_4158.jpg,0
4159_image_4159.jpg,1
4160_image_4160.jpg,1
4161_image_4161.jpg,1
4162_image_4162.jpg,0
4163_image_4163.jpg,1
4164_image_4164.jpg,1
4165_image_4165.jpg,1
4166_image_4166.jpg,0
4167_image_4167.jpg,1
4168_image_4168.jpg,1
4169_image_4169.jpg,1
4170_image_4170.jpg,1
4171_image_4171.jpg,1
4172_image_4172.jpg,0
4173_image_4173.jpg,0
4174_image_4174.jpg,0
4175_image_4175.jpg,0
4176_image_4176.jpg,1
4177_image_4177.jpg,1
4178_image_4178.jpg,1
4179_image_4179.jpg,1
4180_image_4180.jpg,0
4181_image_4181.jpg,1
4182_image_4182.jpg,1
4183_image_4183.jpg,1
4184_image_4184.jpg,0
4185_image_4185.jpg,1
4186_image_4186.jpg,1
4187_image_4187.jpg,1
4188_image_4188.jpg,1
4189_image_4189.jpg,0
4190_image_4190.jpg,1
4191_image_4191.jpg,0
4192_image_4192.jpg,1
4193_image_4193.jpg,1
4194_image_4194.jpg,1
4195_image_4195.jpg,1
4196_image_4196.jpg,1
4197_image_4197.jpg,1
4198_image_4198.jpg,1
4199_image_4199.jpg,1
4200_image_4200.jpg,0
4201_image_4201.jpg,0
4202_image_4202.jpg,0
4203_image_4203.jpg,1
4204_image_4204.jpg,0
4205_image_4205.jpg,0
4206_image_4206.jpg,1
4207_image_4207.jpg,0
4208_image_4208.jpg,1
4209_image_4209.jpg,0
4210_image_4210.jpg,1
4211_image_4211.jpg,1
4212_image_4212.jpg,0
4213_image_4213.jpg,1
4214_image_4214.jpg,1
4215_image_4215.jpg,0
4216_image_4216.jpg,1
4217_image_4217.jpg,1
4218_image_4218.jpg,1
4219_image_4219.jpg,1
4220_image_4220.jpg,1
4221_image_4221.jpg,1
4222_image_4222.jpg,1
4223_image_4223.jpg,0
4224_image_4224.jpg,0
4225_image_4225.jpg,0
4226_image_4226.jpg,1
4227_image_4227.jpg,1
4228_image_4228.jpg,0
4229_image_4229.jpg,0
4230_image_4230.jpg,1
4231_image_4231.jpg,0
4232_image_4232.jpg,0
4233_image_4233.jpg,1
4234_image_4234.jpg,1
4235_image_4235.jpg,1
4236_image_4236.jpg,1
4237_image_4237.jpg,1
4238_image_4238.jpg,0
4239_image_4239.jpg,1
4240_image_4240.jpg,1
4241_image_4241.jpg,1
4242_image_4242.jpg,1
4243_image_4243.jpg,1
4244_image_4244.jpg,1
4245_image_4245.jpg,1
4246_image_4246.jpg,0
4247_image_4247.jpg,1
4248_image_4248.jpg,1
4249_image_4249.jpg,0
4250_image_4250.jpg,1
4251_image_4251.jpg,1
4252_image_4252.jpg,1
4253_image_4253.jpg,0
4254_image_4254.jpg,1
4255_image_4255.jpg,1
4256_image_4256.jpg,0
4257_image_4257.jpg,0
4258_image_4258.jpg,0
4259_image_4259.jpg,1
4260_image_4260.jpg,1
4261_image_4261.jpg,1
4262_image_4262.jpg,1
4263_image_4263.jpg,1
4264_image_4264.jpg,0
4265_image_4265.jpg,1
4266_image_4266.jpg,1
4267_image_4267.jpg,0
4268_image_4268.jpg,1
4269_image_4269.jpg,1
4270_image_4270.jpg,1
4271_image_4271.jpg,0
4272_image_4272.jpg,0
4273_image_4273.jpg,1
4274_image_4274.jpg,1
4275_image_4275.jpg,1
4276_image_4276.jpg,0
4277_image_4277.jpg,1
4278_image_4278.jpg,0
4279_image_4279.jpg,1
4280_image_4280.jpg,0
4281_image_4281.jpg,0
4282_image_4282.jpg,0
4283_image_4283.jpg,1
4284_image_4284.jpg,1
4285_image_4285.jpg,1
4286_image_4286.jpg,0
4287_image_4287.jpg,1
4288_image_4288.jpg,0
4289_image_4289.jpg,0
4290_image_4290.jpg,1
4291_image_4291.jpg,1
4292_image_4292.jpg,1
4293_image_4293.jpg,0
4294_image_4294.jpg,1
4295_image_4295.jpg,1
4296_image_4296.jpg,1
4297_image_4297.jpg,1
4298_image_4298.jpg,1
4299_image_4299.jpg,1
4300_image_4300.jpg,0
4301_image_4301.jpg,0
4302_image_4302.jpg,0
4303_image_4303.jpg,1
4304_image_4304.jpg,0
4305_image_4305.jpg,1
4306_image_4306.jpg,0
4307_image_4307.jpg,1
4308_image_4308.jpg,1
4309_image_4309.jpg,0
4310_image_4310.jpg,0
4311_image_4311.jpg,0
4312_image_4312.jpg,1
4313_image_4313.jpg,0
4314_image_4314.jpg,1
4315_image_4315.jpg,0
4316_image_4316.jpg,0
4317_image_4317.jpg,1
4318_image_4318.jpg,1
4319_image_4319.jpg,1
4320_image_4320.jpg,0
4321_image_4321.jpg,0
4322_image_4322.jpg,1
4323_image_4323.jpg,1
4324_image_4324.jpg,1
4325_image_4325.jpg,0
4326_image_4326.jpg,1
4327_image_4327.jpg,1
4328_image_4328.jpg,1
4329_image_4329.jpg,1
4330_image_4330.jpg,1
4331_image_4331.jpg,1
4332_image_4332.jpg,1
4333_image_4333.jpg,0
4334_image_4334.jpg,1
4335_image_4335.jpg,1
4336_image_4336.jpg,1
4337_image_4337.jpg,0
4338_image_4338.jpg,1
4339_image_4339.jpg,1
4340_image_4340.jpg,1
4341_image_4341.jpg,0
4342_image_4342.jpg,1
4343_image_4343.jpg,0
4344_image_4344.jpg,1
4345_image_4345.jpg,1
4346_image_4346.jpg,1
4347_image_4347.jpg,0
4348_image_4348.jpg,1
4349_image_4349.jpg,0
4350_image_4350.jpg,1
4351_image_4351.jpg,1
4352_image_4352.jpg,0
4353_image_4353.jpg,1
4354_image_4354.jpg,0
4355_image_4355.jpg,1
4356_image_4356.jpg,1
4357_image_4357.jpg,1
4358_image_4358.jpg,0
4359_image_4359.jpg,1
4360_image_4360.jpg,1
4361_image_4361.jpg,0
4362_image_4362.jpg,1
4363_image_4363.jpg,0
4364_image_4364.jpg,1
4365_image_4365.jpg,0
4366_image_4366.jpg,0
4367_image_4367.jpg,1
4368_image_4368.jpg,1
4369_image_4369.jpg,1
4370_image_4370.jpg,1
4371_image_4371.jpg,1
4372_image_4372.jpg,0
4373_image_4373.jpg,0
4374_image_4374.jpg,0
4375_image_4375.jpg,1
4376_image_4376.jpg,0
4377_image_4377.jpg,0
4378_image_4378.jpg,0
4379_image_4379.jpg,1
4380_image_4380.jpg,1
4381_image_4381.jpg,0
4382_image_4382.jpg,0
4383_image_4383.jpg,1
4384_image_4384.jpg,1
4385_image_4385.jpg,0
4386_image_4386.jpg,1
4387_image_4387.jpg,0
4388_image_4388.jpg,1
4389_image_4389.jpg,1
4390_image_4390.jpg,1
4391_image_4391.jpg,1
4392_image_4392.jpg,0
4393_image_4393.jpg,1
4394_image_4394.jpg,1
4395_image_4395.jpg,0
4396_image_4396.jpg,1
4397_image_4397.jpg,0
4398_image_4398.jpg,1
4399_image_4399.jpg,1
4400_image_4400.jpg,0
4401_image_4401.jpg,1
4402_image_4402.jpg,1
4403_image_4403.jpg,1
4404_image_4404.jpg,1
4405_image_4405.jpg,0
4406_image_4406.jpg,1
4407_image_4407.jpg,0
4408_image_4408.jpg,0
4409_image_4409.jpg,1
4410_image_4410.jpg,1
4411_image_4411.jpg,1
4412_image_4412.jpg,1
4413_image_4413.jpg,0
4414_image_4414.jpg,1
4415_image_4415.jpg,0
4416_image_4416.jpg,1
4417_image_4417.jpg,1
4418_image_4418.jpg,0
4419_image_4419.jpg,1
4420_image_4420.jpg,0
4421_image_4421.jpg,1
4422_image_4422.jpg,1
4423_image_4423.jpg,0
4424_image_4424.jpg,0
4425_image_4425.jpg,1
4426_image_4426.jpg,1
4427_image_4427.jpg,1
4428_image_4428.jpg,1
4429_image_4429.jpg,0
4430_image_4430.jpg,1
4431_image_4431.jpg,0
4432_image_4432.jpg,1
4433_image_4433.jpg,1
4434_image_4434.jpg,1
4435_image_4435.jpg,1
4436_image_4436.jpg,1
4437_image_4437.jpg,1
4438_image_4438.jpg,0
4439_image_4439.jpg,1
4440_image_4440.jpg,0
4441_image_4441.jpg,0
4442_image_4442.jpg,1
4443_image_4443.jpg,0
4444_image_4444.jpg,1
4445_image_4445.jpg,1
4446_image_4446.jpg,1
4447_image_4447.jpg,1
4448_image_4448.jpg,1
4449_image_4449.jpg,1
4450_image_4450.jpg,1
4451_image_4451.jpg,1
4452_image_4452.jpg,1
4453_image_4453.jpg,0
4454_image_4454.jpg,0
4455_image_4455.jpg,1
4456_image_4456.jpg,1
4457_image_4457.jpg,1
4458_image_4458.jpg,0
4459_image_4459.jpg,1
4460_image_4460.jpg,1
4461_image_4461.jpg,0
4462_image_4462.jpg,1
4463_image_4463.jpg,1
4464_image_4464.jpg,0
4465_image_4465.jpg,1
4466_image_4466.jpg,0
4467_image_4467.jpg,1
4468_image_4468.jpg,1
4469_image_4469.jpg,1
4470_image_4470.jpg,1
4471_image_4471.jpg,1
4472_image_4472.jpg,1
4473_image_4473.jpg,1
4474_image_4474.jpg,1
4475_image_4475.jpg,1
4476_image_4476.jpg,0
4477_image_4477.jpg,1
4478_image_4478.jpg,1
4479_image_4479.jpg,1
4480_image_4480.jpg,1
4481_image_4481.jpg,0
4482_image_4482.jpg,1
4483_image_4483.jpg,0
4484_image_4484.jpg,1
4485_image_4485.jpg,1
4486_image_4486.jpg,1
4487_image_4487.jpg,1
4488_image_4488.jpg,1
4489_image_4489.jpg,0
4490_image_4490.jpg,1
4491_image_4491.jpg,1
4492_image_4492.jpg,1
4493_image_4493.jpg,1
4494_image_4494.jpg,0
4495_image_4495.jpg,1
4496_image_4496.jpg,1
4497_image_4497.jpg,1
4498_image_4498.jpg,1
4499_image_4499.jpg,1
4500_image_4500.jpg,0
4501_image_4501.jpg,1
4502_image_4502.jpg,0
4503_image_4503.jpg,1
4504_image_4504.jpg,0
4505_image_4505.jpg,1
4506_image_4506.jpg,1
4507_image_4507.jpg,1
4508_image_4508.jpg,1
4509_image_4509.jpg,0
4510_image_4510.jpg,1
4511_image_4511.jpg,0
4512_image_4512.jpg,0
4513_image_4513.jpg,1
4514_image_4514.jpg,1
4515_image_4515.jpg,1
4516_image_4516.jpg,1
4517_image_4517.jpg,0
4518_image_4518.jpg,1
4519_image_4519.jpg,1
4520_image_4520.jpg,1
4521_image_4521.jpg,1
4522_image_4522.jpg,1
4523_image_4523.jpg,0
4524_image_4524.jpg,1
4525_image_4525.jpg,0
4526_image_4526.jpg,0
4527_image_4527.jpg,0
4528_image_4528.jpg,1
4529_image_4529.jpg,1
4530_image_4530.jpg,1
4531_image_4531.jpg,1
4532_image_4532.jpg,0
4533_image_4533.jpg,1
4534_image_4534.jpg,0
4535_image_4535.jpg,0
4536_image_4536.jpg,1
4537_image_4537.jpg,0
4538_image_4538.jpg,1
4539_image_4539.jpg,0
4540_image_4540.jpg,0
4541_image_4541.jpg,0
4542_image_4542.jpg,1
4543_image_4543.jpg,0
4544_image_4544.jpg,1
4545_image_4545.jpg,0
4546_image_4546.jpg,0
4547_image_4547.jpg,0
4548_image_4548.jpg,1
4549_image_4549.jpg,0
4550_image_4550.jpg,1
4551_image_4551.jpg,1
4552_image_4552.jpg,1
4553_image_4553.jpg,1
4554_image_4554.jpg,1
4555_image_4555.jpg,1
4556_image_4556.jpg,1
4557_image_4557.jpg,1
4558_image_4558.jpg,1
4559_image_4559.jpg,1
4560_image_4560.jpg,1
4561_image_4561.jpg,0
4562_image_4562.jpg,1
4563_image_4563.jpg,1
4564_image_4564.jpg,1
4565_image_4565.jpg,1
4566_image_4566.jpg,0
4567_image_4567.jpg,0
4568_image_4568.jpg,1
4569_image_4569.jpg,1
4570_image_4570.jpg,1
4571_image_4571.jpg,1
4572_image_4572.jpg,1
4573_image_4573.jpg,1
4574_image_4574.jpg,0
4575_image_4575.jpg,1
4576_image_4576.jpg,1
4577_image_4577.jpg,0
4578_image_4578.jpg,1
4579_image_4579.jpg,1
4580_image_4580.jpg,0
4581_image_4581.jpg,1
4582_image_4582.jpg,0
4583_image_4583.jpg,0
4584_image_4584.jpg,1
4585_image_4585.jpg,1
4586_image_4586.jpg,1
4587_image_4587.jpg,1
4588_image_4588.jpg,1
4589_image_4589.jpg,1
4590_image_4590.jpg,1
4591_image_4591.jpg,1
4592_image_4592.jpg,1
4593_image_4593.jpg,0
4594_image_4594.jpg,1
4595_image_4595.jpg,1
4596_image_4596.jpg,0
4597_image_4597.jpg,0
4598_image_4598.jpg,1
4599_image_4599.jpg,1
4600_image_4600.jpg,0
4601_image_4601.jpg,0
4602_image_4602.jpg,1
4603_image_4603.jpg,0
4604_image_4604.jpg,1
4605_image_4605.jpg,1
4606_image_4606.jpg,0
4607_image_4607.jpg,1
4608_image_4608.jpg,1
4609_image_4609.jpg,1
4610_image_4610.jpg,0
4611_image_4611.jpg,1
4612_image_4612.jpg,1
4613_image_4613.jpg,0
4614_image_4614.jpg,0
4615_image_4615.jpg,0
4616_image_4616.jpg,1
4617_image_4617.jpg,0
4618_image_4618.jpg,1
4619_image_4619.jpg,1
4620_image_4620.jpg,1
4621_image_4621.jpg,1
4622_image_4622.jpg,1
4623_image_4623.jpg,1
4624_image_4624.jpg,1
4625_image_4625.jpg,1
4626_image_4626.jpg,1
4627_image_4627.jpg,1
4628_image_4628.jpg,1
4629_image_4629.jpg,0
4630_image_4630.jpg,0
4631_image_4631.jpg,0
4632_image_4632.jpg,1
4633_image_4633.jpg,1
4634_image_4634.jpg,1
4635_image_4635.jpg,1
4636_image_4636.jpg,1
4637_image_4637.jpg,1
4638_image_4638.jpg,1
4639_image_4639.jpg,1
4640_image_4640.jpg,1
4641_image_4641.jpg,0
4642_image_4642.jpg,1
4643_image_4643.jpg,0
4644_image_4644.jpg,1
4645_image_4645.jpg,1
4646_image_4646.jpg,1
4647_image_4647.jpg,1
4648_image_4648.jpg,1
4649_image_4649.jpg,0
4650_image_4650.jpg,1
4651_image_4651.jpg,1
4652_image_4652.jpg,1
4653_image_4653.jpg,1
4654_image_4654.jpg,1
4655_image_4655.jpg,1
4656_image_4656.jpg,1
4657_image_4657.jpg,1
4658_image_4658.jpg,1
4659_image_4659.jpg,0
4660_image_4660.jpg,1
4661_image_4661.jpg,0
4662_image_4662.jpg,1
4663_image_4663.jpg,0
4664_image_4664.jpg,1
4665_image_4665.jpg,0
4666_image_4666.jpg,1
4667_image_4667.jpg,1
4668_image_4668.jpg,0
4669_image_4669.jpg,1
4670_image_4670.jpg,1
4671_image_4671.jpg,0
4672_image_4672.jpg,1
4673_image_4673.jpg,0
4674_image_4674.jpg,0
4675_image_4675.jpg,0
4676_image_4676.jpg,1
4677_image_4677.jpg,0
4678_image_4678.jpg,1
4679_image_4679.jpg,1
4680_image_4680.jpg,1
4681_image_4681.jpg,1
4682_image_4682.jpg,1
4683_image_4683.jpg,0
4684_image_4684.jpg,1
4685_image_4685.jpg,1
4686_image_4686.jpg,1
4687_image_4687.jpg,0
4688_image_4688.jpg,1
4689_image_4689.jpg,1
4690_image_4690.jpg,0
4691_image_4691.jpg,1
4692_image_4692.jpg,1
4693_image_4693.jpg,0
4694_image_4694.jpg,0
4695_image_4695.jpg,1
4696_image_4696.jpg,1
4697_image_4697.jpg,1
4698_image_4698.jpg,1
4699_image_4699.jpg,1
4700_image_4700.jpg,1
4701_image_4701.jpg,1
4702_image_4702.jpg,0
4703_image_4703.jpg,0
4704_image_4704.jpg,1
4705_image_4705.jpg,1
4706_image_4706.jpg,1
4707_image_4707.jpg,0
4708_image_4708.jpg,1
4709_image_4709.jpg,0
4710_image_4710.jpg,0
4711_image_4711.jpg,1
4712_image_4712.jpg,1
4713_image_4713.jpg,0
4714_image_4714.jpg,0
4715_image_4715.jpg,1
4716_image_4716.jpg,1
4717_image_4717.jpg,0
4718_image_4718.jpg,1
4719_image_4719.jpg,1
4720_image_4720.jpg,1
4721_image_4721.jpg,1
4722_image_4722.jpg,0
4723_image_4723.jpg,1
4724_image_4724.jpg,1
4725_image_4725.jpg,1
4726_image_4726.jpg,0
4727_image_4727.jpg,1
4728_image_4728.jpg,1
4729_image_4729.jpg,0
4730_image_4730.jpg,1
4731_image_4731.jpg,1
4732_image_4732.jpg,0
4733_image_4733.jpg,1
4734_image_4734.jpg,1
4735_image_4735.jpg,1
4736_image_4736.jpg,1
4737_image_4737.jpg,0
4738_image_4738.jpg,0
4739_image_4739.jpg,1
4740_image_4740.jpg,0
4741_image_4741.jpg,1
4742_image_4742.jpg,1
4743_image_4743.jpg,1
4744_image_4744.jpg,1
4745_image_4745.jpg,0
4746_image_4746.jpg,0
4747_image_4747.jpg,1
4748_image_4748.jpg,1
4749_image_4749.jpg,1
4750_image_4750.jpg,1
4751_image_4751.jpg,1
4752_image_4752.jpg,1
4753_image_4753.jpg,1
4754_image_4754.jpg,1
4755_image_4755.jpg,0
4756_image_4756.jpg,1
4757_image_4757.jpg,1
4758_image_4758.jpg,1
4759_image_4759.jpg,1
4760_image_4760.jpg,0
4761_image_4761.jpg,0
4762_image_4762.jpg,1
4763_image_4763.jpg,1
4764_image_4764.jpg,1
4765_image_4765.jpg,1
4766_image_4766.jpg,1
4767_image_4767.jpg,0
4768_image_4768.jpg,1
4769_image_4769.jpg,1
4770_image_4770.jpg,1
4771_image_4771.jpg,1
4772_image_4772.jpg,0
4773_image_4773.jpg,1
4774_image_4774.jpg,1
4775_image_4775.jpg,1
4776_image_4776.jpg,1
4777_image_4777.jpg,0
4778_image_4778.jpg,1
4779_image_4779.jpg,1
4780_image_4780.jpg,1
4781_image_4781.jpg,1
4782_image_4782.jpg,0
4783_image_4783.jpg,0
4784_image_4784.jpg,1
4785_image_4785.jpg,1
4786_image_4786.jpg,0
4787_image_4787.jpg,1
4788_image_4788.jpg,1
4789_image_4789.jpg,1
4790_image_4790.jpg,0
4791_image_4791.jpg,1
4792_image_4792.jpg,1
4793_image_4793.jpg,0
4794_image_4794.jpg,1
4795_image_4795.jpg,1
4796_image_4796.jpg,0
4797_image_4797.jpg,1
4798_image_4798.jpg,0
4799_image_4799.jpg,1
4800_image_4800.jpg,1
4801_image_4801.jpg,1
4802_image_4802.jpg,1
4803_image_4803.jpg,1
4804_image_4804.jpg,1
4805_image_4805.jpg,1
4806_image_4806.jpg,0
4807_image_4807.jpg,1
4808_image_4808.jpg,0
4809_image_4809.jpg,1
4810_image_4810.jpg,1
4811_image_4811.jpg,1
4812_image_4812.jpg,1
4813_image_4813.jpg,1
4814_image_4814.jpg,1
4815_image_4815.jpg,1
4816_image_4816.jpg,0
4817_image_4817.jpg,1
4818_image_4818.jpg,0
4819_image_4819.jpg,1
4820_image_4820.jpg,1
4821_image_4821.jpg,1
4822_image_4822.jpg,1
4823_image_4823.jpg,0
4824_image_4824.jpg,1
4825_image_4825.jpg,1
4826_image_4826.jpg,1
4827_image_4827.jpg,1
4828_image_4828.jpg,0
4829_image_4829.jpg,1
4830_image_4830.jpg,1
4831_image_4831.jpg,0
4832_image_4832.jpg,0
4833_image_4833.jpg,1
4834_image_4834.jpg,1
4835_image_4835.jpg,0
4836_image_4836.jpg,1
4837_image_4837.jpg,1
4838_image_4838.jpg,0
4839_image_4839.jpg,0
4840_image_4840.jpg,0
4841_image_4841.jpg,1
4842_image_4842.jpg,0
4843_image_4843.jpg,1
4844_image_4844.jpg,1
4845_image_4845.jpg,0
4846_image_4846.jpg,1
4847_image_4847.jpg,0
4848_image_4848.jpg,0
4849_image_4849.jpg,1
4850_image_4850.jpg,1
4851_image_4851.jpg,0
4852_image_4852.jpg,1
4853_image_4853.jpg,1
4854_image_4854.jpg,1
4855_image_4855.jpg,1
4856_image_4856.jpg,0
4857_image_4857.jpg,1
4858_image_4858.jpg,1
4859_image_4859.jpg,1
4860_image_4860.jpg,1
4861_image_4861.jpg,1
4862_image_4862.jpg,1
4863_image_4863.jpg,1
4864_image_4864.jpg,1
4865_image_4865.jpg,1
4866_image_4866.jpg,1
4867_image_4867.jpg,1
4868_image_4868.jpg,0
4869_image_4869.jpg,0
4870_image_4870.jpg,0
4871_image_4871.jpg,1
4872_image_4872.jpg,1
4873_image_4873.jpg,1
4874_image_4874.jpg,1
4875_image_4875.jpg,1
4876_image_4876.jpg,0
4877_image_4877.jpg,0
4878_image_4878.jpg,1
4879_image_4879.jpg,0
4880_image_4880.jpg,0
4881_image_4881.jpg,0
4882_image_4882.jpg,1
4883_image_4883.jpg,1
4884_image_4884.jpg,1
4885_image_4885.jpg,1
4886_image_4886.jpg,1
4887_image_4887.jpg,1
4888_image_4888.jpg,1
4889_image_4889.jpg,1
4890_image_4890.jpg,0
4891_image_4891.jpg,1
4892_image_4892.jpg,1
4893_image_4893.jpg,0
4894_image_4894.jpg,1
4895_image_4895.jpg,0
4896_image_4896.jpg,0
4897_image_4897.jpg,1
4898_image_4898.jpg,1
4899_image_4899.jpg,1
4900_image_4900.jpg,0
4901_image_4901.jpg,1
4902_image_4902.jpg,0
4903_image_4903.jpg,1
4904_image_4904.jpg,1
4905_image_4905.jpg,1
4906_image_4906.jpg,1
